ISO-10303-21;
HEADER;
/* Generated by software containing ST-Developer
 * from STEP Tools, Inc. (www.steptools.com) 
 */
/* OPTION: using custom renumber hook */

FILE_DESCRIPTION(
/* description */ ('STEP AP242 Edition 2',
'CAx-IF Rec.Pracs.---Representation and Presentation of Product Manufa
cturing Information (PMI)---4.0---2014-10-13',
'CAx-IF Rec.Pracs.---3D Tessellated Geometry---0.4---2014-09-14','2;1',
'CAx-IF Rec.Pracs.---User Defined Attributes---1.5---2016-08-15'),
/* implementation_level */ '2;1');

FILE_NAME(
/* name */ '6a9cc4ca805ec26be47a3a83',
/* time_stamp */ '2026-09-06T01:41:31Z',
/* author */ (''),
/* organization */ (''),
/* preprocessor_version */ 'ST-DEVELOPER v20',
/* originating_system */ 'ONSHAPE BY PTC INC, 1.220',
/* authorisation */ '  ');

FILE_SCHEMA (('AP242_MANAGED_MODEL_BASED_3D_ENGINEERING_MIM_LF { 1 0 10303 442 3 1 4 }'));
ENDSEC;

DATA;
#10=CONTEXT_DEPENDENT_SHAPE_REPRESENTATION(#56,#17907);
#11=CONTEXT_DEPENDENT_SHAPE_REPRESENTATION(#57,#17909);
#12=CONTEXT_DEPENDENT_SHAPE_REPRESENTATION(#58,#17911);
#13=CONTEXT_DEPENDENT_SHAPE_REPRESENTATION(#59,#17912);
#14=CONTEXT_DEPENDENT_SHAPE_REPRESENTATION(#60,#17914);
#15=CONTEXT_DEPENDENT_SHAPE_REPRESENTATION(#61,#17915);
#16=CONTEXT_DEPENDENT_SHAPE_REPRESENTATION(#62,#17917);
#17=CONTEXT_DEPENDENT_SHAPE_REPRESENTATION(#63,#17918);
#18=CONTEXT_DEPENDENT_SHAPE_REPRESENTATION(#64,#17919);
#19=CONTEXT_DEPENDENT_SHAPE_REPRESENTATION(#65,#17922);
#20=CONTEXT_DEPENDENT_SHAPE_REPRESENTATION(#66,#17923);
#21=CONTEXT_DEPENDENT_SHAPE_REPRESENTATION(#67,#17924);
#22=CONTEXT_DEPENDENT_SHAPE_REPRESENTATION(#68,#17925);
#23=CONTEXT_DEPENDENT_SHAPE_REPRESENTATION(#69,#17926);
#24=CONTEXT_DEPENDENT_SHAPE_REPRESENTATION(#70,#17927);
#25=CONTEXT_DEPENDENT_SHAPE_REPRESENTATION(#71,#17928);
#26=CONTEXT_DEPENDENT_SHAPE_REPRESENTATION(#72,#17930);
#27=CONTEXT_DEPENDENT_SHAPE_REPRESENTATION(#73,#17931);
#28=CONTEXT_DEPENDENT_SHAPE_REPRESENTATION(#74,#17932);
#29=CONTEXT_DEPENDENT_SHAPE_REPRESENTATION(#75,#17933);
#30=CONTEXT_DEPENDENT_SHAPE_REPRESENTATION(#76,#17934);
#31=CONTEXT_DEPENDENT_SHAPE_REPRESENTATION(#77,#17935);
#32=CONTEXT_DEPENDENT_SHAPE_REPRESENTATION(#78,#17936);
#33=NEXT_ASSEMBLY_USAGE_OCCURRENCE('NAUO1','Part 1','Part 1',#17937,#17938,
'');
#34=NEXT_ASSEMBLY_USAGE_OCCURRENCE('NAUO2','Part 1','Part 1',#17937,#17939,
'');
#35=NEXT_ASSEMBLY_USAGE_OCCURRENCE('NAUO3','Part 1','Part 1',#17937,#17940,
'');
#36=NEXT_ASSEMBLY_USAGE_OCCURRENCE('NAUO4','Part 1','Part 1',#17937,#17940,
'');
#37=NEXT_ASSEMBLY_USAGE_OCCURRENCE('NAUO5','Part 1','Part 1',#17937,#17941,
'');
#38=NEXT_ASSEMBLY_USAGE_OCCURRENCE('NAUO6','Part 1','Part 1',#17937,#17938,
'');
#39=NEXT_ASSEMBLY_USAGE_OCCURRENCE('NAUO7','Part 1','Part 1',#17937,#17942,
'');
#40=NEXT_ASSEMBLY_USAGE_OCCURRENCE('NAUO8','Part 1','Part 1',#17937,#17942,
'');
#41=NEXT_ASSEMBLY_USAGE_OCCURRENCE('NAUO9','Part 1','Part 1',#17937,#17941,
'');
#42=NEXT_ASSEMBLY_USAGE_OCCURRENCE('NAUO10','Part 2','Part 2',#17943,#17944,
'');
#43=NEXT_ASSEMBLY_USAGE_OCCURRENCE('NAUO11','Part 2','Part 2',#17943,#17944,
'');
#44=NEXT_ASSEMBLY_USAGE_OCCURRENCE('NAUO12','Part 1','Part 1',#17943,#17940,
'');
#45=NEXT_ASSEMBLY_USAGE_OCCURRENCE('NAUO13','Assembly 2 <1>',
'Assembly 2 <1>',#17937,#17943,'');
#46=NEXT_ASSEMBLY_USAGE_OCCURRENCE('NAUO14','Part 1','Part 1',#17937,#17939,
'');
#47=NEXT_ASSEMBLY_USAGE_OCCURRENCE('NAUO15','Part 1','Part 1',#17937,#17941,
'');
#48=NEXT_ASSEMBLY_USAGE_OCCURRENCE('NAUO16','Part 1','Part 1',#17937,#17941,
'');
#49=NEXT_ASSEMBLY_USAGE_OCCURRENCE('NAUO17','Part 1','Part 1',#17945,#17940,
'');
#50=NEXT_ASSEMBLY_USAGE_OCCURRENCE('NAUO18','Part 2','Part 2',#17945,#17944,
'');
#51=NEXT_ASSEMBLY_USAGE_OCCURRENCE('NAUO19','Part 2','Part 2',#17945,#17944,
'');
#52=NEXT_ASSEMBLY_USAGE_OCCURRENCE('NAUO20','Assembly 2 <2>',
'Assembly 2 <2>',#17937,#17945,'');
#53=NEXT_ASSEMBLY_USAGE_OCCURRENCE('NAUO21','Part 1','Part 1',#17937,#17938,
'');
#54=NEXT_ASSEMBLY_USAGE_OCCURRENCE('NAUO22','Part 1','Part 1',#17937,#17941,
'');
#55=NEXT_ASSEMBLY_USAGE_OCCURRENCE('NAUO23','Part 1','Part 1',#17937,#17941,
'');
#56=(
REPRESENTATION_RELATIONSHIP(' ',' ',#10655,#10654)
REPRESENTATION_RELATIONSHIP_WITH_TRANSFORMATION(#79)
SHAPE_REPRESENTATION_RELATIONSHIP()
);
#57=(
REPRESENTATION_RELATIONSHIP(' ',' ',#10656,#10654)
REPRESENTATION_RELATIONSHIP_WITH_TRANSFORMATION(#80)
SHAPE_REPRESENTATION_RELATIONSHIP()
);
#58=(
REPRESENTATION_RELATIONSHIP(' ',' ',#10657,#10654)
REPRESENTATION_RELATIONSHIP_WITH_TRANSFORMATION(#81)
SHAPE_REPRESENTATION_RELATIONSHIP()
);
#59=(
REPRESENTATION_RELATIONSHIP(' ',' ',#10657,#10654)
REPRESENTATION_RELATIONSHIP_WITH_TRANSFORMATION(#82)
SHAPE_REPRESENTATION_RELATIONSHIP()
);
#60=(
REPRESENTATION_RELATIONSHIP(' ',' ',#10658,#10654)
REPRESENTATION_RELATIONSHIP_WITH_TRANSFORMATION(#83)
SHAPE_REPRESENTATION_RELATIONSHIP()
);
#61=(
REPRESENTATION_RELATIONSHIP(' ',' ',#10655,#10654)
REPRESENTATION_RELATIONSHIP_WITH_TRANSFORMATION(#84)
SHAPE_REPRESENTATION_RELATIONSHIP()
);
#62=(
REPRESENTATION_RELATIONSHIP(' ',' ',#10659,#10654)
REPRESENTATION_RELATIONSHIP_WITH_TRANSFORMATION(#85)
SHAPE_REPRESENTATION_RELATIONSHIP()
);
#63=(
REPRESENTATION_RELATIONSHIP(' ',' ',#10659,#10654)
REPRESENTATION_RELATIONSHIP_WITH_TRANSFORMATION(#86)
SHAPE_REPRESENTATION_RELATIONSHIP()
);
#64=(
REPRESENTATION_RELATIONSHIP(' ',' ',#10658,#10654)
REPRESENTATION_RELATIONSHIP_WITH_TRANSFORMATION(#87)
SHAPE_REPRESENTATION_RELATIONSHIP()
);
#65=(
REPRESENTATION_RELATIONSHIP(' ',' ',#10661,#10660)
REPRESENTATION_RELATIONSHIP_WITH_TRANSFORMATION(#88)
SHAPE_REPRESENTATION_RELATIONSHIP()
);
#66=(
REPRESENTATION_RELATIONSHIP(' ',' ',#10661,#10660)
REPRESENTATION_RELATIONSHIP_WITH_TRANSFORMATION(#89)
SHAPE_REPRESENTATION_RELATIONSHIP()
);
#67=(
REPRESENTATION_RELATIONSHIP(' ',' ',#10657,#10660)
REPRESENTATION_RELATIONSHIP_WITH_TRANSFORMATION(#90)
SHAPE_REPRESENTATION_RELATIONSHIP()
);
#68=(
REPRESENTATION_RELATIONSHIP(' ',' ',#10660,#10654)
REPRESENTATION_RELATIONSHIP_WITH_TRANSFORMATION(#91)
SHAPE_REPRESENTATION_RELATIONSHIP()
);
#69=(
REPRESENTATION_RELATIONSHIP(' ',' ',#10656,#10654)
REPRESENTATION_RELATIONSHIP_WITH_TRANSFORMATION(#92)
SHAPE_REPRESENTATION_RELATIONSHIP()
);
#70=(
REPRESENTATION_RELATIONSHIP(' ',' ',#10658,#10654)
REPRESENTATION_RELATIONSHIP_WITH_TRANSFORMATION(#93)
SHAPE_REPRESENTATION_RELATIONSHIP()
);
#71=(
REPRESENTATION_RELATIONSHIP(' ',' ',#10658,#10654)
REPRESENTATION_RELATIONSHIP_WITH_TRANSFORMATION(#94)
SHAPE_REPRESENTATION_RELATIONSHIP()
);
#72=(
REPRESENTATION_RELATIONSHIP(' ',' ',#10657,#10662)
REPRESENTATION_RELATIONSHIP_WITH_TRANSFORMATION(#95)
SHAPE_REPRESENTATION_RELATIONSHIP()
);
#73=(
REPRESENTATION_RELATIONSHIP(' ',' ',#10661,#10662)
REPRESENTATION_RELATIONSHIP_WITH_TRANSFORMATION(#96)
SHAPE_REPRESENTATION_RELATIONSHIP()
);
#74=(
REPRESENTATION_RELATIONSHIP(' ',' ',#10661,#10662)
REPRESENTATION_RELATIONSHIP_WITH_TRANSFORMATION(#97)
SHAPE_REPRESENTATION_RELATIONSHIP()
);
#75=(
REPRESENTATION_RELATIONSHIP(' ',' ',#10662,#10654)
REPRESENTATION_RELATIONSHIP_WITH_TRANSFORMATION(#98)
SHAPE_REPRESENTATION_RELATIONSHIP()
);
#76=(
REPRESENTATION_RELATIONSHIP(' ',' ',#10655,#10654)
REPRESENTATION_RELATIONSHIP_WITH_TRANSFORMATION(#99)
SHAPE_REPRESENTATION_RELATIONSHIP()
);
#77=(
REPRESENTATION_RELATIONSHIP(' ',' ',#10658,#10654)
REPRESENTATION_RELATIONSHIP_WITH_TRANSFORMATION(#100)
SHAPE_REPRESENTATION_RELATIONSHIP()
);
#78=(
REPRESENTATION_RELATIONSHIP(' ',' ',#10658,#10654)
REPRESENTATION_RELATIONSHIP_WITH_TRANSFORMATION(#101)
SHAPE_REPRESENTATION_RELATIONSHIP()
);
#79=ITEM_DEFINED_TRANSFORMATION(' ',' ',#10663,#11042);
#80=ITEM_DEFINED_TRANSFORMATION(' ',' ',#10663,#11421);
#81=ITEM_DEFINED_TRANSFORMATION(' ',' ',#10663,#11535);
#82=ITEM_DEFINED_TRANSFORMATION(' ',' ',#10663,#11536);
#83=ITEM_DEFINED_TRANSFORMATION(' ',' ',#10663,#11579);
#84=ITEM_DEFINED_TRANSFORMATION(' ',' ',#10663,#11580);
#85=ITEM_DEFINED_TRANSFORMATION(' ',' ',#10663,#11658);
#86=ITEM_DEFINED_TRANSFORMATION(' ',' ',#10663,#11659);
#87=ITEM_DEFINED_TRANSFORMATION(' ',' ',#10663,#11660);
#88=ITEM_DEFINED_TRANSFORMATION(' ',' ',#10663,#11680);
#89=ITEM_DEFINED_TRANSFORMATION(' ',' ',#10663,#11681);
#90=ITEM_DEFINED_TRANSFORMATION(' ',' ',#10663,#11682);
#91=ITEM_DEFINED_TRANSFORMATION(' ',' ',#10663,#11683);
#92=ITEM_DEFINED_TRANSFORMATION(' ',' ',#10663,#11684);
#93=ITEM_DEFINED_TRANSFORMATION(' ',' ',#10663,#11685);
#94=ITEM_DEFINED_TRANSFORMATION(' ',' ',#10663,#11686);
#95=ITEM_DEFINED_TRANSFORMATION(' ',' ',#10663,#11687);
#96=ITEM_DEFINED_TRANSFORMATION(' ',' ',#10663,#11688);
#97=ITEM_DEFINED_TRANSFORMATION(' ',' ',#10663,#11689);
#98=ITEM_DEFINED_TRANSFORMATION(' ',' ',#10663,#11690);
#99=ITEM_DEFINED_TRANSFORMATION(' ',' ',#10663,#11691);
#100=ITEM_DEFINED_TRANSFORMATION(' ',' ',#10663,#11692);
#101=ITEM_DEFINED_TRANSFORMATION(' ',' ',#10663,#11693);
#102=SHAPE_REPRESENTATION_RELATIONSHIP('','',#10655,#108);
#103=SHAPE_REPRESENTATION_RELATIONSHIP('','',#10656,#109);
#104=SHAPE_REPRESENTATION_RELATIONSHIP('','',#10657,#110);
#105=SHAPE_REPRESENTATION_RELATIONSHIP('','',#10658,#111);
#106=SHAPE_REPRESENTATION_RELATIONSHIP('','',#10659,#112);
#107=SHAPE_REPRESENTATION_RELATIONSHIP('','',#10661,#113);
#108=ADVANCED_BREP_SHAPE_REPRESENTATION('',(#10639),#17885);
#109=ADVANCED_BREP_SHAPE_REPRESENTATION('',(#10640),#17886);
#110=ADVANCED_BREP_SHAPE_REPRESENTATION('',(#10641),#17887);
#111=ADVANCED_BREP_SHAPE_REPRESENTATION('',(#10642),#17888);
#112=ADVANCED_BREP_SHAPE_REPRESENTATION('',(#10643),#17889);
#113=ADVANCED_BREP_SHAPE_REPRESENTATION('',(#10644),#17891);
#114=CIRCLE('',#10666,0.00156999196459185);
#115=CIRCLE('',#10667,0.00156999196459185);
#116=CIRCLE('',#10670,0.00316999486627074);
#117=CIRCLE('',#10671,0.00316999486627074);
#118=CIRCLE('',#10674,0.00156999196459185);
#119=CIRCLE('',#10675,0.00156999196459185);
#120=CIRCLE('',#10678,0.00156999196459185);
#121=CIRCLE('',#10679,0.00156999196459185);
#122=CIRCLE('',#10682,0.000249988717906195);
#123=CIRCLE('',#10683,0.000249988717906195);
#124=CIRCLE('',#10686,0.000249988717906192);
#125=CIRCLE('',#10687,0.000249988717906192);
#126=CIRCLE('',#10690,0.00126998501909761);
#127=CIRCLE('',#10691,0.00126998501909761);
#128=CIRCLE('',#10694,0.000890069237487554);
#129=CIRCLE('',#10695,0.000890069237487554);
#130=CIRCLE('',#10698,0.00474998384379663);
#131=CIRCLE('',#10699,0.00474998384379663);
#132=CIRCLE('',#10702,0.00474998384379663);
#133=CIRCLE('',#10703,0.00474998384379663);
#134=CIRCLE('',#10706,0.000890069237487554);
#135=CIRCLE('',#10707,0.000890069237487554);
#136=CIRCLE('',#10710,0.00126998501909761);
#137=CIRCLE('',#10711,0.00126998501909761);
#138=CIRCLE('',#10714,0.000249988717906192);
#139=CIRCLE('',#10715,0.000249988717906192);
#140=CIRCLE('',#10718,0.000249988717906196);
#141=CIRCLE('',#10719,0.000249988717906196);
#142=CIRCLE('',#10722,0.00156999196459185);
#143=CIRCLE('',#10723,0.00156999196459185);
#144=CIRCLE('',#10726,0.00156999196459185);
#145=CIRCLE('',#10727,0.00156999196459185);
#146=CIRCLE('',#10730,0.00316999486627074);
#147=CIRCLE('',#10731,0.00316999486627074);
#148=CIRCLE('',#10734,0.00156999196459185);
#149=CIRCLE('',#10735,0.00156999196459185);
#150=CIRCLE('',#10738,0.00156999196459185);
#151=CIRCLE('',#10739,0.00156999196459185);
#152=CIRCLE('',#10742,0.000249988717906195);
#153=CIRCLE('',#10743,0.000249988717906195);
#154=CIRCLE('',#10746,0.000249988717906192);
#155=CIRCLE('',#10747,0.000249988717906192);
#156=CIRCLE('',#10750,0.00126998501909761);
#157=CIRCLE('',#10751,0.00126998501909761);
#158=CIRCLE('',#10754,0.000890069237487554);
#159=CIRCLE('',#10755,0.000890069237487554);
#160=CIRCLE('',#10758,0.00474998384379663);
#161=CIRCLE('',#10759,0.00474998384379663);
#162=CIRCLE('',#10762,0.00474998384379663);
#163=CIRCLE('',#10763,0.00474998384379663);
#164=CIRCLE('',#10766,0.000890069237487554);
#165=CIRCLE('',#10767,0.000890069237487554);
#166=CIRCLE('',#10770,0.00126998501909761);
#167=CIRCLE('',#10771,0.00126998501909761);
#168=CIRCLE('',#10774,0.000249988717906192);
#169=CIRCLE('',#10775,0.000249988717906192);
#170=CIRCLE('',#10778,0.000249988717906196);
#171=CIRCLE('',#10779,0.000249988717906196);
#172=CIRCLE('',#10782,0.00156999196459185);
#173=CIRCLE('',#10783,0.00156999196459185);
#174=CIRCLE('',#10786,0.00156999196459185);
#175=CIRCLE('',#10787,0.00156999196459185);
#176=CIRCLE('',#10790,0.00316999486627074);
#177=CIRCLE('',#10791,0.00316999486627074);
#178=CIRCLE('',#10794,0.00156999196459185);
#179=CIRCLE('',#10795,0.00156999196459185);
#180=CIRCLE('',#10798,0.00156999196459185);
#181=CIRCLE('',#10799,0.00156999196459185);
#182=CIRCLE('',#10802,0.000249988717906195);
#183=CIRCLE('',#10803,0.000249988717906195);
#184=CIRCLE('',#10806,0.000249988717906192);
#185=CIRCLE('',#10807,0.000249988717906192);
#186=CIRCLE('',#10810,0.00126998501909761);
#187=CIRCLE('',#10811,0.00126998501909761);
#188=CIRCLE('',#10814,0.000890069237487554);
#189=CIRCLE('',#10815,0.000890069237487554);
#190=CIRCLE('',#10818,0.00474998384379663);
#191=CIRCLE('',#10819,0.00474998384379663);
#192=CIRCLE('',#10822,0.00474998384379663);
#193=CIRCLE('',#10823,0.00474998384379663);
#194=CIRCLE('',#10826,0.000890069237487554);
#195=CIRCLE('',#10827,0.000890069237487554);
#196=CIRCLE('',#10830,0.00126998501909761);
#197=CIRCLE('',#10831,0.00126998501909761);
#198=CIRCLE('',#10834,0.000249988717906192);
#199=CIRCLE('',#10835,0.000249988717906192);
#200=CIRCLE('',#10838,0.000249988717906196);
#201=CIRCLE('',#10839,0.000249988717906196);
#202=CIRCLE('',#10842,0.00156999196459185);
#203=CIRCLE('',#10843,0.00156999196459185);
#204=CIRCLE('',#10846,0.00156999196459185);
#205=CIRCLE('',#10847,0.00156999196459185);
#206=CIRCLE('',#10850,0.00316999486627074);
#207=CIRCLE('',#10851,0.00316999486627074);
#208=CIRCLE('',#10854,0.00156999196459185);
#209=CIRCLE('',#10855,0.00156999196459185);
#210=CIRCLE('',#10858,0.00156999196459185);
#211=CIRCLE('',#10859,0.00156999196459185);
#212=CIRCLE('',#10862,0.000249988717906195);
#213=CIRCLE('',#10863,0.000249988717906195);
#214=CIRCLE('',#10866,0.000249988717906192);
#215=CIRCLE('',#10867,0.000249988717906192);
#216=CIRCLE('',#10870,0.00126998501909761);
#217=CIRCLE('',#10871,0.00126998501909761);
#218=CIRCLE('',#10874,0.000890069237487554);
#219=CIRCLE('',#10875,0.000890069237487554);
#220=CIRCLE('',#10878,0.00474998384379663);
#221=CIRCLE('',#10879,0.00474998384379663);
#222=CIRCLE('',#10882,0.00474998384379663);
#223=CIRCLE('',#10883,0.00474998384379663);
#224=CIRCLE('',#10886,0.000890069237487554);
#225=CIRCLE('',#10887,0.000890069237487554);
#226=CIRCLE('',#10890,0.00126998501909761);
#227=CIRCLE('',#10891,0.00126998501909761);
#228=CIRCLE('',#10894,0.000249988717906192);
#229=CIRCLE('',#10895,0.000249988717906192);
#230=CIRCLE('',#10898,0.000249988717906196);
#231=CIRCLE('',#10899,0.000249988717906196);
#232=CIRCLE('',#10902,0.00279999654250946);
#233=CIRCLE('',#10903,0.00279999654250946);
#234=CIRCLE('',#10906,0.00062999068676412);
#235=CIRCLE('',#10907,0.00062999068676412);
#236=CIRCLE('',#10910,0.0012699850190976);
#237=CIRCLE('',#10911,0.0012699850190976);
#238=CIRCLE('',#10914,0.000629990686764121);
#239=CIRCLE('',#10915,0.000629990686764121);
#240=CIRCLE('',#10917,0.00279999654250946);
#241=CIRCLE('',#10918,0.00279999654250946);
#242=CIRCLE('',#10921,0.00062999068676412);
#243=CIRCLE('',#10922,0.00062999068676412);
#244=CIRCLE('',#10925,0.0012699850190976);
#245=CIRCLE('',#10926,0.0012699850190976);
#246=CIRCLE('',#10929,0.000629990686764121);
#247=CIRCLE('',#10930,0.000629990686764121);
#248=CIRCLE('',#10932,0.00279999654250946);
#249=CIRCLE('',#10933,0.00279999654250946);
#250=CIRCLE('',#10936,0.00062999068676412);
#251=CIRCLE('',#10937,0.00062999068676412);
#252=CIRCLE('',#10940,0.0012699850190976);
#253=CIRCLE('',#10941,0.0012699850190976);
#254=CIRCLE('',#10944,0.000629990686764121);
#255=CIRCLE('',#10945,0.000629990686764121);
#256=CIRCLE('',#10947,0.00279999654250946);
#257=CIRCLE('',#10948,0.00279999654250946);
#258=CIRCLE('',#10951,0.00062999068676412);
#259=CIRCLE('',#10952,0.00062999068676412);
#260=CIRCLE('',#10955,0.0012699850190976);
#261=CIRCLE('',#10956,0.0012699850190976);
#262=CIRCLE('',#10959,0.000629990686764121);
#263=CIRCLE('',#10960,0.000629990686764121);
#264=CIRCLE('',#10962,0.000500000622872277);
#265=CIRCLE('',#10963,0.000500000622872277);
#266=CIRCLE('',#10967,0.00339996130446921);
#267=CIRCLE('',#10968,0.00339996130446921);
#268=CIRCLE('',#10971,0.000500000821127171);
#269=CIRCLE('',#10972,0.000500000821127171);
#270=CIRCLE('',#10975,0.00339996130446921);
#271=CIRCLE('',#10976,0.00339996130446921);
#272=CIRCLE('',#10980,0.000500000622872277);
#273=CIRCLE('',#10981,0.000500000622872277);
#274=CIRCLE('',#10985,0.00339996130446921);
#275=CIRCLE('',#10986,0.00339996130446921);
#276=CIRCLE('',#10989,0.000500000821127171);
#277=CIRCLE('',#10990,0.000500000821127171);
#278=CIRCLE('',#10993,0.00339996130446921);
#279=CIRCLE('',#10994,0.00339996130446921);
#280=CIRCLE('',#10998,0.000500000622872277);
#281=CIRCLE('',#10999,0.000500000622872277);
#282=CIRCLE('',#11003,0.00339996130446921);
#283=CIRCLE('',#11004,0.00339996130446921);
#284=CIRCLE('',#11007,0.000500000821127171);
#285=CIRCLE('',#11008,0.000500000821127171);
#286=CIRCLE('',#11011,0.00339996130446921);
#287=CIRCLE('',#11012,0.00339996130446921);
#288=CIRCLE('',#11016,0.000500000622872277);
#289=CIRCLE('',#11017,0.000500000622872277);
#290=CIRCLE('',#11021,0.00339996130446921);
#291=CIRCLE('',#11022,0.00339996130446921);
#292=CIRCLE('',#11025,0.000500000821127171);
#293=CIRCLE('',#11026,0.000500000821127171);
#294=CIRCLE('',#11029,0.00339996130446921);
#295=CIRCLE('',#11030,0.00339996130446921);
#296=CIRCLE('',#11038,0.00156999196459185);
#297=CIRCLE('',#11039,0.00156999196459185);
#298=CIRCLE('',#11045,0.00156999196459185);
#299=CIRCLE('',#11046,0.00156999196459185);
#300=CIRCLE('',#11049,0.00316999486627074);
#301=CIRCLE('',#11050,0.00316999486627074);
#302=CIRCLE('',#11053,0.00156999196459185);
#303=CIRCLE('',#11054,0.00156999196459185);
#304=CIRCLE('',#11057,0.00156999196459185);
#305=CIRCLE('',#11058,0.00156999196459185);
#306=CIRCLE('',#11061,0.000249988717906195);
#307=CIRCLE('',#11062,0.000249988717906195);
#308=CIRCLE('',#11065,0.000249988717906192);
#309=CIRCLE('',#11066,0.000249988717906192);
#310=CIRCLE('',#11069,0.00126998501909761);
#311=CIRCLE('',#11070,0.00126998501909761);
#312=CIRCLE('',#11073,0.000890069237487554);
#313=CIRCLE('',#11074,0.000890069237487554);
#314=CIRCLE('',#11077,0.00474998384379663);
#315=CIRCLE('',#11078,0.00474998384379663);
#316=CIRCLE('',#11081,0.00474998384379663);
#317=CIRCLE('',#11082,0.00474998384379663);
#318=CIRCLE('',#11085,0.000890069237487554);
#319=CIRCLE('',#11086,0.000890069237487554);
#320=CIRCLE('',#11089,0.00126998501909761);
#321=CIRCLE('',#11090,0.00126998501909761);
#322=CIRCLE('',#11093,0.000249988717906192);
#323=CIRCLE('',#11094,0.000249988717906192);
#324=CIRCLE('',#11097,0.000249988717906196);
#325=CIRCLE('',#11098,0.000249988717906196);
#326=CIRCLE('',#11101,0.00156999196459185);
#327=CIRCLE('',#11102,0.00156999196459185);
#328=CIRCLE('',#11105,0.00156999196459185);
#329=CIRCLE('',#11106,0.00156999196459185);
#330=CIRCLE('',#11109,0.00316999486627074);
#331=CIRCLE('',#11110,0.00316999486627074);
#332=CIRCLE('',#11113,0.00156999196459185);
#333=CIRCLE('',#11114,0.00156999196459185);
#334=CIRCLE('',#11117,0.00156999196459185);
#335=CIRCLE('',#11118,0.00156999196459185);
#336=CIRCLE('',#11121,0.000249988717906195);
#337=CIRCLE('',#11122,0.000249988717906195);
#338=CIRCLE('',#11125,0.000249988717906192);
#339=CIRCLE('',#11126,0.000249988717906192);
#340=CIRCLE('',#11129,0.00126998501909761);
#341=CIRCLE('',#11130,0.00126998501909761);
#342=CIRCLE('',#11133,0.000890069237487554);
#343=CIRCLE('',#11134,0.000890069237487554);
#344=CIRCLE('',#11137,0.00474998384379663);
#345=CIRCLE('',#11138,0.00474998384379663);
#346=CIRCLE('',#11141,0.00474998384379663);
#347=CIRCLE('',#11142,0.00474998384379663);
#348=CIRCLE('',#11145,0.000890069237487554);
#349=CIRCLE('',#11146,0.000890069237487554);
#350=CIRCLE('',#11149,0.00126998501909761);
#351=CIRCLE('',#11150,0.00126998501909761);
#352=CIRCLE('',#11153,0.000249988717906192);
#353=CIRCLE('',#11154,0.000249988717906192);
#354=CIRCLE('',#11157,0.000249988717906196);
#355=CIRCLE('',#11158,0.000249988717906196);
#356=CIRCLE('',#11161,0.00156999196459185);
#357=CIRCLE('',#11162,0.00156999196459185);
#358=CIRCLE('',#11165,0.00156999196459185);
#359=CIRCLE('',#11166,0.00156999196459185);
#360=CIRCLE('',#11169,0.00316999486627074);
#361=CIRCLE('',#11170,0.00316999486627074);
#362=CIRCLE('',#11173,0.00156999196459185);
#363=CIRCLE('',#11174,0.00156999196459185);
#364=CIRCLE('',#11177,0.00156999196459185);
#365=CIRCLE('',#11178,0.00156999196459185);
#366=CIRCLE('',#11181,0.000249988717906195);
#367=CIRCLE('',#11182,0.000249988717906195);
#368=CIRCLE('',#11185,0.000249988717906192);
#369=CIRCLE('',#11186,0.000249988717906192);
#370=CIRCLE('',#11189,0.00126998501909761);
#371=CIRCLE('',#11190,0.00126998501909761);
#372=CIRCLE('',#11193,0.000890069237487554);
#373=CIRCLE('',#11194,0.000890069237487554);
#374=CIRCLE('',#11197,0.00474998384379663);
#375=CIRCLE('',#11198,0.00474998384379663);
#376=CIRCLE('',#11201,0.00474998384379663);
#377=CIRCLE('',#11202,0.00474998384379663);
#378=CIRCLE('',#11205,0.000890069237487554);
#379=CIRCLE('',#11206,0.000890069237487554);
#380=CIRCLE('',#11209,0.00126998501909761);
#381=CIRCLE('',#11210,0.00126998501909761);
#382=CIRCLE('',#11213,0.000249988717906192);
#383=CIRCLE('',#11214,0.000249988717906192);
#384=CIRCLE('',#11217,0.000249988717906196);
#385=CIRCLE('',#11218,0.000249988717906196);
#386=CIRCLE('',#11221,0.00156999196459185);
#387=CIRCLE('',#11222,0.00156999196459185);
#388=CIRCLE('',#11225,0.00156999196459185);
#389=CIRCLE('',#11226,0.00156999196459185);
#390=CIRCLE('',#11229,0.00316999486627074);
#391=CIRCLE('',#11230,0.00316999486627074);
#392=CIRCLE('',#11233,0.00156999196459185);
#393=CIRCLE('',#11234,0.00156999196459185);
#394=CIRCLE('',#11237,0.00156999196459185);
#395=CIRCLE('',#11238,0.00156999196459185);
#396=CIRCLE('',#11241,0.000249988717906195);
#397=CIRCLE('',#11242,0.000249988717906195);
#398=CIRCLE('',#11245,0.000249988717906192);
#399=CIRCLE('',#11246,0.000249988717906192);
#400=CIRCLE('',#11249,0.00126998501909761);
#401=CIRCLE('',#11250,0.00126998501909761);
#402=CIRCLE('',#11253,0.000890069237487554);
#403=CIRCLE('',#11254,0.000890069237487554);
#404=CIRCLE('',#11257,0.00474998384379663);
#405=CIRCLE('',#11258,0.00474998384379663);
#406=CIRCLE('',#11261,0.00474998384379663);
#407=CIRCLE('',#11262,0.00474998384379663);
#408=CIRCLE('',#11265,0.000890069237487554);
#409=CIRCLE('',#11266,0.000890069237487554);
#410=CIRCLE('',#11269,0.00126998501909761);
#411=CIRCLE('',#11270,0.00126998501909761);
#412=CIRCLE('',#11273,0.000249988717906192);
#413=CIRCLE('',#11274,0.000249988717906192);
#414=CIRCLE('',#11277,0.000249988717906196);
#415=CIRCLE('',#11278,0.000249988717906196);
#416=CIRCLE('',#11281,0.00279999654250946);
#417=CIRCLE('',#11282,0.00279999654250946);
#418=CIRCLE('',#11285,0.00062999068676412);
#419=CIRCLE('',#11286,0.00062999068676412);
#420=CIRCLE('',#11289,0.0012699850190976);
#421=CIRCLE('',#11290,0.0012699850190976);
#422=CIRCLE('',#11293,0.000629990686764121);
#423=CIRCLE('',#11294,0.000629990686764121);
#424=CIRCLE('',#11296,0.00279999654250946);
#425=CIRCLE('',#11297,0.00279999654250946);
#426=CIRCLE('',#11300,0.00062999068676412);
#427=CIRCLE('',#11301,0.00062999068676412);
#428=CIRCLE('',#11304,0.0012699850190976);
#429=CIRCLE('',#11305,0.0012699850190976);
#430=CIRCLE('',#11308,0.000629990686764121);
#431=CIRCLE('',#11309,0.000629990686764121);
#432=CIRCLE('',#11311,0.00279999654250946);
#433=CIRCLE('',#11312,0.00279999654250946);
#434=CIRCLE('',#11315,0.00062999068676412);
#435=CIRCLE('',#11316,0.00062999068676412);
#436=CIRCLE('',#11319,0.0012699850190976);
#437=CIRCLE('',#11320,0.0012699850190976);
#438=CIRCLE('',#11323,0.000629990686764121);
#439=CIRCLE('',#11324,0.000629990686764121);
#440=CIRCLE('',#11326,0.00279999654250946);
#441=CIRCLE('',#11327,0.00279999654250946);
#442=CIRCLE('',#11330,0.00062999068676412);
#443=CIRCLE('',#11331,0.00062999068676412);
#444=CIRCLE('',#11334,0.0012699850190976);
#445=CIRCLE('',#11335,0.0012699850190976);
#446=CIRCLE('',#11338,0.000629990686764121);
#447=CIRCLE('',#11339,0.000629990686764121);
#448=CIRCLE('',#11341,0.000500000622872277);
#449=CIRCLE('',#11342,0.000500000622872277);
#450=CIRCLE('',#11346,0.00339996130446921);
#451=CIRCLE('',#11347,0.00339996130446921);
#452=CIRCLE('',#11350,0.000500000821127171);
#453=CIRCLE('',#11351,0.000500000821127171);
#454=CIRCLE('',#11354,0.00339996130446921);
#455=CIRCLE('',#11355,0.00339996130446921);
#456=CIRCLE('',#11359,0.000500000622872277);
#457=CIRCLE('',#11360,0.000500000622872277);
#458=CIRCLE('',#11364,0.00339996130446921);
#459=CIRCLE('',#11365,0.00339996130446921);
#460=CIRCLE('',#11368,0.000500000821127171);
#461=CIRCLE('',#11369,0.000500000821127171);
#462=CIRCLE('',#11372,0.00339996130446921);
#463=CIRCLE('',#11373,0.00339996130446921);
#464=CIRCLE('',#11377,0.000500000622872277);
#465=CIRCLE('',#11378,0.000500000622872277);
#466=CIRCLE('',#11382,0.00339996130446921);
#467=CIRCLE('',#11383,0.00339996130446921);
#468=CIRCLE('',#11386,0.000500000821127171);
#469=CIRCLE('',#11387,0.000500000821127171);
#470=CIRCLE('',#11390,0.00339996130446921);
#471=CIRCLE('',#11391,0.00339996130446921);
#472=CIRCLE('',#11395,0.000500000622872277);
#473=CIRCLE('',#11396,0.000500000622872277);
#474=CIRCLE('',#11400,0.00339996130446921);
#475=CIRCLE('',#11401,0.00339996130446921);
#476=CIRCLE('',#11404,0.000500000821127171);
#477=CIRCLE('',#11405,0.000500000821127171);
#478=CIRCLE('',#11408,0.00339996130446921);
#479=CIRCLE('',#11409,0.00339996130446921);
#480=CIRCLE('',#11417,0.00156999196459185);
#481=CIRCLE('',#11418,0.00156999196459185);
#482=CIRCLE('',#11438,0.005);
#483=CIRCLE('',#11439,0.005);
#484=CIRCLE('',#11442,0.005);
#485=CIRCLE('',#11443,0.005);
#486=CIRCLE('',#11446,0.005);
#487=CIRCLE('',#11447,0.005);
#488=CIRCLE('',#11450,0.005);
#489=CIRCLE('',#11451,0.005);
#490=CIRCLE('',#11454,0.005);
#491=CIRCLE('',#11455,0.005);
#492=CIRCLE('',#11458,0.005);
#493=CIRCLE('',#11459,0.005);
#494=CIRCLE('',#11472,0.00325);
#495=CIRCLE('',#11473,0.00325);
#496=CIRCLE('',#11475,0.00325);
#497=CIRCLE('',#11476,0.00325);
#498=CIRCLE('',#11478,0.00325);
#499=CIRCLE('',#11479,0.00325);
#500=CIRCLE('',#11481,0.00325);
#501=CIRCLE('',#11482,0.00325);
#502=CIRCLE('',#11484,0.00325);
#503=CIRCLE('',#11485,0.00325);
#504=CIRCLE('',#11487,0.00325);
#505=CIRCLE('',#11488,0.00325);
#506=CIRCLE('',#11498,0.00335);
#507=CIRCLE('',#11499,0.00335);
#508=CIRCLE('',#11501,0.00335);
#509=CIRCLE('',#11502,0.00335);
#510=CIRCLE('',#11504,0.00335);
#511=CIRCLE('',#11505,0.00335);
#512=CIRCLE('',#11507,0.00335);
#513=CIRCLE('',#11508,0.00335);
#514=CIRCLE('',#11510,0.00335);
#515=CIRCLE('',#11511,0.00335);
#516=CIRCLE('',#11513,0.00335);
#517=CIRCLE('',#11514,0.00335);
#518=CIRCLE('',#11516,0.00335);
#519=CIRCLE('',#11517,0.00335);
#520=CIRCLE('',#11520,0.00675979797464467);
#521=CIRCLE('',#11521,0.00675979797464467);
#522=CIRCLE('',#11523,0.00675979797464467);
#523=CIRCLE('',#11524,0.00675979797464467);
#524=CIRCLE('',#11528,0.0023);
#525=CIRCLE('',#11529,0.005475);
#526=CIRCLE('',#11531,0.0023);
#527=CIRCLE('',#11532,0.005475);
#528=CIRCLE('',#11538,0.01);
#529=CIRCLE('',#11539,0.01);
#530=CIRCLE('',#11542,0.01);
#531=CIRCLE('',#11543,0.01);
#532=CIRCLE('',#11546,0.01);
#533=CIRCLE('',#11547,0.01);
#534=CIRCLE('',#11551,0.01);
#535=CIRCLE('',#11552,0.01);
#536=CIRCLE('',#11555,0.01);
#537=CIRCLE('',#11556,0.01);
#538=CIRCLE('',#11558,0.00325);
#539=CIRCLE('',#11559,0.00325);
#540=CIRCLE('',#11561,0.00325);
#541=CIRCLE('',#11562,0.00325);
#542=CIRCLE('',#11564,0.00325);
#543=CIRCLE('',#11565,0.00325);
#544=CIRCLE('',#11567,0.00325);
#545=CIRCLE('',#11568,0.00325);
#546=CIRCLE('',#11571,0.00325);
#547=CIRCLE('',#11572,0.00325);
#548=CIRCLE('',#11574,0.00325);
#549=CIRCLE('',#11575,0.00325);
#550=CIRCLE('',#11585,0.005);
#551=CIRCLE('',#11586,0.005);
#552=CIRCLE('',#11589,0.005);
#553=CIRCLE('',#11590,0.005);
#554=CIRCLE('',#11593,0.005);
#555=CIRCLE('',#11594,0.005);
#556=CIRCLE('',#11597,0.005);
#557=CIRCLE('',#11598,0.005);
#558=CIRCLE('',#11601,0.005);
#559=CIRCLE('',#11602,0.005);
#560=CIRCLE('',#11605,0.005);
#561=CIRCLE('',#11606,0.005);
#562=CIRCLE('',#11611,0.005);
#563=CIRCLE('',#11612,0.005);
#564=CIRCLE('',#11615,0.00325);
#565=CIRCLE('',#11616,0.00325);
#566=CIRCLE('',#11618,0.00325);
#567=CIRCLE('',#11619,0.00325);
#568=CIRCLE('',#11621,0.00325);
#569=CIRCLE('',#11622,0.00325);
#570=CIRCLE('',#11624,0.00325);
#571=CIRCLE('',#11625,0.00325);
#572=CIRCLE('',#11627,0.00325);
#573=CIRCLE('',#11628,0.00325);
#574=CIRCLE('',#11630,0.00325);
#575=CIRCLE('',#11631,0.00325);
#576=CIRCLE('',#11633,0.005);
#577=CIRCLE('',#11634,0.005);
#578=CIRCLE('',#11636,0.00325);
#579=CIRCLE('',#11637,0.00325);
#580=CIRCLE('',#11639,0.00325);
#581=CIRCLE('',#11640,0.00325);
#582=CIRCLE('',#11642,0.00325);
#583=CIRCLE('',#11643,0.00325);
#584=CIRCLE('',#11645,0.00325);
#585=CIRCLE('',#11646,0.00325);
#586=CIRCLE('',#11648,0.00325);
#587=CIRCLE('',#11649,0.00325);
#588=CIRCLE('',#11651,0.0309770653878489);
#589=CIRCLE('',#11652,0.0309770653878489);
#590=CIRCLE('',#11654,0.0309770653878489);
#591=CIRCLE('',#11655,0.0309770653878489);
#592=CYLINDRICAL_SURFACE('',#10665,0.00156999196459185);
#593=CYLINDRICAL_SURFACE('',#10669,0.00316999486627074);
#594=CYLINDRICAL_SURFACE('',#10673,0.00156999196459185);
#595=CYLINDRICAL_SURFACE('',#10677,0.00156999196459185);
#596=CYLINDRICAL_SURFACE('',#10681,0.000249988717906195);
#597=CYLINDRICAL_SURFACE('',#10685,0.000249988717906192);
#598=CYLINDRICAL_SURFACE('',#10689,0.00126998501909761);
#599=CYLINDRICAL_SURFACE('',#10693,0.000890069237487554);
#600=CYLINDRICAL_SURFACE('',#10697,0.00474998384379663);
#601=CYLINDRICAL_SURFACE('',#10701,0.00474998384379663);
#602=CYLINDRICAL_SURFACE('',#10705,0.000890069237487554);
#603=CYLINDRICAL_SURFACE('',#10709,0.00126998501909761);
#604=CYLINDRICAL_SURFACE('',#10713,0.000249988717906192);
#605=CYLINDRICAL_SURFACE('',#10717,0.000249988717906196);
#606=CYLINDRICAL_SURFACE('',#10721,0.00156999196459185);
#607=CYLINDRICAL_SURFACE('',#10725,0.00156999196459185);
#608=CYLINDRICAL_SURFACE('',#10729,0.00316999486627074);
#609=CYLINDRICAL_SURFACE('',#10733,0.00156999196459185);
#610=CYLINDRICAL_SURFACE('',#10737,0.00156999196459185);
#611=CYLINDRICAL_SURFACE('',#10741,0.000249988717906195);
#612=CYLINDRICAL_SURFACE('',#10745,0.000249988717906192);
#613=CYLINDRICAL_SURFACE('',#10749,0.00126998501909761);
#614=CYLINDRICAL_SURFACE('',#10753,0.000890069237487554);
#615=CYLINDRICAL_SURFACE('',#10757,0.00474998384379663);
#616=CYLINDRICAL_SURFACE('',#10761,0.00474998384379663);
#617=CYLINDRICAL_SURFACE('',#10765,0.000890069237487554);
#618=CYLINDRICAL_SURFACE('',#10769,0.00126998501909761);
#619=CYLINDRICAL_SURFACE('',#10773,0.000249988717906192);
#620=CYLINDRICAL_SURFACE('',#10777,0.000249988717906196);
#621=CYLINDRICAL_SURFACE('',#10781,0.00156999196459185);
#622=CYLINDRICAL_SURFACE('',#10785,0.00156999196459185);
#623=CYLINDRICAL_SURFACE('',#10789,0.00316999486627074);
#624=CYLINDRICAL_SURFACE('',#10793,0.00156999196459185);
#625=CYLINDRICAL_SURFACE('',#10797,0.00156999196459185);
#626=CYLINDRICAL_SURFACE('',#10801,0.000249988717906195);
#627=CYLINDRICAL_SURFACE('',#10805,0.000249988717906192);
#628=CYLINDRICAL_SURFACE('',#10809,0.00126998501909761);
#629=CYLINDRICAL_SURFACE('',#10813,0.000890069237487554);
#630=CYLINDRICAL_SURFACE('',#10817,0.00474998384379663);
#631=CYLINDRICAL_SURFACE('',#10821,0.00474998384379663);
#632=CYLINDRICAL_SURFACE('',#10825,0.000890069237487554);
#633=CYLINDRICAL_SURFACE('',#10829,0.00126998501909761);
#634=CYLINDRICAL_SURFACE('',#10833,0.000249988717906192);
#635=CYLINDRICAL_SURFACE('',#10837,0.000249988717906196);
#636=CYLINDRICAL_SURFACE('',#10841,0.00156999196459185);
#637=CYLINDRICAL_SURFACE('',#10845,0.00156999196459185);
#638=CYLINDRICAL_SURFACE('',#10849,0.00316999486627074);
#639=CYLINDRICAL_SURFACE('',#10853,0.00156999196459185);
#640=CYLINDRICAL_SURFACE('',#10857,0.00156999196459185);
#641=CYLINDRICAL_SURFACE('',#10861,0.000249988717906195);
#642=CYLINDRICAL_SURFACE('',#10865,0.000249988717906192);
#643=CYLINDRICAL_SURFACE('',#10869,0.00126998501909761);
#644=CYLINDRICAL_SURFACE('',#10873,0.000890069237487554);
#645=CYLINDRICAL_SURFACE('',#10877,0.00474998384379663);
#646=CYLINDRICAL_SURFACE('',#10881,0.00474998384379663);
#647=CYLINDRICAL_SURFACE('',#10885,0.000890069237487554);
#648=CYLINDRICAL_SURFACE('',#10889,0.00126998501909761);
#649=CYLINDRICAL_SURFACE('',#10893,0.000249988717906192);
#650=CYLINDRICAL_SURFACE('',#10897,0.000249988717906196);
#651=CYLINDRICAL_SURFACE('',#10901,0.00279999654250946);
#652=CYLINDRICAL_SURFACE('',#10905,0.00062999068676412);
#653=CYLINDRICAL_SURFACE('',#10909,0.0012699850190976);
#654=CYLINDRICAL_SURFACE('',#10913,0.000629990686764121);
#655=CYLINDRICAL_SURFACE('',#10916,0.00279999654250946);
#656=CYLINDRICAL_SURFACE('',#10920,0.00062999068676412);
#657=CYLINDRICAL_SURFACE('',#10924,0.0012699850190976);
#658=CYLINDRICAL_SURFACE('',#10928,0.000629990686764121);
#659=CYLINDRICAL_SURFACE('',#10931,0.00279999654250946);
#660=CYLINDRICAL_SURFACE('',#10935,0.00062999068676412);
#661=CYLINDRICAL_SURFACE('',#10939,0.0012699850190976);
#662=CYLINDRICAL_SURFACE('',#10943,0.000629990686764121);
#663=CYLINDRICAL_SURFACE('',#10946,0.00279999654250946);
#664=CYLINDRICAL_SURFACE('',#10950,0.00062999068676412);
#665=CYLINDRICAL_SURFACE('',#10954,0.0012699850190976);
#666=CYLINDRICAL_SURFACE('',#10958,0.000629990686764121);
#667=CYLINDRICAL_SURFACE('',#10961,0.000500000622872277);
#668=CYLINDRICAL_SURFACE('',#10966,0.00339996130446921);
#669=CYLINDRICAL_SURFACE('',#10970,0.000500000821127171);
#670=CYLINDRICAL_SURFACE('',#10974,0.00339996130446921);
#671=CYLINDRICAL_SURFACE('',#10979,0.000500000622872277);
#672=CYLINDRICAL_SURFACE('',#10984,0.00339996130446921);
#673=CYLINDRICAL_SURFACE('',#10988,0.000500000821127171);
#674=CYLINDRICAL_SURFACE('',#10992,0.00339996130446921);
#675=CYLINDRICAL_SURFACE('',#10997,0.000500000622872277);
#676=CYLINDRICAL_SURFACE('',#11002,0.00339996130446921);
#677=CYLINDRICAL_SURFACE('',#11006,0.000500000821127171);
#678=CYLINDRICAL_SURFACE('',#11010,0.00339996130446921);
#679=CYLINDRICAL_SURFACE('',#11015,0.000500000622872277);
#680=CYLINDRICAL_SURFACE('',#11020,0.00339996130446921);
#681=CYLINDRICAL_SURFACE('',#11024,0.000500000821127171);
#682=CYLINDRICAL_SURFACE('',#11028,0.00339996130446921);
#683=CYLINDRICAL_SURFACE('',#11037,0.00156999196459185);
#684=CYLINDRICAL_SURFACE('',#11044,0.00156999196459185);
#685=CYLINDRICAL_SURFACE('',#11048,0.00316999486627074);
#686=CYLINDRICAL_SURFACE('',#11052,0.00156999196459185);
#687=CYLINDRICAL_SURFACE('',#11056,0.00156999196459185);
#688=CYLINDRICAL_SURFACE('',#11060,0.000249988717906195);
#689=CYLINDRICAL_SURFACE('',#11064,0.000249988717906192);
#690=CYLINDRICAL_SURFACE('',#11068,0.00126998501909761);
#691=CYLINDRICAL_SURFACE('',#11072,0.000890069237487554);
#692=CYLINDRICAL_SURFACE('',#11076,0.00474998384379663);
#693=CYLINDRICAL_SURFACE('',#11080,0.00474998384379663);
#694=CYLINDRICAL_SURFACE('',#11084,0.000890069237487554);
#695=CYLINDRICAL_SURFACE('',#11088,0.00126998501909761);
#696=CYLINDRICAL_SURFACE('',#11092,0.000249988717906192);
#697=CYLINDRICAL_SURFACE('',#11096,0.000249988717906196);
#698=CYLINDRICAL_SURFACE('',#11100,0.00156999196459185);
#699=CYLINDRICAL_SURFACE('',#11104,0.00156999196459185);
#700=CYLINDRICAL_SURFACE('',#11108,0.00316999486627074);
#701=CYLINDRICAL_SURFACE('',#11112,0.00156999196459185);
#702=CYLINDRICAL_SURFACE('',#11116,0.00156999196459185);
#703=CYLINDRICAL_SURFACE('',#11120,0.000249988717906195);
#704=CYLINDRICAL_SURFACE('',#11124,0.000249988717906192);
#705=CYLINDRICAL_SURFACE('',#11128,0.00126998501909761);
#706=CYLINDRICAL_SURFACE('',#11132,0.000890069237487554);
#707=CYLINDRICAL_SURFACE('',#11136,0.00474998384379663);
#708=CYLINDRICAL_SURFACE('',#11140,0.00474998384379663);
#709=CYLINDRICAL_SURFACE('',#11144,0.000890069237487554);
#710=CYLINDRICAL_SURFACE('',#11148,0.00126998501909761);
#711=CYLINDRICAL_SURFACE('',#11152,0.000249988717906192);
#712=CYLINDRICAL_SURFACE('',#11156,0.000249988717906196);
#713=CYLINDRICAL_SURFACE('',#11160,0.00156999196459185);
#714=CYLINDRICAL_SURFACE('',#11164,0.00156999196459185);
#715=CYLINDRICAL_SURFACE('',#11168,0.00316999486627074);
#716=CYLINDRICAL_SURFACE('',#11172,0.00156999196459185);
#717=CYLINDRICAL_SURFACE('',#11176,0.00156999196459185);
#718=CYLINDRICAL_SURFACE('',#11180,0.000249988717906195);
#719=CYLINDRICAL_SURFACE('',#11184,0.000249988717906192);
#720=CYLINDRICAL_SURFACE('',#11188,0.00126998501909761);
#721=CYLINDRICAL_SURFACE('',#11192,0.000890069237487554);
#722=CYLINDRICAL_SURFACE('',#11196,0.00474998384379663);
#723=CYLINDRICAL_SURFACE('',#11200,0.00474998384379663);
#724=CYLINDRICAL_SURFACE('',#11204,0.000890069237487554);
#725=CYLINDRICAL_SURFACE('',#11208,0.00126998501909761);
#726=CYLINDRICAL_SURFACE('',#11212,0.000249988717906192);
#727=CYLINDRICAL_SURFACE('',#11216,0.000249988717906196);
#728=CYLINDRICAL_SURFACE('',#11220,0.00156999196459185);
#729=CYLINDRICAL_SURFACE('',#11224,0.00156999196459185);
#730=CYLINDRICAL_SURFACE('',#11228,0.00316999486627074);
#731=CYLINDRICAL_SURFACE('',#11232,0.00156999196459185);
#732=CYLINDRICAL_SURFACE('',#11236,0.00156999196459185);
#733=CYLINDRICAL_SURFACE('',#11240,0.000249988717906195);
#734=CYLINDRICAL_SURFACE('',#11244,0.000249988717906192);
#735=CYLINDRICAL_SURFACE('',#11248,0.00126998501909761);
#736=CYLINDRICAL_SURFACE('',#11252,0.000890069237487554);
#737=CYLINDRICAL_SURFACE('',#11256,0.00474998384379663);
#738=CYLINDRICAL_SURFACE('',#11260,0.00474998384379663);
#739=CYLINDRICAL_SURFACE('',#11264,0.000890069237487554);
#740=CYLINDRICAL_SURFACE('',#11268,0.00126998501909761);
#741=CYLINDRICAL_SURFACE('',#11272,0.000249988717906192);
#742=CYLINDRICAL_SURFACE('',#11276,0.000249988717906196);
#743=CYLINDRICAL_SURFACE('',#11280,0.00279999654250946);
#744=CYLINDRICAL_SURFACE('',#11284,0.00062999068676412);
#745=CYLINDRICAL_SURFACE('',#11288,0.0012699850190976);
#746=CYLINDRICAL_SURFACE('',#11292,0.000629990686764121);
#747=CYLINDRICAL_SURFACE('',#11295,0.00279999654250946);
#748=CYLINDRICAL_SURFACE('',#11299,0.00062999068676412);
#749=CYLINDRICAL_SURFACE('',#11303,0.0012699850190976);
#750=CYLINDRICAL_SURFACE('',#11307,0.000629990686764121);
#751=CYLINDRICAL_SURFACE('',#11310,0.00279999654250946);
#752=CYLINDRICAL_SURFACE('',#11314,0.00062999068676412);
#753=CYLINDRICAL_SURFACE('',#11318,0.0012699850190976);
#754=CYLINDRICAL_SURFACE('',#11322,0.000629990686764121);
#755=CYLINDRICAL_SURFACE('',#11325,0.00279999654250946);
#756=CYLINDRICAL_SURFACE('',#11329,0.00062999068676412);
#757=CYLINDRICAL_SURFACE('',#11333,0.0012699850190976);
#758=CYLINDRICAL_SURFACE('',#11337,0.000629990686764121);
#759=CYLINDRICAL_SURFACE('',#11340,0.000500000622872277);
#760=CYLINDRICAL_SURFACE('',#11345,0.00339996130446921);
#761=CYLINDRICAL_SURFACE('',#11349,0.000500000821127171);
#762=CYLINDRICAL_SURFACE('',#11353,0.00339996130446921);
#763=CYLINDRICAL_SURFACE('',#11358,0.000500000622872277);
#764=CYLINDRICAL_SURFACE('',#11363,0.00339996130446921);
#765=CYLINDRICAL_SURFACE('',#11367,0.000500000821127171);
#766=CYLINDRICAL_SURFACE('',#11371,0.00339996130446921);
#767=CYLINDRICAL_SURFACE('',#11376,0.000500000622872277);
#768=CYLINDRICAL_SURFACE('',#11381,0.00339996130446921);
#769=CYLINDRICAL_SURFACE('',#11385,0.000500000821127171);
#770=CYLINDRICAL_SURFACE('',#11389,0.00339996130446921);
#771=CYLINDRICAL_SURFACE('',#11394,0.000500000622872277);
#772=CYLINDRICAL_SURFACE('',#11399,0.00339996130446921);
#773=CYLINDRICAL_SURFACE('',#11403,0.000500000821127171);
#774=CYLINDRICAL_SURFACE('',#11407,0.00339996130446921);
#775=CYLINDRICAL_SURFACE('',#11416,0.00156999196459185);
#776=CYLINDRICAL_SURFACE('',#11437,0.005);
#777=CYLINDRICAL_SURFACE('',#11441,0.005);
#778=CYLINDRICAL_SURFACE('',#11445,0.005);
#779=CYLINDRICAL_SURFACE('',#11449,0.005);
#780=CYLINDRICAL_SURFACE('',#11453,0.005);
#781=CYLINDRICAL_SURFACE('',#11457,0.005);
#782=CYLINDRICAL_SURFACE('',#11471,0.00325);
#783=CYLINDRICAL_SURFACE('',#11474,0.00325);
#784=CYLINDRICAL_SURFACE('',#11477,0.00325);
#785=CYLINDRICAL_SURFACE('',#11480,0.00325);
#786=CYLINDRICAL_SURFACE('',#11483,0.00325);
#787=CYLINDRICAL_SURFACE('',#11486,0.00325);
#788=CYLINDRICAL_SURFACE('',#11497,0.00335);
#789=CYLINDRICAL_SURFACE('',#11500,0.00335);
#790=CYLINDRICAL_SURFACE('',#11503,0.00335);
#791=CYLINDRICAL_SURFACE('',#11506,0.00335);
#792=CYLINDRICAL_SURFACE('',#11509,0.00335);
#793=CYLINDRICAL_SURFACE('',#11512,0.00335);
#794=CYLINDRICAL_SURFACE('',#11515,0.00335);
#795=CYLINDRICAL_SURFACE('',#11525,0.00675979797464467);
#796=CYLINDRICAL_SURFACE('',#11526,0.00675979797464467);
#797=CYLINDRICAL_SURFACE('',#11533,0.005475);
#798=CYLINDRICAL_SURFACE('',#11534,0.0023);
#799=CYLINDRICAL_SURFACE('',#11537,0.01);
#800=CYLINDRICAL_SURFACE('',#11541,0.01);
#801=CYLINDRICAL_SURFACE('',#11545,0.01);
#802=CYLINDRICAL_SURFACE('',#11550,0.01);
#803=CYLINDRICAL_SURFACE('',#11554,0.01);
#804=CYLINDRICAL_SURFACE('',#11557,0.00325);
#805=CYLINDRICAL_SURFACE('',#11560,0.00325);
#806=CYLINDRICAL_SURFACE('',#11563,0.00325);
#807=CYLINDRICAL_SURFACE('',#11566,0.00325);
#808=CYLINDRICAL_SURFACE('',#11570,0.00325);
#809=CYLINDRICAL_SURFACE('',#11573,0.00325);
#810=CYLINDRICAL_SURFACE('',#11584,0.005);
#811=CYLINDRICAL_SURFACE('',#11588,0.005);
#812=CYLINDRICAL_SURFACE('',#11592,0.005);
#813=CYLINDRICAL_SURFACE('',#11596,0.005);
#814=CYLINDRICAL_SURFACE('',#11600,0.005);
#815=CYLINDRICAL_SURFACE('',#11604,0.005);
#816=CYLINDRICAL_SURFACE('',#11610,0.005);
#817=CYLINDRICAL_SURFACE('',#11614,0.00325);
#818=CYLINDRICAL_SURFACE('',#11617,0.00325);
#819=CYLINDRICAL_SURFACE('',#11620,0.00325);
#820=CYLINDRICAL_SURFACE('',#11623,0.00325);
#821=CYLINDRICAL_SURFACE('',#11626,0.00325);
#822=CYLINDRICAL_SURFACE('',#11629,0.00325);
#823=CYLINDRICAL_SURFACE('',#11632,0.005);
#824=CYLINDRICAL_SURFACE('',#11635,0.00325);
#825=CYLINDRICAL_SURFACE('',#11638,0.00325);
#826=CYLINDRICAL_SURFACE('',#11641,0.00325);
#827=CYLINDRICAL_SURFACE('',#11644,0.00325);
#828=CYLINDRICAL_SURFACE('',#11647,0.00325);
#829=CYLINDRICAL_SURFACE('',#11656,0.0309770653878489);
#830=CYLINDRICAL_SURFACE('',#11657,0.0309770653878489);
#831=ORIENTED_EDGE('',*,*,#3857,.T.);
#832=ORIENTED_EDGE('',*,*,#3858,.F.);
#833=ORIENTED_EDGE('',*,*,#3859,.F.);
#834=ORIENTED_EDGE('',*,*,#3860,.T.);
#835=ORIENTED_EDGE('',*,*,#3861,.T.);
#836=ORIENTED_EDGE('',*,*,#3862,.F.);
#837=ORIENTED_EDGE('',*,*,#3863,.F.);
#838=ORIENTED_EDGE('',*,*,#3858,.T.);
#839=ORIENTED_EDGE('',*,*,#3864,.T.);
#840=ORIENTED_EDGE('',*,*,#3865,.F.);
#841=ORIENTED_EDGE('',*,*,#3866,.F.);
#842=ORIENTED_EDGE('',*,*,#3862,.T.);
#843=ORIENTED_EDGE('',*,*,#3867,.T.);
#844=ORIENTED_EDGE('',*,*,#3868,.F.);
#845=ORIENTED_EDGE('',*,*,#3869,.F.);
#846=ORIENTED_EDGE('',*,*,#3865,.T.);
#847=ORIENTED_EDGE('',*,*,#3870,.T.);
#848=ORIENTED_EDGE('',*,*,#3871,.F.);
#849=ORIENTED_EDGE('',*,*,#3872,.F.);
#850=ORIENTED_EDGE('',*,*,#3868,.T.);
#851=ORIENTED_EDGE('',*,*,#3873,.T.);
#852=ORIENTED_EDGE('',*,*,#3874,.F.);
#853=ORIENTED_EDGE('',*,*,#3875,.F.);
#854=ORIENTED_EDGE('',*,*,#3871,.T.);
#855=ORIENTED_EDGE('',*,*,#3876,.T.);
#856=ORIENTED_EDGE('',*,*,#3877,.F.);
#857=ORIENTED_EDGE('',*,*,#3878,.F.);
#858=ORIENTED_EDGE('',*,*,#3874,.T.);
#859=ORIENTED_EDGE('',*,*,#3879,.T.);
#860=ORIENTED_EDGE('',*,*,#3880,.F.);
#861=ORIENTED_EDGE('',*,*,#3881,.F.);
#862=ORIENTED_EDGE('',*,*,#3877,.T.);
#863=ORIENTED_EDGE('',*,*,#3882,.T.);
#864=ORIENTED_EDGE('',*,*,#3883,.F.);
#865=ORIENTED_EDGE('',*,*,#3884,.F.);
#866=ORIENTED_EDGE('',*,*,#3880,.T.);
#867=ORIENTED_EDGE('',*,*,#3885,.T.);
#868=ORIENTED_EDGE('',*,*,#3886,.F.);
#869=ORIENTED_EDGE('',*,*,#3887,.F.);
#870=ORIENTED_EDGE('',*,*,#3883,.T.);
#871=ORIENTED_EDGE('',*,*,#3888,.T.);
#872=ORIENTED_EDGE('',*,*,#3889,.F.);
#873=ORIENTED_EDGE('',*,*,#3890,.F.);
#874=ORIENTED_EDGE('',*,*,#3886,.T.);
#875=ORIENTED_EDGE('',*,*,#3891,.F.);
#876=ORIENTED_EDGE('',*,*,#3892,.F.);
#877=ORIENTED_EDGE('',*,*,#3893,.T.);
#878=ORIENTED_EDGE('',*,*,#3889,.T.);
#879=ORIENTED_EDGE('',*,*,#3894,.T.);
#880=ORIENTED_EDGE('',*,*,#3895,.F.);
#881=ORIENTED_EDGE('',*,*,#3896,.F.);
#882=ORIENTED_EDGE('',*,*,#3892,.T.);
#883=ORIENTED_EDGE('',*,*,#3897,.F.);
#884=ORIENTED_EDGE('',*,*,#3898,.F.);
#885=ORIENTED_EDGE('',*,*,#3899,.T.);
#886=ORIENTED_EDGE('',*,*,#3895,.T.);
#887=ORIENTED_EDGE('',*,*,#3900,.T.);
#888=ORIENTED_EDGE('',*,*,#3901,.F.);
#889=ORIENTED_EDGE('',*,*,#3902,.F.);
#890=ORIENTED_EDGE('',*,*,#3898,.T.);
#891=ORIENTED_EDGE('',*,*,#3903,.F.);
#892=ORIENTED_EDGE('',*,*,#3904,.F.);
#893=ORIENTED_EDGE('',*,*,#3905,.T.);
#894=ORIENTED_EDGE('',*,*,#3901,.T.);
#895=ORIENTED_EDGE('',*,*,#3906,.T.);
#896=ORIENTED_EDGE('',*,*,#3907,.F.);
#897=ORIENTED_EDGE('',*,*,#3908,.F.);
#898=ORIENTED_EDGE('',*,*,#3904,.T.);
#899=ORIENTED_EDGE('',*,*,#3909,.F.);
#900=ORIENTED_EDGE('',*,*,#3910,.F.);
#901=ORIENTED_EDGE('',*,*,#3911,.T.);
#902=ORIENTED_EDGE('',*,*,#3907,.T.);
#903=ORIENTED_EDGE('',*,*,#3912,.T.);
#904=ORIENTED_EDGE('',*,*,#3913,.F.);
#905=ORIENTED_EDGE('',*,*,#3914,.F.);
#906=ORIENTED_EDGE('',*,*,#3910,.T.);
#907=ORIENTED_EDGE('',*,*,#3915,.F.);
#908=ORIENTED_EDGE('',*,*,#3916,.F.);
#909=ORIENTED_EDGE('',*,*,#3917,.T.);
#910=ORIENTED_EDGE('',*,*,#3913,.T.);
#911=ORIENTED_EDGE('',*,*,#3918,.T.);
#912=ORIENTED_EDGE('',*,*,#3919,.F.);
#913=ORIENTED_EDGE('',*,*,#3920,.F.);
#914=ORIENTED_EDGE('',*,*,#3916,.T.);
#915=ORIENTED_EDGE('',*,*,#3921,.F.);
#916=ORIENTED_EDGE('',*,*,#3922,.F.);
#917=ORIENTED_EDGE('',*,*,#3923,.T.);
#918=ORIENTED_EDGE('',*,*,#3919,.T.);
#919=ORIENTED_EDGE('',*,*,#3924,.T.);
#920=ORIENTED_EDGE('',*,*,#3925,.F.);
#921=ORIENTED_EDGE('',*,*,#3926,.F.);
#922=ORIENTED_EDGE('',*,*,#3922,.T.);
#923=ORIENTED_EDGE('',*,*,#3927,.F.);
#924=ORIENTED_EDGE('',*,*,#3928,.F.);
#925=ORIENTED_EDGE('',*,*,#3929,.T.);
#926=ORIENTED_EDGE('',*,*,#3925,.T.);
#927=ORIENTED_EDGE('',*,*,#3930,.T.);
#928=ORIENTED_EDGE('',*,*,#3931,.F.);
#929=ORIENTED_EDGE('',*,*,#3932,.F.);
#930=ORIENTED_EDGE('',*,*,#3928,.T.);
#931=ORIENTED_EDGE('',*,*,#3933,.F.);
#932=ORIENTED_EDGE('',*,*,#3934,.F.);
#933=ORIENTED_EDGE('',*,*,#3935,.T.);
#934=ORIENTED_EDGE('',*,*,#3931,.T.);
#935=ORIENTED_EDGE('',*,*,#3936,.T.);
#936=ORIENTED_EDGE('',*,*,#3937,.F.);
#937=ORIENTED_EDGE('',*,*,#3938,.F.);
#938=ORIENTED_EDGE('',*,*,#3934,.T.);
#939=ORIENTED_EDGE('',*,*,#3939,.T.);
#940=ORIENTED_EDGE('',*,*,#3940,.F.);
#941=ORIENTED_EDGE('',*,*,#3941,.F.);
#942=ORIENTED_EDGE('',*,*,#3937,.T.);
#943=ORIENTED_EDGE('',*,*,#3942,.T.);
#944=ORIENTED_EDGE('',*,*,#3943,.F.);
#945=ORIENTED_EDGE('',*,*,#3944,.F.);
#946=ORIENTED_EDGE('',*,*,#3940,.T.);
#947=ORIENTED_EDGE('',*,*,#3945,.T.);
#948=ORIENTED_EDGE('',*,*,#3946,.F.);
#949=ORIENTED_EDGE('',*,*,#3947,.F.);
#950=ORIENTED_EDGE('',*,*,#3943,.T.);
#951=ORIENTED_EDGE('',*,*,#3948,.T.);
#952=ORIENTED_EDGE('',*,*,#3949,.F.);
#953=ORIENTED_EDGE('',*,*,#3950,.F.);
#954=ORIENTED_EDGE('',*,*,#3946,.T.);
#955=ORIENTED_EDGE('',*,*,#3951,.T.);
#956=ORIENTED_EDGE('',*,*,#3952,.F.);
#957=ORIENTED_EDGE('',*,*,#3953,.F.);
#958=ORIENTED_EDGE('',*,*,#3949,.T.);
#959=ORIENTED_EDGE('',*,*,#3954,.T.);
#960=ORIENTED_EDGE('',*,*,#3955,.F.);
#961=ORIENTED_EDGE('',*,*,#3956,.F.);
#962=ORIENTED_EDGE('',*,*,#3952,.T.);
#963=ORIENTED_EDGE('',*,*,#3957,.T.);
#964=ORIENTED_EDGE('',*,*,#3958,.F.);
#965=ORIENTED_EDGE('',*,*,#3959,.F.);
#966=ORIENTED_EDGE('',*,*,#3955,.T.);
#967=ORIENTED_EDGE('',*,*,#3960,.T.);
#968=ORIENTED_EDGE('',*,*,#3961,.F.);
#969=ORIENTED_EDGE('',*,*,#3962,.F.);
#970=ORIENTED_EDGE('',*,*,#3958,.T.);
#971=ORIENTED_EDGE('',*,*,#3963,.T.);
#972=ORIENTED_EDGE('',*,*,#3964,.F.);
#973=ORIENTED_EDGE('',*,*,#3965,.F.);
#974=ORIENTED_EDGE('',*,*,#3961,.T.);
#975=ORIENTED_EDGE('',*,*,#3966,.T.);
#976=ORIENTED_EDGE('',*,*,#3967,.F.);
#977=ORIENTED_EDGE('',*,*,#3968,.F.);
#978=ORIENTED_EDGE('',*,*,#3964,.T.);
#979=ORIENTED_EDGE('',*,*,#3969,.T.);
#980=ORIENTED_EDGE('',*,*,#3970,.F.);
#981=ORIENTED_EDGE('',*,*,#3971,.F.);
#982=ORIENTED_EDGE('',*,*,#3967,.T.);
#983=ORIENTED_EDGE('',*,*,#3972,.T.);
#984=ORIENTED_EDGE('',*,*,#3973,.F.);
#985=ORIENTED_EDGE('',*,*,#3974,.F.);
#986=ORIENTED_EDGE('',*,*,#3970,.T.);
#987=ORIENTED_EDGE('',*,*,#3975,.T.);
#988=ORIENTED_EDGE('',*,*,#3976,.F.);
#989=ORIENTED_EDGE('',*,*,#3977,.F.);
#990=ORIENTED_EDGE('',*,*,#3973,.T.);
#991=ORIENTED_EDGE('',*,*,#3978,.T.);
#992=ORIENTED_EDGE('',*,*,#3979,.F.);
#993=ORIENTED_EDGE('',*,*,#3980,.F.);
#994=ORIENTED_EDGE('',*,*,#3976,.T.);
#995=ORIENTED_EDGE('',*,*,#3981,.F.);
#996=ORIENTED_EDGE('',*,*,#3982,.F.);
#997=ORIENTED_EDGE('',*,*,#3983,.T.);
#998=ORIENTED_EDGE('',*,*,#3979,.T.);
#999=ORIENTED_EDGE('',*,*,#3984,.T.);
#1000=ORIENTED_EDGE('',*,*,#3985,.F.);
#1001=ORIENTED_EDGE('',*,*,#3986,.F.);
#1002=ORIENTED_EDGE('',*,*,#3982,.T.);
#1003=ORIENTED_EDGE('',*,*,#3987,.F.);
#1004=ORIENTED_EDGE('',*,*,#3988,.F.);
#1005=ORIENTED_EDGE('',*,*,#3989,.T.);
#1006=ORIENTED_EDGE('',*,*,#3985,.T.);
#1007=ORIENTED_EDGE('',*,*,#3990,.T.);
#1008=ORIENTED_EDGE('',*,*,#3991,.F.);
#1009=ORIENTED_EDGE('',*,*,#3992,.F.);
#1010=ORIENTED_EDGE('',*,*,#3988,.T.);
#1011=ORIENTED_EDGE('',*,*,#3993,.F.);
#1012=ORIENTED_EDGE('',*,*,#3994,.F.);
#1013=ORIENTED_EDGE('',*,*,#3995,.T.);
#1014=ORIENTED_EDGE('',*,*,#3991,.T.);
#1015=ORIENTED_EDGE('',*,*,#3996,.T.);
#1016=ORIENTED_EDGE('',*,*,#3997,.F.);
#1017=ORIENTED_EDGE('',*,*,#3998,.F.);
#1018=ORIENTED_EDGE('',*,*,#3994,.T.);
#1019=ORIENTED_EDGE('',*,*,#3999,.F.);
#1020=ORIENTED_EDGE('',*,*,#4000,.F.);
#1021=ORIENTED_EDGE('',*,*,#4001,.T.);
#1022=ORIENTED_EDGE('',*,*,#3997,.T.);
#1023=ORIENTED_EDGE('',*,*,#4002,.T.);
#1024=ORIENTED_EDGE('',*,*,#4003,.F.);
#1025=ORIENTED_EDGE('',*,*,#4004,.F.);
#1026=ORIENTED_EDGE('',*,*,#4000,.T.);
#1027=ORIENTED_EDGE('',*,*,#4005,.F.);
#1028=ORIENTED_EDGE('',*,*,#4006,.F.);
#1029=ORIENTED_EDGE('',*,*,#4007,.T.);
#1030=ORIENTED_EDGE('',*,*,#4003,.T.);
#1031=ORIENTED_EDGE('',*,*,#4008,.T.);
#1032=ORIENTED_EDGE('',*,*,#4009,.F.);
#1033=ORIENTED_EDGE('',*,*,#4010,.F.);
#1034=ORIENTED_EDGE('',*,*,#4006,.T.);
#1035=ORIENTED_EDGE('',*,*,#4011,.F.);
#1036=ORIENTED_EDGE('',*,*,#4012,.F.);
#1037=ORIENTED_EDGE('',*,*,#4013,.T.);
#1038=ORIENTED_EDGE('',*,*,#4009,.T.);
#1039=ORIENTED_EDGE('',*,*,#4014,.T.);
#1040=ORIENTED_EDGE('',*,*,#4015,.F.);
#1041=ORIENTED_EDGE('',*,*,#4016,.F.);
#1042=ORIENTED_EDGE('',*,*,#4012,.T.);
#1043=ORIENTED_EDGE('',*,*,#4017,.F.);
#1044=ORIENTED_EDGE('',*,*,#4018,.F.);
#1045=ORIENTED_EDGE('',*,*,#4019,.T.);
#1046=ORIENTED_EDGE('',*,*,#4015,.T.);
#1047=ORIENTED_EDGE('',*,*,#4020,.T.);
#1048=ORIENTED_EDGE('',*,*,#4021,.F.);
#1049=ORIENTED_EDGE('',*,*,#4022,.F.);
#1050=ORIENTED_EDGE('',*,*,#4018,.T.);
#1051=ORIENTED_EDGE('',*,*,#4023,.F.);
#1052=ORIENTED_EDGE('',*,*,#4024,.F.);
#1053=ORIENTED_EDGE('',*,*,#4025,.T.);
#1054=ORIENTED_EDGE('',*,*,#4021,.T.);
#1055=ORIENTED_EDGE('',*,*,#4026,.T.);
#1056=ORIENTED_EDGE('',*,*,#4027,.F.);
#1057=ORIENTED_EDGE('',*,*,#4028,.F.);
#1058=ORIENTED_EDGE('',*,*,#4024,.T.);
#1059=ORIENTED_EDGE('',*,*,#4029,.T.);
#1060=ORIENTED_EDGE('',*,*,#4030,.F.);
#1061=ORIENTED_EDGE('',*,*,#4031,.F.);
#1062=ORIENTED_EDGE('',*,*,#4027,.T.);
#1063=ORIENTED_EDGE('',*,*,#4032,.T.);
#1064=ORIENTED_EDGE('',*,*,#4033,.F.);
#1065=ORIENTED_EDGE('',*,*,#4034,.F.);
#1066=ORIENTED_EDGE('',*,*,#4030,.T.);
#1067=ORIENTED_EDGE('',*,*,#4035,.T.);
#1068=ORIENTED_EDGE('',*,*,#4036,.F.);
#1069=ORIENTED_EDGE('',*,*,#4037,.F.);
#1070=ORIENTED_EDGE('',*,*,#4033,.T.);
#1071=ORIENTED_EDGE('',*,*,#4038,.T.);
#1072=ORIENTED_EDGE('',*,*,#4039,.F.);
#1073=ORIENTED_EDGE('',*,*,#4040,.F.);
#1074=ORIENTED_EDGE('',*,*,#4036,.T.);
#1075=ORIENTED_EDGE('',*,*,#4041,.T.);
#1076=ORIENTED_EDGE('',*,*,#4042,.F.);
#1077=ORIENTED_EDGE('',*,*,#4043,.F.);
#1078=ORIENTED_EDGE('',*,*,#4039,.T.);
#1079=ORIENTED_EDGE('',*,*,#4044,.T.);
#1080=ORIENTED_EDGE('',*,*,#4045,.F.);
#1081=ORIENTED_EDGE('',*,*,#4046,.F.);
#1082=ORIENTED_EDGE('',*,*,#4042,.T.);
#1083=ORIENTED_EDGE('',*,*,#4047,.T.);
#1084=ORIENTED_EDGE('',*,*,#4048,.F.);
#1085=ORIENTED_EDGE('',*,*,#4049,.F.);
#1086=ORIENTED_EDGE('',*,*,#4045,.T.);
#1087=ORIENTED_EDGE('',*,*,#4050,.T.);
#1088=ORIENTED_EDGE('',*,*,#4051,.F.);
#1089=ORIENTED_EDGE('',*,*,#4052,.F.);
#1090=ORIENTED_EDGE('',*,*,#4048,.T.);
#1091=ORIENTED_EDGE('',*,*,#4053,.T.);
#1092=ORIENTED_EDGE('',*,*,#4054,.F.);
#1093=ORIENTED_EDGE('',*,*,#4055,.F.);
#1094=ORIENTED_EDGE('',*,*,#4051,.T.);
#1095=ORIENTED_EDGE('',*,*,#4056,.T.);
#1096=ORIENTED_EDGE('',*,*,#4057,.F.);
#1097=ORIENTED_EDGE('',*,*,#4058,.F.);
#1098=ORIENTED_EDGE('',*,*,#4054,.T.);
#1099=ORIENTED_EDGE('',*,*,#4059,.T.);
#1100=ORIENTED_EDGE('',*,*,#4060,.F.);
#1101=ORIENTED_EDGE('',*,*,#4061,.F.);
#1102=ORIENTED_EDGE('',*,*,#4057,.T.);
#1103=ORIENTED_EDGE('',*,*,#4062,.T.);
#1104=ORIENTED_EDGE('',*,*,#4063,.F.);
#1105=ORIENTED_EDGE('',*,*,#4064,.F.);
#1106=ORIENTED_EDGE('',*,*,#4060,.T.);
#1107=ORIENTED_EDGE('',*,*,#4065,.T.);
#1108=ORIENTED_EDGE('',*,*,#4066,.F.);
#1109=ORIENTED_EDGE('',*,*,#4067,.F.);
#1110=ORIENTED_EDGE('',*,*,#4063,.T.);
#1111=ORIENTED_EDGE('',*,*,#4068,.T.);
#1112=ORIENTED_EDGE('',*,*,#4069,.F.);
#1113=ORIENTED_EDGE('',*,*,#4070,.F.);
#1114=ORIENTED_EDGE('',*,*,#4066,.T.);
#1115=ORIENTED_EDGE('',*,*,#4071,.F.);
#1116=ORIENTED_EDGE('',*,*,#4072,.F.);
#1117=ORIENTED_EDGE('',*,*,#4073,.T.);
#1118=ORIENTED_EDGE('',*,*,#4069,.T.);
#1119=ORIENTED_EDGE('',*,*,#4074,.T.);
#1120=ORIENTED_EDGE('',*,*,#4075,.F.);
#1121=ORIENTED_EDGE('',*,*,#4076,.F.);
#1122=ORIENTED_EDGE('',*,*,#4072,.T.);
#1123=ORIENTED_EDGE('',*,*,#4077,.F.);
#1124=ORIENTED_EDGE('',*,*,#4078,.F.);
#1125=ORIENTED_EDGE('',*,*,#4079,.T.);
#1126=ORIENTED_EDGE('',*,*,#4075,.T.);
#1127=ORIENTED_EDGE('',*,*,#4080,.T.);
#1128=ORIENTED_EDGE('',*,*,#4081,.F.);
#1129=ORIENTED_EDGE('',*,*,#4082,.F.);
#1130=ORIENTED_EDGE('',*,*,#4078,.T.);
#1131=ORIENTED_EDGE('',*,*,#4083,.F.);
#1132=ORIENTED_EDGE('',*,*,#4084,.F.);
#1133=ORIENTED_EDGE('',*,*,#4085,.T.);
#1134=ORIENTED_EDGE('',*,*,#4081,.T.);
#1135=ORIENTED_EDGE('',*,*,#4086,.T.);
#1136=ORIENTED_EDGE('',*,*,#4087,.F.);
#1137=ORIENTED_EDGE('',*,*,#4088,.F.);
#1138=ORIENTED_EDGE('',*,*,#4084,.T.);
#1139=ORIENTED_EDGE('',*,*,#4089,.F.);
#1140=ORIENTED_EDGE('',*,*,#4090,.F.);
#1141=ORIENTED_EDGE('',*,*,#4091,.T.);
#1142=ORIENTED_EDGE('',*,*,#4087,.T.);
#1143=ORIENTED_EDGE('',*,*,#4092,.T.);
#1144=ORIENTED_EDGE('',*,*,#4093,.F.);
#1145=ORIENTED_EDGE('',*,*,#4094,.F.);
#1146=ORIENTED_EDGE('',*,*,#4090,.T.);
#1147=ORIENTED_EDGE('',*,*,#4095,.F.);
#1148=ORIENTED_EDGE('',*,*,#4096,.F.);
#1149=ORIENTED_EDGE('',*,*,#4097,.T.);
#1150=ORIENTED_EDGE('',*,*,#4093,.T.);
#1151=ORIENTED_EDGE('',*,*,#4098,.T.);
#1152=ORIENTED_EDGE('',*,*,#4099,.F.);
#1153=ORIENTED_EDGE('',*,*,#4100,.F.);
#1154=ORIENTED_EDGE('',*,*,#4096,.T.);
#1155=ORIENTED_EDGE('',*,*,#4101,.F.);
#1156=ORIENTED_EDGE('',*,*,#4102,.F.);
#1157=ORIENTED_EDGE('',*,*,#4103,.T.);
#1158=ORIENTED_EDGE('',*,*,#4099,.T.);
#1159=ORIENTED_EDGE('',*,*,#4104,.T.);
#1160=ORIENTED_EDGE('',*,*,#4105,.F.);
#1161=ORIENTED_EDGE('',*,*,#4106,.F.);
#1162=ORIENTED_EDGE('',*,*,#4102,.T.);
#1163=ORIENTED_EDGE('',*,*,#4107,.F.);
#1164=ORIENTED_EDGE('',*,*,#4108,.F.);
#1165=ORIENTED_EDGE('',*,*,#4109,.T.);
#1166=ORIENTED_EDGE('',*,*,#4105,.T.);
#1167=ORIENTED_EDGE('',*,*,#4110,.T.);
#1168=ORIENTED_EDGE('',*,*,#4111,.F.);
#1169=ORIENTED_EDGE('',*,*,#4112,.F.);
#1170=ORIENTED_EDGE('',*,*,#4108,.T.);
#1171=ORIENTED_EDGE('',*,*,#4113,.F.);
#1172=ORIENTED_EDGE('',*,*,#4114,.F.);
#1173=ORIENTED_EDGE('',*,*,#4115,.T.);
#1174=ORIENTED_EDGE('',*,*,#4111,.T.);
#1175=ORIENTED_EDGE('',*,*,#4116,.T.);
#1176=ORIENTED_EDGE('',*,*,#4117,.F.);
#1177=ORIENTED_EDGE('',*,*,#4118,.F.);
#1178=ORIENTED_EDGE('',*,*,#4114,.T.);
#1179=ORIENTED_EDGE('',*,*,#4119,.T.);
#1180=ORIENTED_EDGE('',*,*,#4120,.F.);
#1181=ORIENTED_EDGE('',*,*,#4121,.F.);
#1182=ORIENTED_EDGE('',*,*,#4117,.T.);
#1183=ORIENTED_EDGE('',*,*,#4122,.T.);
#1184=ORIENTED_EDGE('',*,*,#4123,.F.);
#1185=ORIENTED_EDGE('',*,*,#4124,.F.);
#1186=ORIENTED_EDGE('',*,*,#4120,.T.);
#1187=ORIENTED_EDGE('',*,*,#4125,.T.);
#1188=ORIENTED_EDGE('',*,*,#4126,.F.);
#1189=ORIENTED_EDGE('',*,*,#4127,.F.);
#1190=ORIENTED_EDGE('',*,*,#4123,.T.);
#1191=ORIENTED_EDGE('',*,*,#4128,.T.);
#1192=ORIENTED_EDGE('',*,*,#4129,.F.);
#1193=ORIENTED_EDGE('',*,*,#4130,.F.);
#1194=ORIENTED_EDGE('',*,*,#4126,.T.);
#1195=ORIENTED_EDGE('',*,*,#4131,.T.);
#1196=ORIENTED_EDGE('',*,*,#4132,.F.);
#1197=ORIENTED_EDGE('',*,*,#4133,.F.);
#1198=ORIENTED_EDGE('',*,*,#4129,.T.);
#1199=ORIENTED_EDGE('',*,*,#4134,.T.);
#1200=ORIENTED_EDGE('',*,*,#4135,.F.);
#1201=ORIENTED_EDGE('',*,*,#4136,.F.);
#1202=ORIENTED_EDGE('',*,*,#4132,.T.);
#1203=ORIENTED_EDGE('',*,*,#4137,.T.);
#1204=ORIENTED_EDGE('',*,*,#4138,.F.);
#1205=ORIENTED_EDGE('',*,*,#4139,.F.);
#1206=ORIENTED_EDGE('',*,*,#4135,.T.);
#1207=ORIENTED_EDGE('',*,*,#4140,.T.);
#1208=ORIENTED_EDGE('',*,*,#4141,.F.);
#1209=ORIENTED_EDGE('',*,*,#4142,.F.);
#1210=ORIENTED_EDGE('',*,*,#4138,.T.);
#1211=ORIENTED_EDGE('',*,*,#4143,.T.);
#1212=ORIENTED_EDGE('',*,*,#4144,.F.);
#1213=ORIENTED_EDGE('',*,*,#4145,.F.);
#1214=ORIENTED_EDGE('',*,*,#4141,.T.);
#1215=ORIENTED_EDGE('',*,*,#4146,.T.);
#1216=ORIENTED_EDGE('',*,*,#4147,.F.);
#1217=ORIENTED_EDGE('',*,*,#4148,.F.);
#1218=ORIENTED_EDGE('',*,*,#4144,.T.);
#1219=ORIENTED_EDGE('',*,*,#4149,.T.);
#1220=ORIENTED_EDGE('',*,*,#4150,.F.);
#1221=ORIENTED_EDGE('',*,*,#4151,.F.);
#1222=ORIENTED_EDGE('',*,*,#4147,.T.);
#1223=ORIENTED_EDGE('',*,*,#4152,.T.);
#1224=ORIENTED_EDGE('',*,*,#4153,.F.);
#1225=ORIENTED_EDGE('',*,*,#4154,.F.);
#1226=ORIENTED_EDGE('',*,*,#4150,.T.);
#1227=ORIENTED_EDGE('',*,*,#4155,.T.);
#1228=ORIENTED_EDGE('',*,*,#4156,.F.);
#1229=ORIENTED_EDGE('',*,*,#4157,.F.);
#1230=ORIENTED_EDGE('',*,*,#4153,.T.);
#1231=ORIENTED_EDGE('',*,*,#4158,.T.);
#1232=ORIENTED_EDGE('',*,*,#4159,.F.);
#1233=ORIENTED_EDGE('',*,*,#4160,.F.);
#1234=ORIENTED_EDGE('',*,*,#4156,.T.);
#1235=ORIENTED_EDGE('',*,*,#4161,.F.);
#1236=ORIENTED_EDGE('',*,*,#4162,.F.);
#1237=ORIENTED_EDGE('',*,*,#4163,.T.);
#1238=ORIENTED_EDGE('',*,*,#4159,.T.);
#1239=ORIENTED_EDGE('',*,*,#4164,.T.);
#1240=ORIENTED_EDGE('',*,*,#4165,.F.);
#1241=ORIENTED_EDGE('',*,*,#4166,.F.);
#1242=ORIENTED_EDGE('',*,*,#4162,.T.);
#1243=ORIENTED_EDGE('',*,*,#4167,.F.);
#1244=ORIENTED_EDGE('',*,*,#4168,.F.);
#1245=ORIENTED_EDGE('',*,*,#4169,.T.);
#1246=ORIENTED_EDGE('',*,*,#4165,.T.);
#1247=ORIENTED_EDGE('',*,*,#4170,.T.);
#1248=ORIENTED_EDGE('',*,*,#4171,.F.);
#1249=ORIENTED_EDGE('',*,*,#4172,.F.);
#1250=ORIENTED_EDGE('',*,*,#4168,.T.);
#1251=ORIENTED_EDGE('',*,*,#4173,.F.);
#1252=ORIENTED_EDGE('',*,*,#4174,.F.);
#1253=ORIENTED_EDGE('',*,*,#4175,.T.);
#1254=ORIENTED_EDGE('',*,*,#4171,.T.);
#1255=ORIENTED_EDGE('',*,*,#4176,.T.);
#1256=ORIENTED_EDGE('',*,*,#4177,.F.);
#1257=ORIENTED_EDGE('',*,*,#4178,.F.);
#1258=ORIENTED_EDGE('',*,*,#4174,.T.);
#1259=ORIENTED_EDGE('',*,*,#4179,.F.);
#1260=ORIENTED_EDGE('',*,*,#4180,.F.);
#1261=ORIENTED_EDGE('',*,*,#4181,.T.);
#1262=ORIENTED_EDGE('',*,*,#4177,.T.);
#1263=ORIENTED_EDGE('',*,*,#4182,.T.);
#1264=ORIENTED_EDGE('',*,*,#4183,.F.);
#1265=ORIENTED_EDGE('',*,*,#4184,.F.);
#1266=ORIENTED_EDGE('',*,*,#4180,.T.);
#1267=ORIENTED_EDGE('',*,*,#4185,.F.);
#1268=ORIENTED_EDGE('',*,*,#4186,.F.);
#1269=ORIENTED_EDGE('',*,*,#4187,.T.);
#1270=ORIENTED_EDGE('',*,*,#4183,.T.);
#1271=ORIENTED_EDGE('',*,*,#4188,.T.);
#1272=ORIENTED_EDGE('',*,*,#4189,.F.);
#1273=ORIENTED_EDGE('',*,*,#4190,.F.);
#1274=ORIENTED_EDGE('',*,*,#4186,.T.);
#1275=ORIENTED_EDGE('',*,*,#4191,.F.);
#1276=ORIENTED_EDGE('',*,*,#4192,.F.);
#1277=ORIENTED_EDGE('',*,*,#4193,.T.);
#1278=ORIENTED_EDGE('',*,*,#4189,.T.);
#1279=ORIENTED_EDGE('',*,*,#4194,.T.);
#1280=ORIENTED_EDGE('',*,*,#4195,.F.);
#1281=ORIENTED_EDGE('',*,*,#4196,.F.);
#1282=ORIENTED_EDGE('',*,*,#4192,.T.);
#1283=ORIENTED_EDGE('',*,*,#4197,.F.);
#1284=ORIENTED_EDGE('',*,*,#4198,.F.);
#1285=ORIENTED_EDGE('',*,*,#4199,.T.);
#1286=ORIENTED_EDGE('',*,*,#4195,.T.);
#1287=ORIENTED_EDGE('',*,*,#4200,.T.);
#1288=ORIENTED_EDGE('',*,*,#4201,.F.);
#1289=ORIENTED_EDGE('',*,*,#4202,.F.);
#1290=ORIENTED_EDGE('',*,*,#4198,.T.);
#1291=ORIENTED_EDGE('',*,*,#4203,.F.);
#1292=ORIENTED_EDGE('',*,*,#4204,.F.);
#1293=ORIENTED_EDGE('',*,*,#4205,.T.);
#1294=ORIENTED_EDGE('',*,*,#4201,.T.);
#1295=ORIENTED_EDGE('',*,*,#4206,.T.);
#1296=ORIENTED_EDGE('',*,*,#4207,.F.);
#1297=ORIENTED_EDGE('',*,*,#4208,.F.);
#1298=ORIENTED_EDGE('',*,*,#4204,.T.);
#1299=ORIENTED_EDGE('',*,*,#4209,.T.);
#1300=ORIENTED_EDGE('',*,*,#4210,.F.);
#1301=ORIENTED_EDGE('',*,*,#4211,.F.);
#1302=ORIENTED_EDGE('',*,*,#4207,.T.);
#1303=ORIENTED_EDGE('',*,*,#4212,.T.);
#1304=ORIENTED_EDGE('',*,*,#4213,.F.);
#1305=ORIENTED_EDGE('',*,*,#4214,.F.);
#1306=ORIENTED_EDGE('',*,*,#4210,.T.);
#1307=ORIENTED_EDGE('',*,*,#4215,.F.);
#1308=ORIENTED_EDGE('',*,*,#4216,.F.);
#1309=ORIENTED_EDGE('',*,*,#4217,.T.);
#1310=ORIENTED_EDGE('',*,*,#4218,.T.);
#1311=ORIENTED_EDGE('',*,*,#4219,.F.);
#1312=ORIENTED_EDGE('',*,*,#4220,.F.);
#1313=ORIENTED_EDGE('',*,*,#4221,.T.);
#1314=ORIENTED_EDGE('',*,*,#4216,.T.);
#1315=ORIENTED_EDGE('',*,*,#4222,.F.);
#1316=ORIENTED_EDGE('',*,*,#4223,.F.);
#1317=ORIENTED_EDGE('',*,*,#4224,.T.);
#1318=ORIENTED_EDGE('',*,*,#4220,.T.);
#1319=ORIENTED_EDGE('',*,*,#4225,.F.);
#1320=ORIENTED_EDGE('',*,*,#4226,.F.);
#1321=ORIENTED_EDGE('',*,*,#4227,.T.);
#1322=ORIENTED_EDGE('',*,*,#4223,.T.);
#1323=ORIENTED_EDGE('',*,*,#4228,.F.);
#1324=ORIENTED_EDGE('',*,*,#4229,.F.);
#1325=ORIENTED_EDGE('',*,*,#4230,.T.);
#1326=ORIENTED_EDGE('',*,*,#4226,.T.);
#1327=ORIENTED_EDGE('',*,*,#4231,.F.);
#1328=ORIENTED_EDGE('',*,*,#4232,.F.);
#1329=ORIENTED_EDGE('',*,*,#4233,.T.);
#1330=ORIENTED_EDGE('',*,*,#4229,.T.);
#1331=ORIENTED_EDGE('',*,*,#4234,.F.);
#1332=ORIENTED_EDGE('',*,*,#4235,.F.);
#1333=ORIENTED_EDGE('',*,*,#4236,.T.);
#1334=ORIENTED_EDGE('',*,*,#4232,.T.);
#1335=ORIENTED_EDGE('',*,*,#4237,.F.);
#1336=ORIENTED_EDGE('',*,*,#4238,.F.);
#1337=ORIENTED_EDGE('',*,*,#4239,.T.);
#1338=ORIENTED_EDGE('',*,*,#4240,.T.);
#1339=ORIENTED_EDGE('',*,*,#4241,.F.);
#1340=ORIENTED_EDGE('',*,*,#4242,.F.);
#1341=ORIENTED_EDGE('',*,*,#4243,.T.);
#1342=ORIENTED_EDGE('',*,*,#4238,.T.);
#1343=ORIENTED_EDGE('',*,*,#4244,.F.);
#1344=ORIENTED_EDGE('',*,*,#4245,.F.);
#1345=ORIENTED_EDGE('',*,*,#4246,.T.);
#1346=ORIENTED_EDGE('',*,*,#4242,.T.);
#1347=ORIENTED_EDGE('',*,*,#4247,.F.);
#1348=ORIENTED_EDGE('',*,*,#4248,.F.);
#1349=ORIENTED_EDGE('',*,*,#4249,.T.);
#1350=ORIENTED_EDGE('',*,*,#4245,.T.);
#1351=ORIENTED_EDGE('',*,*,#4250,.F.);
#1352=ORIENTED_EDGE('',*,*,#4251,.F.);
#1353=ORIENTED_EDGE('',*,*,#4252,.T.);
#1354=ORIENTED_EDGE('',*,*,#4248,.T.);
#1355=ORIENTED_EDGE('',*,*,#4253,.F.);
#1356=ORIENTED_EDGE('',*,*,#4254,.F.);
#1357=ORIENTED_EDGE('',*,*,#4255,.T.);
#1358=ORIENTED_EDGE('',*,*,#4251,.T.);
#1359=ORIENTED_EDGE('',*,*,#4256,.F.);
#1360=ORIENTED_EDGE('',*,*,#4257,.F.);
#1361=ORIENTED_EDGE('',*,*,#4258,.T.);
#1362=ORIENTED_EDGE('',*,*,#4254,.T.);
#1363=ORIENTED_EDGE('',*,*,#4259,.F.);
#1364=ORIENTED_EDGE('',*,*,#4260,.F.);
#1365=ORIENTED_EDGE('',*,*,#4261,.T.);
#1366=ORIENTED_EDGE('',*,*,#4262,.T.);
#1367=ORIENTED_EDGE('',*,*,#4263,.F.);
#1368=ORIENTED_EDGE('',*,*,#4264,.F.);
#1369=ORIENTED_EDGE('',*,*,#4265,.T.);
#1370=ORIENTED_EDGE('',*,*,#4260,.T.);
#1371=ORIENTED_EDGE('',*,*,#4266,.F.);
#1372=ORIENTED_EDGE('',*,*,#4267,.F.);
#1373=ORIENTED_EDGE('',*,*,#4268,.T.);
#1374=ORIENTED_EDGE('',*,*,#4264,.T.);
#1375=ORIENTED_EDGE('',*,*,#4269,.F.);
#1376=ORIENTED_EDGE('',*,*,#4270,.F.);
#1377=ORIENTED_EDGE('',*,*,#4271,.T.);
#1378=ORIENTED_EDGE('',*,*,#4267,.T.);
#1379=ORIENTED_EDGE('',*,*,#4272,.F.);
#1380=ORIENTED_EDGE('',*,*,#4273,.F.);
#1381=ORIENTED_EDGE('',*,*,#4274,.T.);
#1382=ORIENTED_EDGE('',*,*,#4270,.T.);
#1383=ORIENTED_EDGE('',*,*,#4275,.F.);
#1384=ORIENTED_EDGE('',*,*,#4276,.F.);
#1385=ORIENTED_EDGE('',*,*,#4277,.T.);
#1386=ORIENTED_EDGE('',*,*,#4273,.T.);
#1387=ORIENTED_EDGE('',*,*,#4278,.F.);
#1388=ORIENTED_EDGE('',*,*,#4279,.F.);
#1389=ORIENTED_EDGE('',*,*,#4280,.T.);
#1390=ORIENTED_EDGE('',*,*,#4276,.T.);
#1391=ORIENTED_EDGE('',*,*,#4281,.F.);
#1392=ORIENTED_EDGE('',*,*,#4282,.F.);
#1393=ORIENTED_EDGE('',*,*,#4283,.T.);
#1394=ORIENTED_EDGE('',*,*,#4284,.T.);
#1395=ORIENTED_EDGE('',*,*,#4285,.F.);
#1396=ORIENTED_EDGE('',*,*,#4286,.F.);
#1397=ORIENTED_EDGE('',*,*,#4287,.T.);
#1398=ORIENTED_EDGE('',*,*,#4282,.T.);
#1399=ORIENTED_EDGE('',*,*,#4288,.F.);
#1400=ORIENTED_EDGE('',*,*,#4289,.F.);
#1401=ORIENTED_EDGE('',*,*,#4290,.T.);
#1402=ORIENTED_EDGE('',*,*,#4286,.T.);
#1403=ORIENTED_EDGE('',*,*,#4291,.F.);
#1404=ORIENTED_EDGE('',*,*,#4292,.F.);
#1405=ORIENTED_EDGE('',*,*,#4293,.T.);
#1406=ORIENTED_EDGE('',*,*,#4289,.T.);
#1407=ORIENTED_EDGE('',*,*,#4294,.F.);
#1408=ORIENTED_EDGE('',*,*,#4295,.F.);
#1409=ORIENTED_EDGE('',*,*,#4296,.T.);
#1410=ORIENTED_EDGE('',*,*,#4292,.T.);
#1411=ORIENTED_EDGE('',*,*,#4297,.F.);
#1412=ORIENTED_EDGE('',*,*,#4298,.F.);
#1413=ORIENTED_EDGE('',*,*,#4299,.T.);
#1414=ORIENTED_EDGE('',*,*,#4295,.T.);
#1415=ORIENTED_EDGE('',*,*,#4300,.F.);
#1416=ORIENTED_EDGE('',*,*,#4301,.F.);
#1417=ORIENTED_EDGE('',*,*,#4302,.T.);
#1418=ORIENTED_EDGE('',*,*,#4298,.T.);
#1419=ORIENTED_EDGE('',*,*,#4303,.F.);
#1420=ORIENTED_EDGE('',*,*,#4304,.F.);
#1421=ORIENTED_EDGE('',*,*,#4305,.T.);
#1422=ORIENTED_EDGE('',*,*,#4306,.T.);
#1423=ORIENTED_EDGE('',*,*,#4307,.F.);
#1424=ORIENTED_EDGE('',*,*,#4308,.F.);
#1425=ORIENTED_EDGE('',*,*,#4309,.T.);
#1426=ORIENTED_EDGE('',*,*,#4304,.T.);
#1427=ORIENTED_EDGE('',*,*,#4310,.F.);
#1428=ORIENTED_EDGE('',*,*,#4311,.F.);
#1429=ORIENTED_EDGE('',*,*,#4312,.T.);
#1430=ORIENTED_EDGE('',*,*,#4308,.T.);
#1431=ORIENTED_EDGE('',*,*,#4313,.F.);
#1432=ORIENTED_EDGE('',*,*,#4314,.F.);
#1433=ORIENTED_EDGE('',*,*,#4315,.T.);
#1434=ORIENTED_EDGE('',*,*,#4311,.T.);
#1435=ORIENTED_EDGE('',*,*,#4316,.F.);
#1436=ORIENTED_EDGE('',*,*,#4317,.F.);
#1437=ORIENTED_EDGE('',*,*,#4318,.T.);
#1438=ORIENTED_EDGE('',*,*,#4314,.T.);
#1439=ORIENTED_EDGE('',*,*,#4319,.F.);
#1440=ORIENTED_EDGE('',*,*,#4320,.F.);
#1441=ORIENTED_EDGE('',*,*,#4321,.T.);
#1442=ORIENTED_EDGE('',*,*,#4317,.T.);
#1443=ORIENTED_EDGE('',*,*,#4322,.F.);
#1444=ORIENTED_EDGE('',*,*,#4323,.F.);
#1445=ORIENTED_EDGE('',*,*,#4324,.T.);
#1446=ORIENTED_EDGE('',*,*,#4320,.T.);
#1447=ORIENTED_EDGE('',*,*,#4325,.F.);
#1448=ORIENTED_EDGE('',*,*,#4326,.F.);
#1449=ORIENTED_EDGE('',*,*,#4327,.T.);
#1450=ORIENTED_EDGE('',*,*,#4323,.T.);
#1451=ORIENTED_EDGE('',*,*,#4328,.F.);
#1452=ORIENTED_EDGE('',*,*,#4329,.F.);
#1453=ORIENTED_EDGE('',*,*,#4330,.T.);
#1454=ORIENTED_EDGE('',*,*,#4326,.T.);
#1455=ORIENTED_EDGE('',*,*,#4331,.F.);
#1456=ORIENTED_EDGE('',*,*,#4332,.F.);
#1457=ORIENTED_EDGE('',*,*,#4333,.T.);
#1458=ORIENTED_EDGE('',*,*,#4329,.T.);
#1459=ORIENTED_EDGE('',*,*,#4334,.F.);
#1460=ORIENTED_EDGE('',*,*,#4335,.F.);
#1461=ORIENTED_EDGE('',*,*,#4336,.T.);
#1462=ORIENTED_EDGE('',*,*,#4332,.T.);
#1463=ORIENTED_EDGE('',*,*,#4337,.F.);
#1464=ORIENTED_EDGE('',*,*,#4338,.F.);
#1465=ORIENTED_EDGE('',*,*,#4339,.T.);
#1466=ORIENTED_EDGE('',*,*,#4335,.T.);
#1467=ORIENTED_EDGE('',*,*,#4340,.F.);
#1468=ORIENTED_EDGE('',*,*,#4341,.F.);
#1469=ORIENTED_EDGE('',*,*,#4342,.T.);
#1470=ORIENTED_EDGE('',*,*,#4338,.T.);
#1471=ORIENTED_EDGE('',*,*,#4343,.F.);
#1472=ORIENTED_EDGE('',*,*,#4344,.F.);
#1473=ORIENTED_EDGE('',*,*,#4345,.T.);
#1474=ORIENTED_EDGE('',*,*,#4341,.T.);
#1475=ORIENTED_EDGE('',*,*,#4346,.F.);
#1476=ORIENTED_EDGE('',*,*,#4347,.F.);
#1477=ORIENTED_EDGE('',*,*,#4348,.T.);
#1478=ORIENTED_EDGE('',*,*,#4344,.T.);
#1479=ORIENTED_EDGE('',*,*,#4349,.F.);
#1480=ORIENTED_EDGE('',*,*,#4350,.F.);
#1481=ORIENTED_EDGE('',*,*,#4351,.T.);
#1482=ORIENTED_EDGE('',*,*,#4347,.T.);
#1483=ORIENTED_EDGE('',*,*,#4352,.F.);
#1484=ORIENTED_EDGE('',*,*,#4353,.F.);
#1485=ORIENTED_EDGE('',*,*,#4354,.T.);
#1486=ORIENTED_EDGE('',*,*,#4350,.T.);
#1487=ORIENTED_EDGE('',*,*,#4355,.F.);
#1488=ORIENTED_EDGE('',*,*,#4356,.F.);
#1489=ORIENTED_EDGE('',*,*,#4357,.T.);
#1490=ORIENTED_EDGE('',*,*,#4353,.T.);
#1491=ORIENTED_EDGE('',*,*,#4358,.F.);
#1492=ORIENTED_EDGE('',*,*,#4359,.F.);
#1493=ORIENTED_EDGE('',*,*,#4360,.T.);
#1494=ORIENTED_EDGE('',*,*,#4356,.T.);
#1495=ORIENTED_EDGE('',*,*,#4361,.F.);
#1496=ORIENTED_EDGE('',*,*,#4362,.F.);
#1497=ORIENTED_EDGE('',*,*,#4363,.T.);
#1498=ORIENTED_EDGE('',*,*,#4359,.T.);
#1499=ORIENTED_EDGE('',*,*,#4364,.F.);
#1500=ORIENTED_EDGE('',*,*,#4365,.F.);
#1501=ORIENTED_EDGE('',*,*,#4366,.T.);
#1502=ORIENTED_EDGE('',*,*,#4362,.T.);
#1503=ORIENTED_EDGE('',*,*,#4367,.F.);
#1504=ORIENTED_EDGE('',*,*,#4368,.F.);
#1505=ORIENTED_EDGE('',*,*,#4369,.T.);
#1506=ORIENTED_EDGE('',*,*,#4365,.T.);
#1507=ORIENTED_EDGE('',*,*,#4370,.F.);
#1508=ORIENTED_EDGE('',*,*,#4371,.F.);
#1509=ORIENTED_EDGE('',*,*,#4372,.T.);
#1510=ORIENTED_EDGE('',*,*,#4368,.T.);
#1511=ORIENTED_EDGE('',*,*,#4373,.F.);
#1512=ORIENTED_EDGE('',*,*,#4374,.F.);
#1513=ORIENTED_EDGE('',*,*,#4375,.T.);
#1514=ORIENTED_EDGE('',*,*,#4371,.T.);
#1515=ORIENTED_EDGE('',*,*,#4376,.F.);
#1516=ORIENTED_EDGE('',*,*,#4377,.F.);
#1517=ORIENTED_EDGE('',*,*,#4378,.T.);
#1518=ORIENTED_EDGE('',*,*,#4374,.T.);
#1519=ORIENTED_EDGE('',*,*,#4379,.F.);
#1520=ORIENTED_EDGE('',*,*,#4380,.F.);
#1521=ORIENTED_EDGE('',*,*,#4381,.T.);
#1522=ORIENTED_EDGE('',*,*,#4377,.T.);
#1523=ORIENTED_EDGE('',*,*,#4382,.F.);
#1524=ORIENTED_EDGE('',*,*,#4383,.F.);
#1525=ORIENTED_EDGE('',*,*,#4384,.T.);
#1526=ORIENTED_EDGE('',*,*,#4380,.T.);
#1527=ORIENTED_EDGE('',*,*,#4385,.F.);
#1528=ORIENTED_EDGE('',*,*,#4386,.F.);
#1529=ORIENTED_EDGE('',*,*,#4387,.T.);
#1530=ORIENTED_EDGE('',*,*,#4383,.T.);
#1531=ORIENTED_EDGE('',*,*,#4388,.F.);
#1532=ORIENTED_EDGE('',*,*,#4389,.F.);
#1533=ORIENTED_EDGE('',*,*,#4390,.T.);
#1534=ORIENTED_EDGE('',*,*,#4386,.T.);
#1535=ORIENTED_EDGE('',*,*,#4391,.F.);
#1536=ORIENTED_EDGE('',*,*,#4392,.F.);
#1537=ORIENTED_EDGE('',*,*,#4393,.T.);
#1538=ORIENTED_EDGE('',*,*,#4389,.T.);
#1539=ORIENTED_EDGE('',*,*,#4394,.F.);
#1540=ORIENTED_EDGE('',*,*,#4395,.F.);
#1541=ORIENTED_EDGE('',*,*,#4396,.T.);
#1542=ORIENTED_EDGE('',*,*,#4392,.T.);
#1543=ORIENTED_EDGE('',*,*,#4397,.F.);
#1544=ORIENTED_EDGE('',*,*,#4398,.F.);
#1545=ORIENTED_EDGE('',*,*,#4399,.T.);
#1546=ORIENTED_EDGE('',*,*,#4395,.T.);
#1547=ORIENTED_EDGE('',*,*,#4400,.F.);
#1548=ORIENTED_EDGE('',*,*,#4401,.F.);
#1549=ORIENTED_EDGE('',*,*,#4402,.T.);
#1550=ORIENTED_EDGE('',*,*,#4398,.T.);
#1551=ORIENTED_EDGE('',*,*,#4403,.F.);
#1552=ORIENTED_EDGE('',*,*,#4404,.F.);
#1553=ORIENTED_EDGE('',*,*,#4405,.T.);
#1554=ORIENTED_EDGE('',*,*,#4401,.T.);
#1555=ORIENTED_EDGE('',*,*,#4406,.F.);
#1556=ORIENTED_EDGE('',*,*,#4407,.F.);
#1557=ORIENTED_EDGE('',*,*,#4408,.T.);
#1558=ORIENTED_EDGE('',*,*,#4404,.T.);
#1559=ORIENTED_EDGE('',*,*,#4409,.F.);
#1560=ORIENTED_EDGE('',*,*,#4410,.F.);
#1561=ORIENTED_EDGE('',*,*,#4411,.T.);
#1562=ORIENTED_EDGE('',*,*,#4407,.T.);
#1563=ORIENTED_EDGE('',*,*,#4412,.F.);
#1564=ORIENTED_EDGE('',*,*,#4413,.F.);
#1565=ORIENTED_EDGE('',*,*,#4414,.T.);
#1566=ORIENTED_EDGE('',*,*,#4410,.T.);
#1567=ORIENTED_EDGE('',*,*,#4415,.F.);
#1568=ORIENTED_EDGE('',*,*,#4416,.F.);
#1569=ORIENTED_EDGE('',*,*,#4417,.T.);
#1570=ORIENTED_EDGE('',*,*,#4413,.T.);
#1571=ORIENTED_EDGE('',*,*,#4418,.F.);
#1572=ORIENTED_EDGE('',*,*,#4419,.F.);
#1573=ORIENTED_EDGE('',*,*,#4420,.T.);
#1574=ORIENTED_EDGE('',*,*,#4416,.T.);
#1575=ORIENTED_EDGE('',*,*,#4421,.F.);
#1576=ORIENTED_EDGE('',*,*,#4218,.F.);
#1577=ORIENTED_EDGE('',*,*,#4422,.T.);
#1578=ORIENTED_EDGE('',*,*,#4235,.T.);
#1579=ORIENTED_EDGE('',*,*,#4423,.F.);
#1580=ORIENTED_EDGE('',*,*,#4240,.F.);
#1581=ORIENTED_EDGE('',*,*,#4424,.T.);
#1582=ORIENTED_EDGE('',*,*,#4257,.T.);
#1583=ORIENTED_EDGE('',*,*,#4425,.F.);
#1584=ORIENTED_EDGE('',*,*,#4262,.F.);
#1585=ORIENTED_EDGE('',*,*,#4426,.T.);
#1586=ORIENTED_EDGE('',*,*,#4279,.T.);
#1587=ORIENTED_EDGE('',*,*,#4427,.F.);
#1588=ORIENTED_EDGE('',*,*,#4284,.F.);
#1589=ORIENTED_EDGE('',*,*,#4428,.T.);
#1590=ORIENTED_EDGE('',*,*,#4301,.T.);
#1591=ORIENTED_EDGE('',*,*,#4429,.F.);
#1592=ORIENTED_EDGE('',*,*,#4306,.F.);
#1593=ORIENTED_EDGE('',*,*,#4430,.T.);
#1594=ORIENTED_EDGE('',*,*,#4419,.T.);
#1595=ORIENTED_EDGE('',*,*,#4431,.T.);
#1596=ORIENTED_EDGE('',*,*,#3860,.F.);
#1597=ORIENTED_EDGE('',*,*,#4432,.F.);
#1598=ORIENTED_EDGE('',*,*,#4213,.T.);
#1599=ORIENTED_EDGE('',*,*,#4305,.F.);
#1600=ORIENTED_EDGE('',*,*,#4309,.F.);
#1601=ORIENTED_EDGE('',*,*,#4312,.F.);
#1602=ORIENTED_EDGE('',*,*,#4315,.F.);
#1603=ORIENTED_EDGE('',*,*,#4318,.F.);
#1604=ORIENTED_EDGE('',*,*,#4321,.F.);
#1605=ORIENTED_EDGE('',*,*,#4324,.F.);
#1606=ORIENTED_EDGE('',*,*,#4327,.F.);
#1607=ORIENTED_EDGE('',*,*,#4330,.F.);
#1608=ORIENTED_EDGE('',*,*,#4333,.F.);
#1609=ORIENTED_EDGE('',*,*,#4336,.F.);
#1610=ORIENTED_EDGE('',*,*,#4339,.F.);
#1611=ORIENTED_EDGE('',*,*,#4342,.F.);
#1612=ORIENTED_EDGE('',*,*,#4345,.F.);
#1613=ORIENTED_EDGE('',*,*,#4348,.F.);
#1614=ORIENTED_EDGE('',*,*,#4351,.F.);
#1615=ORIENTED_EDGE('',*,*,#4354,.F.);
#1616=ORIENTED_EDGE('',*,*,#4357,.F.);
#1617=ORIENTED_EDGE('',*,*,#4360,.F.);
#1618=ORIENTED_EDGE('',*,*,#4363,.F.);
#1619=ORIENTED_EDGE('',*,*,#4366,.F.);
#1620=ORIENTED_EDGE('',*,*,#4369,.F.);
#1621=ORIENTED_EDGE('',*,*,#4372,.F.);
#1622=ORIENTED_EDGE('',*,*,#4375,.F.);
#1623=ORIENTED_EDGE('',*,*,#4378,.F.);
#1624=ORIENTED_EDGE('',*,*,#4381,.F.);
#1625=ORIENTED_EDGE('',*,*,#4384,.F.);
#1626=ORIENTED_EDGE('',*,*,#4387,.F.);
#1627=ORIENTED_EDGE('',*,*,#4390,.F.);
#1628=ORIENTED_EDGE('',*,*,#4393,.F.);
#1629=ORIENTED_EDGE('',*,*,#4396,.F.);
#1630=ORIENTED_EDGE('',*,*,#4399,.F.);
#1631=ORIENTED_EDGE('',*,*,#4402,.F.);
#1632=ORIENTED_EDGE('',*,*,#4405,.F.);
#1633=ORIENTED_EDGE('',*,*,#4408,.F.);
#1634=ORIENTED_EDGE('',*,*,#4411,.F.);
#1635=ORIENTED_EDGE('',*,*,#4414,.F.);
#1636=ORIENTED_EDGE('',*,*,#4417,.F.);
#1637=ORIENTED_EDGE('',*,*,#4420,.F.);
#1638=ORIENTED_EDGE('',*,*,#4430,.F.);
#1639=ORIENTED_EDGE('',*,*,#4283,.F.);
#1640=ORIENTED_EDGE('',*,*,#4287,.F.);
#1641=ORIENTED_EDGE('',*,*,#4290,.F.);
#1642=ORIENTED_EDGE('',*,*,#4293,.F.);
#1643=ORIENTED_EDGE('',*,*,#4296,.F.);
#1644=ORIENTED_EDGE('',*,*,#4299,.F.);
#1645=ORIENTED_EDGE('',*,*,#4302,.F.);
#1646=ORIENTED_EDGE('',*,*,#4428,.F.);
#1647=ORIENTED_EDGE('',*,*,#4261,.F.);
#1648=ORIENTED_EDGE('',*,*,#4265,.F.);
#1649=ORIENTED_EDGE('',*,*,#4268,.F.);
#1650=ORIENTED_EDGE('',*,*,#4271,.F.);
#1651=ORIENTED_EDGE('',*,*,#4274,.F.);
#1652=ORIENTED_EDGE('',*,*,#4277,.F.);
#1653=ORIENTED_EDGE('',*,*,#4280,.F.);
#1654=ORIENTED_EDGE('',*,*,#4426,.F.);
#1655=ORIENTED_EDGE('',*,*,#4239,.F.);
#1656=ORIENTED_EDGE('',*,*,#4243,.F.);
#1657=ORIENTED_EDGE('',*,*,#4246,.F.);
#1658=ORIENTED_EDGE('',*,*,#4249,.F.);
#1659=ORIENTED_EDGE('',*,*,#4252,.F.);
#1660=ORIENTED_EDGE('',*,*,#4255,.F.);
#1661=ORIENTED_EDGE('',*,*,#4258,.F.);
#1662=ORIENTED_EDGE('',*,*,#4424,.F.);
#1663=ORIENTED_EDGE('',*,*,#4217,.F.);
#1664=ORIENTED_EDGE('',*,*,#4221,.F.);
#1665=ORIENTED_EDGE('',*,*,#4224,.F.);
#1666=ORIENTED_EDGE('',*,*,#4227,.F.);
#1667=ORIENTED_EDGE('',*,*,#4230,.F.);
#1668=ORIENTED_EDGE('',*,*,#4233,.F.);
#1669=ORIENTED_EDGE('',*,*,#4236,.F.);
#1670=ORIENTED_EDGE('',*,*,#4422,.F.);
#1671=ORIENTED_EDGE('',*,*,#3859,.T.);
#1672=ORIENTED_EDGE('',*,*,#3863,.T.);
#1673=ORIENTED_EDGE('',*,*,#3866,.T.);
#1674=ORIENTED_EDGE('',*,*,#3869,.T.);
#1675=ORIENTED_EDGE('',*,*,#3872,.T.);
#1676=ORIENTED_EDGE('',*,*,#3875,.T.);
#1677=ORIENTED_EDGE('',*,*,#3878,.T.);
#1678=ORIENTED_EDGE('',*,*,#3881,.T.);
#1679=ORIENTED_EDGE('',*,*,#3884,.T.);
#1680=ORIENTED_EDGE('',*,*,#3887,.T.);
#1681=ORIENTED_EDGE('',*,*,#3890,.T.);
#1682=ORIENTED_EDGE('',*,*,#3893,.F.);
#1683=ORIENTED_EDGE('',*,*,#3896,.T.);
#1684=ORIENTED_EDGE('',*,*,#3899,.F.);
#1685=ORIENTED_EDGE('',*,*,#3902,.T.);
#1686=ORIENTED_EDGE('',*,*,#3905,.F.);
#1687=ORIENTED_EDGE('',*,*,#3908,.T.);
#1688=ORIENTED_EDGE('',*,*,#3911,.F.);
#1689=ORIENTED_EDGE('',*,*,#3914,.T.);
#1690=ORIENTED_EDGE('',*,*,#3917,.F.);
#1691=ORIENTED_EDGE('',*,*,#3920,.T.);
#1692=ORIENTED_EDGE('',*,*,#3923,.F.);
#1693=ORIENTED_EDGE('',*,*,#3926,.T.);
#1694=ORIENTED_EDGE('',*,*,#3929,.F.);
#1695=ORIENTED_EDGE('',*,*,#3932,.T.);
#1696=ORIENTED_EDGE('',*,*,#3935,.F.);
#1697=ORIENTED_EDGE('',*,*,#3938,.T.);
#1698=ORIENTED_EDGE('',*,*,#3941,.T.);
#1699=ORIENTED_EDGE('',*,*,#3944,.T.);
#1700=ORIENTED_EDGE('',*,*,#3947,.T.);
#1701=ORIENTED_EDGE('',*,*,#3950,.T.);
#1702=ORIENTED_EDGE('',*,*,#3953,.T.);
#1703=ORIENTED_EDGE('',*,*,#3956,.T.);
#1704=ORIENTED_EDGE('',*,*,#3959,.T.);
#1705=ORIENTED_EDGE('',*,*,#3962,.T.);
#1706=ORIENTED_EDGE('',*,*,#3965,.T.);
#1707=ORIENTED_EDGE('',*,*,#3968,.T.);
#1708=ORIENTED_EDGE('',*,*,#3971,.T.);
#1709=ORIENTED_EDGE('',*,*,#3974,.T.);
#1710=ORIENTED_EDGE('',*,*,#3977,.T.);
#1711=ORIENTED_EDGE('',*,*,#3980,.T.);
#1712=ORIENTED_EDGE('',*,*,#3983,.F.);
#1713=ORIENTED_EDGE('',*,*,#3986,.T.);
#1714=ORIENTED_EDGE('',*,*,#3989,.F.);
#1715=ORIENTED_EDGE('',*,*,#3992,.T.);
#1716=ORIENTED_EDGE('',*,*,#3995,.F.);
#1717=ORIENTED_EDGE('',*,*,#3998,.T.);
#1718=ORIENTED_EDGE('',*,*,#4001,.F.);
#1719=ORIENTED_EDGE('',*,*,#4004,.T.);
#1720=ORIENTED_EDGE('',*,*,#4007,.F.);
#1721=ORIENTED_EDGE('',*,*,#4010,.T.);
#1722=ORIENTED_EDGE('',*,*,#4013,.F.);
#1723=ORIENTED_EDGE('',*,*,#4016,.T.);
#1724=ORIENTED_EDGE('',*,*,#4019,.F.);
#1725=ORIENTED_EDGE('',*,*,#4022,.T.);
#1726=ORIENTED_EDGE('',*,*,#4025,.F.);
#1727=ORIENTED_EDGE('',*,*,#4028,.T.);
#1728=ORIENTED_EDGE('',*,*,#4031,.T.);
#1729=ORIENTED_EDGE('',*,*,#4034,.T.);
#1730=ORIENTED_EDGE('',*,*,#4037,.T.);
#1731=ORIENTED_EDGE('',*,*,#4040,.T.);
#1732=ORIENTED_EDGE('',*,*,#4043,.T.);
#1733=ORIENTED_EDGE('',*,*,#4046,.T.);
#1734=ORIENTED_EDGE('',*,*,#4049,.T.);
#1735=ORIENTED_EDGE('',*,*,#4052,.T.);
#1736=ORIENTED_EDGE('',*,*,#4055,.T.);
#1737=ORIENTED_EDGE('',*,*,#4058,.T.);
#1738=ORIENTED_EDGE('',*,*,#4061,.T.);
#1739=ORIENTED_EDGE('',*,*,#4064,.T.);
#1740=ORIENTED_EDGE('',*,*,#4067,.T.);
#1741=ORIENTED_EDGE('',*,*,#4070,.T.);
#1742=ORIENTED_EDGE('',*,*,#4073,.F.);
#1743=ORIENTED_EDGE('',*,*,#4076,.T.);
#1744=ORIENTED_EDGE('',*,*,#4079,.F.);
#1745=ORIENTED_EDGE('',*,*,#4082,.T.);
#1746=ORIENTED_EDGE('',*,*,#4085,.F.);
#1747=ORIENTED_EDGE('',*,*,#4088,.T.);
#1748=ORIENTED_EDGE('',*,*,#4091,.F.);
#1749=ORIENTED_EDGE('',*,*,#4094,.T.);
#1750=ORIENTED_EDGE('',*,*,#4097,.F.);
#1751=ORIENTED_EDGE('',*,*,#4100,.T.);
#1752=ORIENTED_EDGE('',*,*,#4103,.F.);
#1753=ORIENTED_EDGE('',*,*,#4106,.T.);
#1754=ORIENTED_EDGE('',*,*,#4109,.F.);
#1755=ORIENTED_EDGE('',*,*,#4112,.T.);
#1756=ORIENTED_EDGE('',*,*,#4115,.F.);
#1757=ORIENTED_EDGE('',*,*,#4118,.T.);
#1758=ORIENTED_EDGE('',*,*,#4121,.T.);
#1759=ORIENTED_EDGE('',*,*,#4124,.T.);
#1760=ORIENTED_EDGE('',*,*,#4127,.T.);
#1761=ORIENTED_EDGE('',*,*,#4130,.T.);
#1762=ORIENTED_EDGE('',*,*,#4133,.T.);
#1763=ORIENTED_EDGE('',*,*,#4136,.T.);
#1764=ORIENTED_EDGE('',*,*,#4139,.T.);
#1765=ORIENTED_EDGE('',*,*,#4142,.T.);
#1766=ORIENTED_EDGE('',*,*,#4145,.T.);
#1767=ORIENTED_EDGE('',*,*,#4148,.T.);
#1768=ORIENTED_EDGE('',*,*,#4151,.T.);
#1769=ORIENTED_EDGE('',*,*,#4154,.T.);
#1770=ORIENTED_EDGE('',*,*,#4157,.T.);
#1771=ORIENTED_EDGE('',*,*,#4160,.T.);
#1772=ORIENTED_EDGE('',*,*,#4163,.F.);
#1773=ORIENTED_EDGE('',*,*,#4166,.T.);
#1774=ORIENTED_EDGE('',*,*,#4169,.F.);
#1775=ORIENTED_EDGE('',*,*,#4172,.T.);
#1776=ORIENTED_EDGE('',*,*,#4175,.F.);
#1777=ORIENTED_EDGE('',*,*,#4178,.T.);
#1778=ORIENTED_EDGE('',*,*,#4181,.F.);
#1779=ORIENTED_EDGE('',*,*,#4184,.T.);
#1780=ORIENTED_EDGE('',*,*,#4187,.F.);
#1781=ORIENTED_EDGE('',*,*,#4190,.T.);
#1782=ORIENTED_EDGE('',*,*,#4193,.F.);
#1783=ORIENTED_EDGE('',*,*,#4196,.T.);
#1784=ORIENTED_EDGE('',*,*,#4199,.F.);
#1785=ORIENTED_EDGE('',*,*,#4202,.T.);
#1786=ORIENTED_EDGE('',*,*,#4205,.F.);
#1787=ORIENTED_EDGE('',*,*,#4208,.T.);
#1788=ORIENTED_EDGE('',*,*,#4211,.T.);
#1789=ORIENTED_EDGE('',*,*,#4214,.T.);
#1790=ORIENTED_EDGE('',*,*,#4432,.T.);
#1791=ORIENTED_EDGE('',*,*,#4303,.T.);
#1792=ORIENTED_EDGE('',*,*,#4429,.T.);
#1793=ORIENTED_EDGE('',*,*,#4418,.T.);
#1794=ORIENTED_EDGE('',*,*,#4415,.T.);
#1795=ORIENTED_EDGE('',*,*,#4412,.T.);
#1796=ORIENTED_EDGE('',*,*,#4409,.T.);
#1797=ORIENTED_EDGE('',*,*,#4406,.T.);
#1798=ORIENTED_EDGE('',*,*,#4403,.T.);
#1799=ORIENTED_EDGE('',*,*,#4400,.T.);
#1800=ORIENTED_EDGE('',*,*,#4397,.T.);
#1801=ORIENTED_EDGE('',*,*,#4394,.T.);
#1802=ORIENTED_EDGE('',*,*,#4391,.T.);
#1803=ORIENTED_EDGE('',*,*,#4388,.T.);
#1804=ORIENTED_EDGE('',*,*,#4385,.T.);
#1805=ORIENTED_EDGE('',*,*,#4382,.T.);
#1806=ORIENTED_EDGE('',*,*,#4379,.T.);
#1807=ORIENTED_EDGE('',*,*,#4376,.T.);
#1808=ORIENTED_EDGE('',*,*,#4373,.T.);
#1809=ORIENTED_EDGE('',*,*,#4370,.T.);
#1810=ORIENTED_EDGE('',*,*,#4367,.T.);
#1811=ORIENTED_EDGE('',*,*,#4364,.T.);
#1812=ORIENTED_EDGE('',*,*,#4361,.T.);
#1813=ORIENTED_EDGE('',*,*,#4358,.T.);
#1814=ORIENTED_EDGE('',*,*,#4355,.T.);
#1815=ORIENTED_EDGE('',*,*,#4352,.T.);
#1816=ORIENTED_EDGE('',*,*,#4349,.T.);
#1817=ORIENTED_EDGE('',*,*,#4346,.T.);
#1818=ORIENTED_EDGE('',*,*,#4343,.T.);
#1819=ORIENTED_EDGE('',*,*,#4340,.T.);
#1820=ORIENTED_EDGE('',*,*,#4337,.T.);
#1821=ORIENTED_EDGE('',*,*,#4334,.T.);
#1822=ORIENTED_EDGE('',*,*,#4331,.T.);
#1823=ORIENTED_EDGE('',*,*,#4328,.T.);
#1824=ORIENTED_EDGE('',*,*,#4325,.T.);
#1825=ORIENTED_EDGE('',*,*,#4322,.T.);
#1826=ORIENTED_EDGE('',*,*,#4319,.T.);
#1827=ORIENTED_EDGE('',*,*,#4316,.T.);
#1828=ORIENTED_EDGE('',*,*,#4313,.T.);
#1829=ORIENTED_EDGE('',*,*,#4310,.T.);
#1830=ORIENTED_EDGE('',*,*,#4307,.T.);
#1831=ORIENTED_EDGE('',*,*,#4281,.T.);
#1832=ORIENTED_EDGE('',*,*,#4427,.T.);
#1833=ORIENTED_EDGE('',*,*,#4300,.T.);
#1834=ORIENTED_EDGE('',*,*,#4297,.T.);
#1835=ORIENTED_EDGE('',*,*,#4294,.T.);
#1836=ORIENTED_EDGE('',*,*,#4291,.T.);
#1837=ORIENTED_EDGE('',*,*,#4288,.T.);
#1838=ORIENTED_EDGE('',*,*,#4285,.T.);
#1839=ORIENTED_EDGE('',*,*,#4259,.T.);
#1840=ORIENTED_EDGE('',*,*,#4425,.T.);
#1841=ORIENTED_EDGE('',*,*,#4278,.T.);
#1842=ORIENTED_EDGE('',*,*,#4275,.T.);
#1843=ORIENTED_EDGE('',*,*,#4272,.T.);
#1844=ORIENTED_EDGE('',*,*,#4269,.T.);
#1845=ORIENTED_EDGE('',*,*,#4266,.T.);
#1846=ORIENTED_EDGE('',*,*,#4263,.T.);
#1847=ORIENTED_EDGE('',*,*,#4237,.T.);
#1848=ORIENTED_EDGE('',*,*,#4423,.T.);
#1849=ORIENTED_EDGE('',*,*,#4256,.T.);
#1850=ORIENTED_EDGE('',*,*,#4253,.T.);
#1851=ORIENTED_EDGE('',*,*,#4250,.T.);
#1852=ORIENTED_EDGE('',*,*,#4247,.T.);
#1853=ORIENTED_EDGE('',*,*,#4244,.T.);
#1854=ORIENTED_EDGE('',*,*,#4241,.T.);
#1855=ORIENTED_EDGE('',*,*,#4215,.T.);
#1856=ORIENTED_EDGE('',*,*,#4421,.T.);
#1857=ORIENTED_EDGE('',*,*,#4234,.T.);
#1858=ORIENTED_EDGE('',*,*,#4231,.T.);
#1859=ORIENTED_EDGE('',*,*,#4228,.T.);
#1860=ORIENTED_EDGE('',*,*,#4225,.T.);
#1861=ORIENTED_EDGE('',*,*,#4222,.T.);
#1862=ORIENTED_EDGE('',*,*,#4219,.T.);
#1863=ORIENTED_EDGE('',*,*,#3857,.F.);
#1864=ORIENTED_EDGE('',*,*,#4431,.F.);
#1865=ORIENTED_EDGE('',*,*,#4212,.F.);
#1866=ORIENTED_EDGE('',*,*,#4209,.F.);
#1867=ORIENTED_EDGE('',*,*,#4206,.F.);
#1868=ORIENTED_EDGE('',*,*,#4203,.T.);
#1869=ORIENTED_EDGE('',*,*,#4200,.F.);
#1870=ORIENTED_EDGE('',*,*,#4197,.T.);
#1871=ORIENTED_EDGE('',*,*,#4194,.F.);
#1872=ORIENTED_EDGE('',*,*,#4191,.T.);
#1873=ORIENTED_EDGE('',*,*,#4188,.F.);
#1874=ORIENTED_EDGE('',*,*,#4185,.T.);
#1875=ORIENTED_EDGE('',*,*,#4182,.F.);
#1876=ORIENTED_EDGE('',*,*,#4179,.T.);
#1877=ORIENTED_EDGE('',*,*,#4176,.F.);
#1878=ORIENTED_EDGE('',*,*,#4173,.T.);
#1879=ORIENTED_EDGE('',*,*,#4170,.F.);
#1880=ORIENTED_EDGE('',*,*,#4167,.T.);
#1881=ORIENTED_EDGE('',*,*,#4164,.F.);
#1882=ORIENTED_EDGE('',*,*,#4161,.T.);
#1883=ORIENTED_EDGE('',*,*,#4158,.F.);
#1884=ORIENTED_EDGE('',*,*,#4155,.F.);
#1885=ORIENTED_EDGE('',*,*,#4152,.F.);
#1886=ORIENTED_EDGE('',*,*,#4149,.F.);
#1887=ORIENTED_EDGE('',*,*,#4146,.F.);
#1888=ORIENTED_EDGE('',*,*,#4143,.F.);
#1889=ORIENTED_EDGE('',*,*,#4140,.F.);
#1890=ORIENTED_EDGE('',*,*,#4137,.F.);
#1891=ORIENTED_EDGE('',*,*,#4134,.F.);
#1892=ORIENTED_EDGE('',*,*,#4131,.F.);
#1893=ORIENTED_EDGE('',*,*,#4128,.F.);
#1894=ORIENTED_EDGE('',*,*,#4125,.F.);
#1895=ORIENTED_EDGE('',*,*,#4122,.F.);
#1896=ORIENTED_EDGE('',*,*,#4119,.F.);
#1897=ORIENTED_EDGE('',*,*,#4116,.F.);
#1898=ORIENTED_EDGE('',*,*,#4113,.T.);
#1899=ORIENTED_EDGE('',*,*,#4110,.F.);
#1900=ORIENTED_EDGE('',*,*,#4107,.T.);
#1901=ORIENTED_EDGE('',*,*,#4104,.F.);
#1902=ORIENTED_EDGE('',*,*,#4101,.T.);
#1903=ORIENTED_EDGE('',*,*,#4098,.F.);
#1904=ORIENTED_EDGE('',*,*,#4095,.T.);
#1905=ORIENTED_EDGE('',*,*,#4092,.F.);
#1906=ORIENTED_EDGE('',*,*,#4089,.T.);
#1907=ORIENTED_EDGE('',*,*,#4086,.F.);
#1908=ORIENTED_EDGE('',*,*,#4083,.T.);
#1909=ORIENTED_EDGE('',*,*,#4080,.F.);
#1910=ORIENTED_EDGE('',*,*,#4077,.T.);
#1911=ORIENTED_EDGE('',*,*,#4074,.F.);
#1912=ORIENTED_EDGE('',*,*,#4071,.T.);
#1913=ORIENTED_EDGE('',*,*,#4068,.F.);
#1914=ORIENTED_EDGE('',*,*,#4065,.F.);
#1915=ORIENTED_EDGE('',*,*,#4062,.F.);
#1916=ORIENTED_EDGE('',*,*,#4059,.F.);
#1917=ORIENTED_EDGE('',*,*,#4056,.F.);
#1918=ORIENTED_EDGE('',*,*,#4053,.F.);
#1919=ORIENTED_EDGE('',*,*,#4050,.F.);
#1920=ORIENTED_EDGE('',*,*,#4047,.F.);
#1921=ORIENTED_EDGE('',*,*,#4044,.F.);
#1922=ORIENTED_EDGE('',*,*,#4041,.F.);
#1923=ORIENTED_EDGE('',*,*,#4038,.F.);
#1924=ORIENTED_EDGE('',*,*,#4035,.F.);
#1925=ORIENTED_EDGE('',*,*,#4032,.F.);
#1926=ORIENTED_EDGE('',*,*,#4029,.F.);
#1927=ORIENTED_EDGE('',*,*,#4026,.F.);
#1928=ORIENTED_EDGE('',*,*,#4023,.T.);
#1929=ORIENTED_EDGE('',*,*,#4020,.F.);
#1930=ORIENTED_EDGE('',*,*,#4017,.T.);
#1931=ORIENTED_EDGE('',*,*,#4014,.F.);
#1932=ORIENTED_EDGE('',*,*,#4011,.T.);
#1933=ORIENTED_EDGE('',*,*,#4008,.F.);
#1934=ORIENTED_EDGE('',*,*,#4005,.T.);
#1935=ORIENTED_EDGE('',*,*,#4002,.F.);
#1936=ORIENTED_EDGE('',*,*,#3999,.T.);
#1937=ORIENTED_EDGE('',*,*,#3996,.F.);
#1938=ORIENTED_EDGE('',*,*,#3993,.T.);
#1939=ORIENTED_EDGE('',*,*,#3990,.F.);
#1940=ORIENTED_EDGE('',*,*,#3987,.T.);
#1941=ORIENTED_EDGE('',*,*,#3984,.F.);
#1942=ORIENTED_EDGE('',*,*,#3981,.T.);
#1943=ORIENTED_EDGE('',*,*,#3978,.F.);
#1944=ORIENTED_EDGE('',*,*,#3975,.F.);
#1945=ORIENTED_EDGE('',*,*,#3972,.F.);
#1946=ORIENTED_EDGE('',*,*,#3969,.F.);
#1947=ORIENTED_EDGE('',*,*,#3966,.F.);
#1948=ORIENTED_EDGE('',*,*,#3963,.F.);
#1949=ORIENTED_EDGE('',*,*,#3960,.F.);
#1950=ORIENTED_EDGE('',*,*,#3957,.F.);
#1951=ORIENTED_EDGE('',*,*,#3954,.F.);
#1952=ORIENTED_EDGE('',*,*,#3951,.F.);
#1953=ORIENTED_EDGE('',*,*,#3948,.F.);
#1954=ORIENTED_EDGE('',*,*,#3945,.F.);
#1955=ORIENTED_EDGE('',*,*,#3942,.F.);
#1956=ORIENTED_EDGE('',*,*,#3939,.F.);
#1957=ORIENTED_EDGE('',*,*,#3936,.F.);
#1958=ORIENTED_EDGE('',*,*,#3933,.T.);
#1959=ORIENTED_EDGE('',*,*,#3930,.F.);
#1960=ORIENTED_EDGE('',*,*,#3927,.T.);
#1961=ORIENTED_EDGE('',*,*,#3924,.F.);
#1962=ORIENTED_EDGE('',*,*,#3921,.T.);
#1963=ORIENTED_EDGE('',*,*,#3918,.F.);
#1964=ORIENTED_EDGE('',*,*,#3915,.T.);
#1965=ORIENTED_EDGE('',*,*,#3912,.F.);
#1966=ORIENTED_EDGE('',*,*,#3909,.T.);
#1967=ORIENTED_EDGE('',*,*,#3906,.F.);
#1968=ORIENTED_EDGE('',*,*,#3903,.T.);
#1969=ORIENTED_EDGE('',*,*,#3900,.F.);
#1970=ORIENTED_EDGE('',*,*,#3897,.T.);
#1971=ORIENTED_EDGE('',*,*,#3894,.F.);
#1972=ORIENTED_EDGE('',*,*,#3891,.T.);
#1973=ORIENTED_EDGE('',*,*,#3888,.F.);
#1974=ORIENTED_EDGE('',*,*,#3885,.F.);
#1975=ORIENTED_EDGE('',*,*,#3882,.F.);
#1976=ORIENTED_EDGE('',*,*,#3879,.F.);
#1977=ORIENTED_EDGE('',*,*,#3876,.F.);
#1978=ORIENTED_EDGE('',*,*,#3873,.F.);
#1979=ORIENTED_EDGE('',*,*,#3870,.F.);
#1980=ORIENTED_EDGE('',*,*,#3867,.F.);
#1981=ORIENTED_EDGE('',*,*,#3864,.F.);
#1982=ORIENTED_EDGE('',*,*,#3861,.F.);
#1983=ORIENTED_EDGE('',*,*,#4433,.T.);
#1984=ORIENTED_EDGE('',*,*,#4434,.F.);
#1985=ORIENTED_EDGE('',*,*,#4435,.F.);
#1986=ORIENTED_EDGE('',*,*,#4436,.T.);
#1987=ORIENTED_EDGE('',*,*,#4437,.T.);
#1988=ORIENTED_EDGE('',*,*,#4438,.F.);
#1989=ORIENTED_EDGE('',*,*,#4439,.F.);
#1990=ORIENTED_EDGE('',*,*,#4434,.T.);
#1991=ORIENTED_EDGE('',*,*,#4440,.T.);
#1992=ORIENTED_EDGE('',*,*,#4441,.F.);
#1993=ORIENTED_EDGE('',*,*,#4442,.F.);
#1994=ORIENTED_EDGE('',*,*,#4438,.T.);
#1995=ORIENTED_EDGE('',*,*,#4443,.T.);
#1996=ORIENTED_EDGE('',*,*,#4444,.F.);
#1997=ORIENTED_EDGE('',*,*,#4445,.F.);
#1998=ORIENTED_EDGE('',*,*,#4441,.T.);
#1999=ORIENTED_EDGE('',*,*,#4446,.T.);
#2000=ORIENTED_EDGE('',*,*,#4447,.F.);
#2001=ORIENTED_EDGE('',*,*,#4448,.F.);
#2002=ORIENTED_EDGE('',*,*,#4444,.T.);
#2003=ORIENTED_EDGE('',*,*,#4449,.T.);
#2004=ORIENTED_EDGE('',*,*,#4450,.F.);
#2005=ORIENTED_EDGE('',*,*,#4451,.F.);
#2006=ORIENTED_EDGE('',*,*,#4447,.T.);
#2007=ORIENTED_EDGE('',*,*,#4452,.T.);
#2008=ORIENTED_EDGE('',*,*,#4453,.F.);
#2009=ORIENTED_EDGE('',*,*,#4454,.F.);
#2010=ORIENTED_EDGE('',*,*,#4450,.T.);
#2011=ORIENTED_EDGE('',*,*,#4455,.T.);
#2012=ORIENTED_EDGE('',*,*,#4456,.F.);
#2013=ORIENTED_EDGE('',*,*,#4457,.F.);
#2014=ORIENTED_EDGE('',*,*,#4453,.T.);
#2015=ORIENTED_EDGE('',*,*,#4458,.T.);
#2016=ORIENTED_EDGE('',*,*,#4459,.F.);
#2017=ORIENTED_EDGE('',*,*,#4460,.F.);
#2018=ORIENTED_EDGE('',*,*,#4456,.T.);
#2019=ORIENTED_EDGE('',*,*,#4461,.T.);
#2020=ORIENTED_EDGE('',*,*,#4462,.F.);
#2021=ORIENTED_EDGE('',*,*,#4463,.F.);
#2022=ORIENTED_EDGE('',*,*,#4459,.T.);
#2023=ORIENTED_EDGE('',*,*,#4464,.T.);
#2024=ORIENTED_EDGE('',*,*,#4465,.F.);
#2025=ORIENTED_EDGE('',*,*,#4466,.F.);
#2026=ORIENTED_EDGE('',*,*,#4462,.T.);
#2027=ORIENTED_EDGE('',*,*,#4467,.F.);
#2028=ORIENTED_EDGE('',*,*,#4468,.F.);
#2029=ORIENTED_EDGE('',*,*,#4469,.T.);
#2030=ORIENTED_EDGE('',*,*,#4465,.T.);
#2031=ORIENTED_EDGE('',*,*,#4470,.T.);
#2032=ORIENTED_EDGE('',*,*,#4471,.F.);
#2033=ORIENTED_EDGE('',*,*,#4472,.F.);
#2034=ORIENTED_EDGE('',*,*,#4468,.T.);
#2035=ORIENTED_EDGE('',*,*,#4473,.F.);
#2036=ORIENTED_EDGE('',*,*,#4474,.F.);
#2037=ORIENTED_EDGE('',*,*,#4475,.T.);
#2038=ORIENTED_EDGE('',*,*,#4471,.T.);
#2039=ORIENTED_EDGE('',*,*,#4476,.T.);
#2040=ORIENTED_EDGE('',*,*,#4477,.F.);
#2041=ORIENTED_EDGE('',*,*,#4478,.F.);
#2042=ORIENTED_EDGE('',*,*,#4474,.T.);
#2043=ORIENTED_EDGE('',*,*,#4479,.F.);
#2044=ORIENTED_EDGE('',*,*,#4480,.F.);
#2045=ORIENTED_EDGE('',*,*,#4481,.T.);
#2046=ORIENTED_EDGE('',*,*,#4477,.T.);
#2047=ORIENTED_EDGE('',*,*,#4482,.T.);
#2048=ORIENTED_EDGE('',*,*,#4483,.F.);
#2049=ORIENTED_EDGE('',*,*,#4484,.F.);
#2050=ORIENTED_EDGE('',*,*,#4480,.T.);
#2051=ORIENTED_EDGE('',*,*,#4485,.F.);
#2052=ORIENTED_EDGE('',*,*,#4486,.F.);
#2053=ORIENTED_EDGE('',*,*,#4487,.T.);
#2054=ORIENTED_EDGE('',*,*,#4483,.T.);
#2055=ORIENTED_EDGE('',*,*,#4488,.T.);
#2056=ORIENTED_EDGE('',*,*,#4489,.F.);
#2057=ORIENTED_EDGE('',*,*,#4490,.F.);
#2058=ORIENTED_EDGE('',*,*,#4486,.T.);
#2059=ORIENTED_EDGE('',*,*,#4491,.F.);
#2060=ORIENTED_EDGE('',*,*,#4492,.F.);
#2061=ORIENTED_EDGE('',*,*,#4493,.T.);
#2062=ORIENTED_EDGE('',*,*,#4489,.T.);
#2063=ORIENTED_EDGE('',*,*,#4494,.T.);
#2064=ORIENTED_EDGE('',*,*,#4495,.F.);
#2065=ORIENTED_EDGE('',*,*,#4496,.F.);
#2066=ORIENTED_EDGE('',*,*,#4492,.T.);
#2067=ORIENTED_EDGE('',*,*,#4497,.F.);
#2068=ORIENTED_EDGE('',*,*,#4498,.F.);
#2069=ORIENTED_EDGE('',*,*,#4499,.T.);
#2070=ORIENTED_EDGE('',*,*,#4495,.T.);
#2071=ORIENTED_EDGE('',*,*,#4500,.T.);
#2072=ORIENTED_EDGE('',*,*,#4501,.F.);
#2073=ORIENTED_EDGE('',*,*,#4502,.F.);
#2074=ORIENTED_EDGE('',*,*,#4498,.T.);
#2075=ORIENTED_EDGE('',*,*,#4503,.F.);
#2076=ORIENTED_EDGE('',*,*,#4504,.F.);
#2077=ORIENTED_EDGE('',*,*,#4505,.T.);
#2078=ORIENTED_EDGE('',*,*,#4501,.T.);
#2079=ORIENTED_EDGE('',*,*,#4506,.T.);
#2080=ORIENTED_EDGE('',*,*,#4507,.F.);
#2081=ORIENTED_EDGE('',*,*,#4508,.F.);
#2082=ORIENTED_EDGE('',*,*,#4504,.T.);
#2083=ORIENTED_EDGE('',*,*,#4509,.F.);
#2084=ORIENTED_EDGE('',*,*,#4510,.F.);
#2085=ORIENTED_EDGE('',*,*,#4511,.T.);
#2086=ORIENTED_EDGE('',*,*,#4507,.T.);
#2087=ORIENTED_EDGE('',*,*,#4512,.T.);
#2088=ORIENTED_EDGE('',*,*,#4513,.F.);
#2089=ORIENTED_EDGE('',*,*,#4514,.F.);
#2090=ORIENTED_EDGE('',*,*,#4510,.T.);
#2091=ORIENTED_EDGE('',*,*,#4515,.T.);
#2092=ORIENTED_EDGE('',*,*,#4516,.F.);
#2093=ORIENTED_EDGE('',*,*,#4517,.F.);
#2094=ORIENTED_EDGE('',*,*,#4513,.T.);
#2095=ORIENTED_EDGE('',*,*,#4518,.T.);
#2096=ORIENTED_EDGE('',*,*,#4519,.F.);
#2097=ORIENTED_EDGE('',*,*,#4520,.F.);
#2098=ORIENTED_EDGE('',*,*,#4516,.T.);
#2099=ORIENTED_EDGE('',*,*,#4521,.T.);
#2100=ORIENTED_EDGE('',*,*,#4522,.F.);
#2101=ORIENTED_EDGE('',*,*,#4523,.F.);
#2102=ORIENTED_EDGE('',*,*,#4519,.T.);
#2103=ORIENTED_EDGE('',*,*,#4524,.T.);
#2104=ORIENTED_EDGE('',*,*,#4525,.F.);
#2105=ORIENTED_EDGE('',*,*,#4526,.F.);
#2106=ORIENTED_EDGE('',*,*,#4522,.T.);
#2107=ORIENTED_EDGE('',*,*,#4527,.T.);
#2108=ORIENTED_EDGE('',*,*,#4528,.F.);
#2109=ORIENTED_EDGE('',*,*,#4529,.F.);
#2110=ORIENTED_EDGE('',*,*,#4525,.T.);
#2111=ORIENTED_EDGE('',*,*,#4530,.T.);
#2112=ORIENTED_EDGE('',*,*,#4531,.F.);
#2113=ORIENTED_EDGE('',*,*,#4532,.F.);
#2114=ORIENTED_EDGE('',*,*,#4528,.T.);
#2115=ORIENTED_EDGE('',*,*,#4533,.T.);
#2116=ORIENTED_EDGE('',*,*,#4534,.F.);
#2117=ORIENTED_EDGE('',*,*,#4535,.F.);
#2118=ORIENTED_EDGE('',*,*,#4531,.T.);
#2119=ORIENTED_EDGE('',*,*,#4536,.T.);
#2120=ORIENTED_EDGE('',*,*,#4537,.F.);
#2121=ORIENTED_EDGE('',*,*,#4538,.F.);
#2122=ORIENTED_EDGE('',*,*,#4534,.T.);
#2123=ORIENTED_EDGE('',*,*,#4539,.T.);
#2124=ORIENTED_EDGE('',*,*,#4540,.F.);
#2125=ORIENTED_EDGE('',*,*,#4541,.F.);
#2126=ORIENTED_EDGE('',*,*,#4537,.T.);
#2127=ORIENTED_EDGE('',*,*,#4542,.T.);
#2128=ORIENTED_EDGE('',*,*,#4543,.F.);
#2129=ORIENTED_EDGE('',*,*,#4544,.F.);
#2130=ORIENTED_EDGE('',*,*,#4540,.T.);
#2131=ORIENTED_EDGE('',*,*,#4545,.T.);
#2132=ORIENTED_EDGE('',*,*,#4546,.F.);
#2133=ORIENTED_EDGE('',*,*,#4547,.F.);
#2134=ORIENTED_EDGE('',*,*,#4543,.T.);
#2135=ORIENTED_EDGE('',*,*,#4548,.T.);
#2136=ORIENTED_EDGE('',*,*,#4549,.F.);
#2137=ORIENTED_EDGE('',*,*,#4550,.F.);
#2138=ORIENTED_EDGE('',*,*,#4546,.T.);
#2139=ORIENTED_EDGE('',*,*,#4551,.T.);
#2140=ORIENTED_EDGE('',*,*,#4552,.F.);
#2141=ORIENTED_EDGE('',*,*,#4553,.F.);
#2142=ORIENTED_EDGE('',*,*,#4549,.T.);
#2143=ORIENTED_EDGE('',*,*,#4554,.T.);
#2144=ORIENTED_EDGE('',*,*,#4555,.F.);
#2145=ORIENTED_EDGE('',*,*,#4556,.F.);
#2146=ORIENTED_EDGE('',*,*,#4552,.T.);
#2147=ORIENTED_EDGE('',*,*,#4557,.F.);
#2148=ORIENTED_EDGE('',*,*,#4558,.F.);
#2149=ORIENTED_EDGE('',*,*,#4559,.T.);
#2150=ORIENTED_EDGE('',*,*,#4555,.T.);
#2151=ORIENTED_EDGE('',*,*,#4560,.T.);
#2152=ORIENTED_EDGE('',*,*,#4561,.F.);
#2153=ORIENTED_EDGE('',*,*,#4562,.F.);
#2154=ORIENTED_EDGE('',*,*,#4558,.T.);
#2155=ORIENTED_EDGE('',*,*,#4563,.F.);
#2156=ORIENTED_EDGE('',*,*,#4564,.F.);
#2157=ORIENTED_EDGE('',*,*,#4565,.T.);
#2158=ORIENTED_EDGE('',*,*,#4561,.T.);
#2159=ORIENTED_EDGE('',*,*,#4566,.T.);
#2160=ORIENTED_EDGE('',*,*,#4567,.F.);
#2161=ORIENTED_EDGE('',*,*,#4568,.F.);
#2162=ORIENTED_EDGE('',*,*,#4564,.T.);
#2163=ORIENTED_EDGE('',*,*,#4569,.F.);
#2164=ORIENTED_EDGE('',*,*,#4570,.F.);
#2165=ORIENTED_EDGE('',*,*,#4571,.T.);
#2166=ORIENTED_EDGE('',*,*,#4567,.T.);
#2167=ORIENTED_EDGE('',*,*,#4572,.T.);
#2168=ORIENTED_EDGE('',*,*,#4573,.F.);
#2169=ORIENTED_EDGE('',*,*,#4574,.F.);
#2170=ORIENTED_EDGE('',*,*,#4570,.T.);
#2171=ORIENTED_EDGE('',*,*,#4575,.F.);
#2172=ORIENTED_EDGE('',*,*,#4576,.F.);
#2173=ORIENTED_EDGE('',*,*,#4577,.T.);
#2174=ORIENTED_EDGE('',*,*,#4573,.T.);
#2175=ORIENTED_EDGE('',*,*,#4578,.T.);
#2176=ORIENTED_EDGE('',*,*,#4579,.F.);
#2177=ORIENTED_EDGE('',*,*,#4580,.F.);
#2178=ORIENTED_EDGE('',*,*,#4576,.T.);
#2179=ORIENTED_EDGE('',*,*,#4581,.F.);
#2180=ORIENTED_EDGE('',*,*,#4582,.F.);
#2181=ORIENTED_EDGE('',*,*,#4583,.T.);
#2182=ORIENTED_EDGE('',*,*,#4579,.T.);
#2183=ORIENTED_EDGE('',*,*,#4584,.T.);
#2184=ORIENTED_EDGE('',*,*,#4585,.F.);
#2185=ORIENTED_EDGE('',*,*,#4586,.F.);
#2186=ORIENTED_EDGE('',*,*,#4582,.T.);
#2187=ORIENTED_EDGE('',*,*,#4587,.F.);
#2188=ORIENTED_EDGE('',*,*,#4588,.F.);
#2189=ORIENTED_EDGE('',*,*,#4589,.T.);
#2190=ORIENTED_EDGE('',*,*,#4585,.T.);
#2191=ORIENTED_EDGE('',*,*,#4590,.T.);
#2192=ORIENTED_EDGE('',*,*,#4591,.F.);
#2193=ORIENTED_EDGE('',*,*,#4592,.F.);
#2194=ORIENTED_EDGE('',*,*,#4588,.T.);
#2195=ORIENTED_EDGE('',*,*,#4593,.F.);
#2196=ORIENTED_EDGE('',*,*,#4594,.F.);
#2197=ORIENTED_EDGE('',*,*,#4595,.T.);
#2198=ORIENTED_EDGE('',*,*,#4591,.T.);
#2199=ORIENTED_EDGE('',*,*,#4596,.T.);
#2200=ORIENTED_EDGE('',*,*,#4597,.F.);
#2201=ORIENTED_EDGE('',*,*,#4598,.F.);
#2202=ORIENTED_EDGE('',*,*,#4594,.T.);
#2203=ORIENTED_EDGE('',*,*,#4599,.F.);
#2204=ORIENTED_EDGE('',*,*,#4600,.F.);
#2205=ORIENTED_EDGE('',*,*,#4601,.T.);
#2206=ORIENTED_EDGE('',*,*,#4597,.T.);
#2207=ORIENTED_EDGE('',*,*,#4602,.T.);
#2208=ORIENTED_EDGE('',*,*,#4603,.F.);
#2209=ORIENTED_EDGE('',*,*,#4604,.F.);
#2210=ORIENTED_EDGE('',*,*,#4600,.T.);
#2211=ORIENTED_EDGE('',*,*,#4605,.T.);
#2212=ORIENTED_EDGE('',*,*,#4606,.F.);
#2213=ORIENTED_EDGE('',*,*,#4607,.F.);
#2214=ORIENTED_EDGE('',*,*,#4603,.T.);
#2215=ORIENTED_EDGE('',*,*,#4608,.T.);
#2216=ORIENTED_EDGE('',*,*,#4609,.F.);
#2217=ORIENTED_EDGE('',*,*,#4610,.F.);
#2218=ORIENTED_EDGE('',*,*,#4606,.T.);
#2219=ORIENTED_EDGE('',*,*,#4611,.T.);
#2220=ORIENTED_EDGE('',*,*,#4612,.F.);
#2221=ORIENTED_EDGE('',*,*,#4613,.F.);
#2222=ORIENTED_EDGE('',*,*,#4609,.T.);
#2223=ORIENTED_EDGE('',*,*,#4614,.T.);
#2224=ORIENTED_EDGE('',*,*,#4615,.F.);
#2225=ORIENTED_EDGE('',*,*,#4616,.F.);
#2226=ORIENTED_EDGE('',*,*,#4612,.T.);
#2227=ORIENTED_EDGE('',*,*,#4617,.T.);
#2228=ORIENTED_EDGE('',*,*,#4618,.F.);
#2229=ORIENTED_EDGE('',*,*,#4619,.F.);
#2230=ORIENTED_EDGE('',*,*,#4615,.T.);
#2231=ORIENTED_EDGE('',*,*,#4620,.T.);
#2232=ORIENTED_EDGE('',*,*,#4621,.F.);
#2233=ORIENTED_EDGE('',*,*,#4622,.F.);
#2234=ORIENTED_EDGE('',*,*,#4618,.T.);
#2235=ORIENTED_EDGE('',*,*,#4623,.T.);
#2236=ORIENTED_EDGE('',*,*,#4624,.F.);
#2237=ORIENTED_EDGE('',*,*,#4625,.F.);
#2238=ORIENTED_EDGE('',*,*,#4621,.T.);
#2239=ORIENTED_EDGE('',*,*,#4626,.T.);
#2240=ORIENTED_EDGE('',*,*,#4627,.F.);
#2241=ORIENTED_EDGE('',*,*,#4628,.F.);
#2242=ORIENTED_EDGE('',*,*,#4624,.T.);
#2243=ORIENTED_EDGE('',*,*,#4629,.T.);
#2244=ORIENTED_EDGE('',*,*,#4630,.F.);
#2245=ORIENTED_EDGE('',*,*,#4631,.F.);
#2246=ORIENTED_EDGE('',*,*,#4627,.T.);
#2247=ORIENTED_EDGE('',*,*,#4632,.T.);
#2248=ORIENTED_EDGE('',*,*,#4633,.F.);
#2249=ORIENTED_EDGE('',*,*,#4634,.F.);
#2250=ORIENTED_EDGE('',*,*,#4630,.T.);
#2251=ORIENTED_EDGE('',*,*,#4635,.T.);
#2252=ORIENTED_EDGE('',*,*,#4636,.F.);
#2253=ORIENTED_EDGE('',*,*,#4637,.F.);
#2254=ORIENTED_EDGE('',*,*,#4633,.T.);
#2255=ORIENTED_EDGE('',*,*,#4638,.T.);
#2256=ORIENTED_EDGE('',*,*,#4639,.F.);
#2257=ORIENTED_EDGE('',*,*,#4640,.F.);
#2258=ORIENTED_EDGE('',*,*,#4636,.T.);
#2259=ORIENTED_EDGE('',*,*,#4641,.T.);
#2260=ORIENTED_EDGE('',*,*,#4642,.F.);
#2261=ORIENTED_EDGE('',*,*,#4643,.F.);
#2262=ORIENTED_EDGE('',*,*,#4639,.T.);
#2263=ORIENTED_EDGE('',*,*,#4644,.T.);
#2264=ORIENTED_EDGE('',*,*,#4645,.F.);
#2265=ORIENTED_EDGE('',*,*,#4646,.F.);
#2266=ORIENTED_EDGE('',*,*,#4642,.T.);
#2267=ORIENTED_EDGE('',*,*,#4647,.F.);
#2268=ORIENTED_EDGE('',*,*,#4648,.F.);
#2269=ORIENTED_EDGE('',*,*,#4649,.T.);
#2270=ORIENTED_EDGE('',*,*,#4645,.T.);
#2271=ORIENTED_EDGE('',*,*,#4650,.T.);
#2272=ORIENTED_EDGE('',*,*,#4651,.F.);
#2273=ORIENTED_EDGE('',*,*,#4652,.F.);
#2274=ORIENTED_EDGE('',*,*,#4648,.T.);
#2275=ORIENTED_EDGE('',*,*,#4653,.F.);
#2276=ORIENTED_EDGE('',*,*,#4654,.F.);
#2277=ORIENTED_EDGE('',*,*,#4655,.T.);
#2278=ORIENTED_EDGE('',*,*,#4651,.T.);
#2279=ORIENTED_EDGE('',*,*,#4656,.T.);
#2280=ORIENTED_EDGE('',*,*,#4657,.F.);
#2281=ORIENTED_EDGE('',*,*,#4658,.F.);
#2282=ORIENTED_EDGE('',*,*,#4654,.T.);
#2283=ORIENTED_EDGE('',*,*,#4659,.F.);
#2284=ORIENTED_EDGE('',*,*,#4660,.F.);
#2285=ORIENTED_EDGE('',*,*,#4661,.T.);
#2286=ORIENTED_EDGE('',*,*,#4657,.T.);
#2287=ORIENTED_EDGE('',*,*,#4662,.T.);
#2288=ORIENTED_EDGE('',*,*,#4663,.F.);
#2289=ORIENTED_EDGE('',*,*,#4664,.F.);
#2290=ORIENTED_EDGE('',*,*,#4660,.T.);
#2291=ORIENTED_EDGE('',*,*,#4665,.F.);
#2292=ORIENTED_EDGE('',*,*,#4666,.F.);
#2293=ORIENTED_EDGE('',*,*,#4667,.T.);
#2294=ORIENTED_EDGE('',*,*,#4663,.T.);
#2295=ORIENTED_EDGE('',*,*,#4668,.T.);
#2296=ORIENTED_EDGE('',*,*,#4669,.F.);
#2297=ORIENTED_EDGE('',*,*,#4670,.F.);
#2298=ORIENTED_EDGE('',*,*,#4666,.T.);
#2299=ORIENTED_EDGE('',*,*,#4671,.F.);
#2300=ORIENTED_EDGE('',*,*,#4672,.F.);
#2301=ORIENTED_EDGE('',*,*,#4673,.T.);
#2302=ORIENTED_EDGE('',*,*,#4669,.T.);
#2303=ORIENTED_EDGE('',*,*,#4674,.T.);
#2304=ORIENTED_EDGE('',*,*,#4675,.F.);
#2305=ORIENTED_EDGE('',*,*,#4676,.F.);
#2306=ORIENTED_EDGE('',*,*,#4672,.T.);
#2307=ORIENTED_EDGE('',*,*,#4677,.F.);
#2308=ORIENTED_EDGE('',*,*,#4678,.F.);
#2309=ORIENTED_EDGE('',*,*,#4679,.T.);
#2310=ORIENTED_EDGE('',*,*,#4675,.T.);
#2311=ORIENTED_EDGE('',*,*,#4680,.T.);
#2312=ORIENTED_EDGE('',*,*,#4681,.F.);
#2313=ORIENTED_EDGE('',*,*,#4682,.F.);
#2314=ORIENTED_EDGE('',*,*,#4678,.T.);
#2315=ORIENTED_EDGE('',*,*,#4683,.F.);
#2316=ORIENTED_EDGE('',*,*,#4684,.F.);
#2317=ORIENTED_EDGE('',*,*,#4685,.T.);
#2318=ORIENTED_EDGE('',*,*,#4681,.T.);
#2319=ORIENTED_EDGE('',*,*,#4686,.T.);
#2320=ORIENTED_EDGE('',*,*,#4687,.F.);
#2321=ORIENTED_EDGE('',*,*,#4688,.F.);
#2322=ORIENTED_EDGE('',*,*,#4684,.T.);
#2323=ORIENTED_EDGE('',*,*,#4689,.F.);
#2324=ORIENTED_EDGE('',*,*,#4690,.F.);
#2325=ORIENTED_EDGE('',*,*,#4691,.T.);
#2326=ORIENTED_EDGE('',*,*,#4687,.T.);
#2327=ORIENTED_EDGE('',*,*,#4692,.T.);
#2328=ORIENTED_EDGE('',*,*,#4693,.F.);
#2329=ORIENTED_EDGE('',*,*,#4694,.F.);
#2330=ORIENTED_EDGE('',*,*,#4690,.T.);
#2331=ORIENTED_EDGE('',*,*,#4695,.T.);
#2332=ORIENTED_EDGE('',*,*,#4696,.F.);
#2333=ORIENTED_EDGE('',*,*,#4697,.F.);
#2334=ORIENTED_EDGE('',*,*,#4693,.T.);
#2335=ORIENTED_EDGE('',*,*,#4698,.T.);
#2336=ORIENTED_EDGE('',*,*,#4699,.F.);
#2337=ORIENTED_EDGE('',*,*,#4700,.F.);
#2338=ORIENTED_EDGE('',*,*,#4696,.T.);
#2339=ORIENTED_EDGE('',*,*,#4701,.T.);
#2340=ORIENTED_EDGE('',*,*,#4702,.F.);
#2341=ORIENTED_EDGE('',*,*,#4703,.F.);
#2342=ORIENTED_EDGE('',*,*,#4699,.T.);
#2343=ORIENTED_EDGE('',*,*,#4704,.T.);
#2344=ORIENTED_EDGE('',*,*,#4705,.F.);
#2345=ORIENTED_EDGE('',*,*,#4706,.F.);
#2346=ORIENTED_EDGE('',*,*,#4702,.T.);
#2347=ORIENTED_EDGE('',*,*,#4707,.T.);
#2348=ORIENTED_EDGE('',*,*,#4708,.F.);
#2349=ORIENTED_EDGE('',*,*,#4709,.F.);
#2350=ORIENTED_EDGE('',*,*,#4705,.T.);
#2351=ORIENTED_EDGE('',*,*,#4710,.T.);
#2352=ORIENTED_EDGE('',*,*,#4711,.F.);
#2353=ORIENTED_EDGE('',*,*,#4712,.F.);
#2354=ORIENTED_EDGE('',*,*,#4708,.T.);
#2355=ORIENTED_EDGE('',*,*,#4713,.T.);
#2356=ORIENTED_EDGE('',*,*,#4714,.F.);
#2357=ORIENTED_EDGE('',*,*,#4715,.F.);
#2358=ORIENTED_EDGE('',*,*,#4711,.T.);
#2359=ORIENTED_EDGE('',*,*,#4716,.T.);
#2360=ORIENTED_EDGE('',*,*,#4717,.F.);
#2361=ORIENTED_EDGE('',*,*,#4718,.F.);
#2362=ORIENTED_EDGE('',*,*,#4714,.T.);
#2363=ORIENTED_EDGE('',*,*,#4719,.T.);
#2364=ORIENTED_EDGE('',*,*,#4720,.F.);
#2365=ORIENTED_EDGE('',*,*,#4721,.F.);
#2366=ORIENTED_EDGE('',*,*,#4717,.T.);
#2367=ORIENTED_EDGE('',*,*,#4722,.T.);
#2368=ORIENTED_EDGE('',*,*,#4723,.F.);
#2369=ORIENTED_EDGE('',*,*,#4724,.F.);
#2370=ORIENTED_EDGE('',*,*,#4720,.T.);
#2371=ORIENTED_EDGE('',*,*,#4725,.T.);
#2372=ORIENTED_EDGE('',*,*,#4726,.F.);
#2373=ORIENTED_EDGE('',*,*,#4727,.F.);
#2374=ORIENTED_EDGE('',*,*,#4723,.T.);
#2375=ORIENTED_EDGE('',*,*,#4728,.T.);
#2376=ORIENTED_EDGE('',*,*,#4729,.F.);
#2377=ORIENTED_EDGE('',*,*,#4730,.F.);
#2378=ORIENTED_EDGE('',*,*,#4726,.T.);
#2379=ORIENTED_EDGE('',*,*,#4731,.T.);
#2380=ORIENTED_EDGE('',*,*,#4732,.F.);
#2381=ORIENTED_EDGE('',*,*,#4733,.F.);
#2382=ORIENTED_EDGE('',*,*,#4729,.T.);
#2383=ORIENTED_EDGE('',*,*,#4734,.T.);
#2384=ORIENTED_EDGE('',*,*,#4735,.F.);
#2385=ORIENTED_EDGE('',*,*,#4736,.F.);
#2386=ORIENTED_EDGE('',*,*,#4732,.T.);
#2387=ORIENTED_EDGE('',*,*,#4737,.F.);
#2388=ORIENTED_EDGE('',*,*,#4738,.F.);
#2389=ORIENTED_EDGE('',*,*,#4739,.T.);
#2390=ORIENTED_EDGE('',*,*,#4735,.T.);
#2391=ORIENTED_EDGE('',*,*,#4740,.T.);
#2392=ORIENTED_EDGE('',*,*,#4741,.F.);
#2393=ORIENTED_EDGE('',*,*,#4742,.F.);
#2394=ORIENTED_EDGE('',*,*,#4738,.T.);
#2395=ORIENTED_EDGE('',*,*,#4743,.F.);
#2396=ORIENTED_EDGE('',*,*,#4744,.F.);
#2397=ORIENTED_EDGE('',*,*,#4745,.T.);
#2398=ORIENTED_EDGE('',*,*,#4741,.T.);
#2399=ORIENTED_EDGE('',*,*,#4746,.T.);
#2400=ORIENTED_EDGE('',*,*,#4747,.F.);
#2401=ORIENTED_EDGE('',*,*,#4748,.F.);
#2402=ORIENTED_EDGE('',*,*,#4744,.T.);
#2403=ORIENTED_EDGE('',*,*,#4749,.F.);
#2404=ORIENTED_EDGE('',*,*,#4750,.F.);
#2405=ORIENTED_EDGE('',*,*,#4751,.T.);
#2406=ORIENTED_EDGE('',*,*,#4747,.T.);
#2407=ORIENTED_EDGE('',*,*,#4752,.T.);
#2408=ORIENTED_EDGE('',*,*,#4753,.F.);
#2409=ORIENTED_EDGE('',*,*,#4754,.F.);
#2410=ORIENTED_EDGE('',*,*,#4750,.T.);
#2411=ORIENTED_EDGE('',*,*,#4755,.F.);
#2412=ORIENTED_EDGE('',*,*,#4756,.F.);
#2413=ORIENTED_EDGE('',*,*,#4757,.T.);
#2414=ORIENTED_EDGE('',*,*,#4753,.T.);
#2415=ORIENTED_EDGE('',*,*,#4758,.T.);
#2416=ORIENTED_EDGE('',*,*,#4759,.F.);
#2417=ORIENTED_EDGE('',*,*,#4760,.F.);
#2418=ORIENTED_EDGE('',*,*,#4756,.T.);
#2419=ORIENTED_EDGE('',*,*,#4761,.F.);
#2420=ORIENTED_EDGE('',*,*,#4762,.F.);
#2421=ORIENTED_EDGE('',*,*,#4763,.T.);
#2422=ORIENTED_EDGE('',*,*,#4759,.T.);
#2423=ORIENTED_EDGE('',*,*,#4764,.T.);
#2424=ORIENTED_EDGE('',*,*,#4765,.F.);
#2425=ORIENTED_EDGE('',*,*,#4766,.F.);
#2426=ORIENTED_EDGE('',*,*,#4762,.T.);
#2427=ORIENTED_EDGE('',*,*,#4767,.F.);
#2428=ORIENTED_EDGE('',*,*,#4768,.F.);
#2429=ORIENTED_EDGE('',*,*,#4769,.T.);
#2430=ORIENTED_EDGE('',*,*,#4765,.T.);
#2431=ORIENTED_EDGE('',*,*,#4770,.T.);
#2432=ORIENTED_EDGE('',*,*,#4771,.F.);
#2433=ORIENTED_EDGE('',*,*,#4772,.F.);
#2434=ORIENTED_EDGE('',*,*,#4768,.T.);
#2435=ORIENTED_EDGE('',*,*,#4773,.F.);
#2436=ORIENTED_EDGE('',*,*,#4774,.F.);
#2437=ORIENTED_EDGE('',*,*,#4775,.T.);
#2438=ORIENTED_EDGE('',*,*,#4771,.T.);
#2439=ORIENTED_EDGE('',*,*,#4776,.T.);
#2440=ORIENTED_EDGE('',*,*,#4777,.F.);
#2441=ORIENTED_EDGE('',*,*,#4778,.F.);
#2442=ORIENTED_EDGE('',*,*,#4774,.T.);
#2443=ORIENTED_EDGE('',*,*,#4779,.F.);
#2444=ORIENTED_EDGE('',*,*,#4780,.F.);
#2445=ORIENTED_EDGE('',*,*,#4781,.T.);
#2446=ORIENTED_EDGE('',*,*,#4777,.T.);
#2447=ORIENTED_EDGE('',*,*,#4782,.T.);
#2448=ORIENTED_EDGE('',*,*,#4783,.F.);
#2449=ORIENTED_EDGE('',*,*,#4784,.F.);
#2450=ORIENTED_EDGE('',*,*,#4780,.T.);
#2451=ORIENTED_EDGE('',*,*,#4785,.T.);
#2452=ORIENTED_EDGE('',*,*,#4786,.F.);
#2453=ORIENTED_EDGE('',*,*,#4787,.F.);
#2454=ORIENTED_EDGE('',*,*,#4783,.T.);
#2455=ORIENTED_EDGE('',*,*,#4788,.T.);
#2456=ORIENTED_EDGE('',*,*,#4789,.F.);
#2457=ORIENTED_EDGE('',*,*,#4790,.F.);
#2458=ORIENTED_EDGE('',*,*,#4786,.T.);
#2459=ORIENTED_EDGE('',*,*,#4791,.F.);
#2460=ORIENTED_EDGE('',*,*,#4792,.F.);
#2461=ORIENTED_EDGE('',*,*,#4793,.T.);
#2462=ORIENTED_EDGE('',*,*,#4794,.T.);
#2463=ORIENTED_EDGE('',*,*,#4795,.F.);
#2464=ORIENTED_EDGE('',*,*,#4796,.F.);
#2465=ORIENTED_EDGE('',*,*,#4797,.T.);
#2466=ORIENTED_EDGE('',*,*,#4792,.T.);
#2467=ORIENTED_EDGE('',*,*,#4798,.F.);
#2468=ORIENTED_EDGE('',*,*,#4799,.F.);
#2469=ORIENTED_EDGE('',*,*,#4800,.T.);
#2470=ORIENTED_EDGE('',*,*,#4796,.T.);
#2471=ORIENTED_EDGE('',*,*,#4801,.F.);
#2472=ORIENTED_EDGE('',*,*,#4802,.F.);
#2473=ORIENTED_EDGE('',*,*,#4803,.T.);
#2474=ORIENTED_EDGE('',*,*,#4799,.T.);
#2475=ORIENTED_EDGE('',*,*,#4804,.F.);
#2476=ORIENTED_EDGE('',*,*,#4805,.F.);
#2477=ORIENTED_EDGE('',*,*,#4806,.T.);
#2478=ORIENTED_EDGE('',*,*,#4802,.T.);
#2479=ORIENTED_EDGE('',*,*,#4807,.F.);
#2480=ORIENTED_EDGE('',*,*,#4808,.F.);
#2481=ORIENTED_EDGE('',*,*,#4809,.T.);
#2482=ORIENTED_EDGE('',*,*,#4805,.T.);
#2483=ORIENTED_EDGE('',*,*,#4810,.F.);
#2484=ORIENTED_EDGE('',*,*,#4811,.F.);
#2485=ORIENTED_EDGE('',*,*,#4812,.T.);
#2486=ORIENTED_EDGE('',*,*,#4808,.T.);
#2487=ORIENTED_EDGE('',*,*,#4813,.F.);
#2488=ORIENTED_EDGE('',*,*,#4814,.F.);
#2489=ORIENTED_EDGE('',*,*,#4815,.T.);
#2490=ORIENTED_EDGE('',*,*,#4816,.T.);
#2491=ORIENTED_EDGE('',*,*,#4817,.F.);
#2492=ORIENTED_EDGE('',*,*,#4818,.F.);
#2493=ORIENTED_EDGE('',*,*,#4819,.T.);
#2494=ORIENTED_EDGE('',*,*,#4814,.T.);
#2495=ORIENTED_EDGE('',*,*,#4820,.F.);
#2496=ORIENTED_EDGE('',*,*,#4821,.F.);
#2497=ORIENTED_EDGE('',*,*,#4822,.T.);
#2498=ORIENTED_EDGE('',*,*,#4818,.T.);
#2499=ORIENTED_EDGE('',*,*,#4823,.F.);
#2500=ORIENTED_EDGE('',*,*,#4824,.F.);
#2501=ORIENTED_EDGE('',*,*,#4825,.T.);
#2502=ORIENTED_EDGE('',*,*,#4821,.T.);
#2503=ORIENTED_EDGE('',*,*,#4826,.F.);
#2504=ORIENTED_EDGE('',*,*,#4827,.F.);
#2505=ORIENTED_EDGE('',*,*,#4828,.T.);
#2506=ORIENTED_EDGE('',*,*,#4824,.T.);
#2507=ORIENTED_EDGE('',*,*,#4829,.F.);
#2508=ORIENTED_EDGE('',*,*,#4830,.F.);
#2509=ORIENTED_EDGE('',*,*,#4831,.T.);
#2510=ORIENTED_EDGE('',*,*,#4827,.T.);
#2511=ORIENTED_EDGE('',*,*,#4832,.F.);
#2512=ORIENTED_EDGE('',*,*,#4833,.F.);
#2513=ORIENTED_EDGE('',*,*,#4834,.T.);
#2514=ORIENTED_EDGE('',*,*,#4830,.T.);
#2515=ORIENTED_EDGE('',*,*,#4835,.F.);
#2516=ORIENTED_EDGE('',*,*,#4836,.F.);
#2517=ORIENTED_EDGE('',*,*,#4837,.T.);
#2518=ORIENTED_EDGE('',*,*,#4838,.T.);
#2519=ORIENTED_EDGE('',*,*,#4839,.F.);
#2520=ORIENTED_EDGE('',*,*,#4840,.F.);
#2521=ORIENTED_EDGE('',*,*,#4841,.T.);
#2522=ORIENTED_EDGE('',*,*,#4836,.T.);
#2523=ORIENTED_EDGE('',*,*,#4842,.F.);
#2524=ORIENTED_EDGE('',*,*,#4843,.F.);
#2525=ORIENTED_EDGE('',*,*,#4844,.T.);
#2526=ORIENTED_EDGE('',*,*,#4840,.T.);
#2527=ORIENTED_EDGE('',*,*,#4845,.F.);
#2528=ORIENTED_EDGE('',*,*,#4846,.F.);
#2529=ORIENTED_EDGE('',*,*,#4847,.T.);
#2530=ORIENTED_EDGE('',*,*,#4843,.T.);
#2531=ORIENTED_EDGE('',*,*,#4848,.F.);
#2532=ORIENTED_EDGE('',*,*,#4849,.F.);
#2533=ORIENTED_EDGE('',*,*,#4850,.T.);
#2534=ORIENTED_EDGE('',*,*,#4846,.T.);
#2535=ORIENTED_EDGE('',*,*,#4851,.F.);
#2536=ORIENTED_EDGE('',*,*,#4852,.F.);
#2537=ORIENTED_EDGE('',*,*,#4853,.T.);
#2538=ORIENTED_EDGE('',*,*,#4849,.T.);
#2539=ORIENTED_EDGE('',*,*,#4854,.F.);
#2540=ORIENTED_EDGE('',*,*,#4855,.F.);
#2541=ORIENTED_EDGE('',*,*,#4856,.T.);
#2542=ORIENTED_EDGE('',*,*,#4852,.T.);
#2543=ORIENTED_EDGE('',*,*,#4857,.F.);
#2544=ORIENTED_EDGE('',*,*,#4858,.F.);
#2545=ORIENTED_EDGE('',*,*,#4859,.T.);
#2546=ORIENTED_EDGE('',*,*,#4860,.T.);
#2547=ORIENTED_EDGE('',*,*,#4861,.F.);
#2548=ORIENTED_EDGE('',*,*,#4862,.F.);
#2549=ORIENTED_EDGE('',*,*,#4863,.T.);
#2550=ORIENTED_EDGE('',*,*,#4858,.T.);
#2551=ORIENTED_EDGE('',*,*,#4864,.F.);
#2552=ORIENTED_EDGE('',*,*,#4865,.F.);
#2553=ORIENTED_EDGE('',*,*,#4866,.T.);
#2554=ORIENTED_EDGE('',*,*,#4862,.T.);
#2555=ORIENTED_EDGE('',*,*,#4867,.F.);
#2556=ORIENTED_EDGE('',*,*,#4868,.F.);
#2557=ORIENTED_EDGE('',*,*,#4869,.T.);
#2558=ORIENTED_EDGE('',*,*,#4865,.T.);
#2559=ORIENTED_EDGE('',*,*,#4870,.F.);
#2560=ORIENTED_EDGE('',*,*,#4871,.F.);
#2561=ORIENTED_EDGE('',*,*,#4872,.T.);
#2562=ORIENTED_EDGE('',*,*,#4868,.T.);
#2563=ORIENTED_EDGE('',*,*,#4873,.F.);
#2564=ORIENTED_EDGE('',*,*,#4874,.F.);
#2565=ORIENTED_EDGE('',*,*,#4875,.T.);
#2566=ORIENTED_EDGE('',*,*,#4871,.T.);
#2567=ORIENTED_EDGE('',*,*,#4876,.F.);
#2568=ORIENTED_EDGE('',*,*,#4877,.F.);
#2569=ORIENTED_EDGE('',*,*,#4878,.T.);
#2570=ORIENTED_EDGE('',*,*,#4874,.T.);
#2571=ORIENTED_EDGE('',*,*,#4879,.F.);
#2572=ORIENTED_EDGE('',*,*,#4880,.F.);
#2573=ORIENTED_EDGE('',*,*,#4881,.T.);
#2574=ORIENTED_EDGE('',*,*,#4882,.T.);
#2575=ORIENTED_EDGE('',*,*,#4883,.F.);
#2576=ORIENTED_EDGE('',*,*,#4884,.F.);
#2577=ORIENTED_EDGE('',*,*,#4885,.T.);
#2578=ORIENTED_EDGE('',*,*,#4880,.T.);
#2579=ORIENTED_EDGE('',*,*,#4886,.F.);
#2580=ORIENTED_EDGE('',*,*,#4887,.F.);
#2581=ORIENTED_EDGE('',*,*,#4888,.T.);
#2582=ORIENTED_EDGE('',*,*,#4884,.T.);
#2583=ORIENTED_EDGE('',*,*,#4889,.F.);
#2584=ORIENTED_EDGE('',*,*,#4890,.F.);
#2585=ORIENTED_EDGE('',*,*,#4891,.T.);
#2586=ORIENTED_EDGE('',*,*,#4887,.T.);
#2587=ORIENTED_EDGE('',*,*,#4892,.F.);
#2588=ORIENTED_EDGE('',*,*,#4893,.F.);
#2589=ORIENTED_EDGE('',*,*,#4894,.T.);
#2590=ORIENTED_EDGE('',*,*,#4890,.T.);
#2591=ORIENTED_EDGE('',*,*,#4895,.F.);
#2592=ORIENTED_EDGE('',*,*,#4896,.F.);
#2593=ORIENTED_EDGE('',*,*,#4897,.T.);
#2594=ORIENTED_EDGE('',*,*,#4893,.T.);
#2595=ORIENTED_EDGE('',*,*,#4898,.F.);
#2596=ORIENTED_EDGE('',*,*,#4899,.F.);
#2597=ORIENTED_EDGE('',*,*,#4900,.T.);
#2598=ORIENTED_EDGE('',*,*,#4896,.T.);
#2599=ORIENTED_EDGE('',*,*,#4901,.F.);
#2600=ORIENTED_EDGE('',*,*,#4902,.F.);
#2601=ORIENTED_EDGE('',*,*,#4903,.T.);
#2602=ORIENTED_EDGE('',*,*,#4899,.T.);
#2603=ORIENTED_EDGE('',*,*,#4904,.F.);
#2604=ORIENTED_EDGE('',*,*,#4905,.F.);
#2605=ORIENTED_EDGE('',*,*,#4906,.T.);
#2606=ORIENTED_EDGE('',*,*,#4902,.T.);
#2607=ORIENTED_EDGE('',*,*,#4907,.F.);
#2608=ORIENTED_EDGE('',*,*,#4908,.F.);
#2609=ORIENTED_EDGE('',*,*,#4909,.T.);
#2610=ORIENTED_EDGE('',*,*,#4905,.T.);
#2611=ORIENTED_EDGE('',*,*,#4910,.F.);
#2612=ORIENTED_EDGE('',*,*,#4911,.F.);
#2613=ORIENTED_EDGE('',*,*,#4912,.T.);
#2614=ORIENTED_EDGE('',*,*,#4908,.T.);
#2615=ORIENTED_EDGE('',*,*,#4913,.F.);
#2616=ORIENTED_EDGE('',*,*,#4914,.F.);
#2617=ORIENTED_EDGE('',*,*,#4915,.T.);
#2618=ORIENTED_EDGE('',*,*,#4911,.T.);
#2619=ORIENTED_EDGE('',*,*,#4916,.F.);
#2620=ORIENTED_EDGE('',*,*,#4917,.F.);
#2621=ORIENTED_EDGE('',*,*,#4918,.T.);
#2622=ORIENTED_EDGE('',*,*,#4914,.T.);
#2623=ORIENTED_EDGE('',*,*,#4919,.F.);
#2624=ORIENTED_EDGE('',*,*,#4920,.F.);
#2625=ORIENTED_EDGE('',*,*,#4921,.T.);
#2626=ORIENTED_EDGE('',*,*,#4917,.T.);
#2627=ORIENTED_EDGE('',*,*,#4922,.F.);
#2628=ORIENTED_EDGE('',*,*,#4923,.F.);
#2629=ORIENTED_EDGE('',*,*,#4924,.T.);
#2630=ORIENTED_EDGE('',*,*,#4920,.T.);
#2631=ORIENTED_EDGE('',*,*,#4925,.F.);
#2632=ORIENTED_EDGE('',*,*,#4926,.F.);
#2633=ORIENTED_EDGE('',*,*,#4927,.T.);
#2634=ORIENTED_EDGE('',*,*,#4923,.T.);
#2635=ORIENTED_EDGE('',*,*,#4928,.F.);
#2636=ORIENTED_EDGE('',*,*,#4929,.F.);
#2637=ORIENTED_EDGE('',*,*,#4930,.T.);
#2638=ORIENTED_EDGE('',*,*,#4926,.T.);
#2639=ORIENTED_EDGE('',*,*,#4931,.F.);
#2640=ORIENTED_EDGE('',*,*,#4932,.F.);
#2641=ORIENTED_EDGE('',*,*,#4933,.T.);
#2642=ORIENTED_EDGE('',*,*,#4929,.T.);
#2643=ORIENTED_EDGE('',*,*,#4934,.F.);
#2644=ORIENTED_EDGE('',*,*,#4935,.F.);
#2645=ORIENTED_EDGE('',*,*,#4936,.T.);
#2646=ORIENTED_EDGE('',*,*,#4932,.T.);
#2647=ORIENTED_EDGE('',*,*,#4937,.F.);
#2648=ORIENTED_EDGE('',*,*,#4938,.F.);
#2649=ORIENTED_EDGE('',*,*,#4939,.T.);
#2650=ORIENTED_EDGE('',*,*,#4935,.T.);
#2651=ORIENTED_EDGE('',*,*,#4940,.F.);
#2652=ORIENTED_EDGE('',*,*,#4941,.F.);
#2653=ORIENTED_EDGE('',*,*,#4942,.T.);
#2654=ORIENTED_EDGE('',*,*,#4938,.T.);
#2655=ORIENTED_EDGE('',*,*,#4943,.F.);
#2656=ORIENTED_EDGE('',*,*,#4944,.F.);
#2657=ORIENTED_EDGE('',*,*,#4945,.T.);
#2658=ORIENTED_EDGE('',*,*,#4941,.T.);
#2659=ORIENTED_EDGE('',*,*,#4946,.F.);
#2660=ORIENTED_EDGE('',*,*,#4947,.F.);
#2661=ORIENTED_EDGE('',*,*,#4948,.T.);
#2662=ORIENTED_EDGE('',*,*,#4944,.T.);
#2663=ORIENTED_EDGE('',*,*,#4949,.F.);
#2664=ORIENTED_EDGE('',*,*,#4950,.F.);
#2665=ORIENTED_EDGE('',*,*,#4951,.T.);
#2666=ORIENTED_EDGE('',*,*,#4947,.T.);
#2667=ORIENTED_EDGE('',*,*,#4952,.F.);
#2668=ORIENTED_EDGE('',*,*,#4953,.F.);
#2669=ORIENTED_EDGE('',*,*,#4954,.T.);
#2670=ORIENTED_EDGE('',*,*,#4950,.T.);
#2671=ORIENTED_EDGE('',*,*,#4955,.F.);
#2672=ORIENTED_EDGE('',*,*,#4956,.F.);
#2673=ORIENTED_EDGE('',*,*,#4957,.T.);
#2674=ORIENTED_EDGE('',*,*,#4953,.T.);
#2675=ORIENTED_EDGE('',*,*,#4958,.F.);
#2676=ORIENTED_EDGE('',*,*,#4959,.F.);
#2677=ORIENTED_EDGE('',*,*,#4960,.T.);
#2678=ORIENTED_EDGE('',*,*,#4956,.T.);
#2679=ORIENTED_EDGE('',*,*,#4961,.F.);
#2680=ORIENTED_EDGE('',*,*,#4962,.F.);
#2681=ORIENTED_EDGE('',*,*,#4963,.T.);
#2682=ORIENTED_EDGE('',*,*,#4959,.T.);
#2683=ORIENTED_EDGE('',*,*,#4964,.F.);
#2684=ORIENTED_EDGE('',*,*,#4965,.F.);
#2685=ORIENTED_EDGE('',*,*,#4966,.T.);
#2686=ORIENTED_EDGE('',*,*,#4962,.T.);
#2687=ORIENTED_EDGE('',*,*,#4967,.F.);
#2688=ORIENTED_EDGE('',*,*,#4968,.F.);
#2689=ORIENTED_EDGE('',*,*,#4969,.T.);
#2690=ORIENTED_EDGE('',*,*,#4965,.T.);
#2691=ORIENTED_EDGE('',*,*,#4970,.F.);
#2692=ORIENTED_EDGE('',*,*,#4971,.F.);
#2693=ORIENTED_EDGE('',*,*,#4972,.T.);
#2694=ORIENTED_EDGE('',*,*,#4968,.T.);
#2695=ORIENTED_EDGE('',*,*,#4973,.F.);
#2696=ORIENTED_EDGE('',*,*,#4974,.F.);
#2697=ORIENTED_EDGE('',*,*,#4975,.T.);
#2698=ORIENTED_EDGE('',*,*,#4971,.T.);
#2699=ORIENTED_EDGE('',*,*,#4976,.F.);
#2700=ORIENTED_EDGE('',*,*,#4977,.F.);
#2701=ORIENTED_EDGE('',*,*,#4978,.T.);
#2702=ORIENTED_EDGE('',*,*,#4974,.T.);
#2703=ORIENTED_EDGE('',*,*,#4979,.F.);
#2704=ORIENTED_EDGE('',*,*,#4980,.F.);
#2705=ORIENTED_EDGE('',*,*,#4981,.T.);
#2706=ORIENTED_EDGE('',*,*,#4977,.T.);
#2707=ORIENTED_EDGE('',*,*,#4982,.F.);
#2708=ORIENTED_EDGE('',*,*,#4983,.F.);
#2709=ORIENTED_EDGE('',*,*,#4984,.T.);
#2710=ORIENTED_EDGE('',*,*,#4980,.T.);
#2711=ORIENTED_EDGE('',*,*,#4985,.F.);
#2712=ORIENTED_EDGE('',*,*,#4986,.F.);
#2713=ORIENTED_EDGE('',*,*,#4987,.T.);
#2714=ORIENTED_EDGE('',*,*,#4983,.T.);
#2715=ORIENTED_EDGE('',*,*,#4988,.F.);
#2716=ORIENTED_EDGE('',*,*,#4989,.F.);
#2717=ORIENTED_EDGE('',*,*,#4990,.T.);
#2718=ORIENTED_EDGE('',*,*,#4986,.T.);
#2719=ORIENTED_EDGE('',*,*,#4991,.F.);
#2720=ORIENTED_EDGE('',*,*,#4992,.F.);
#2721=ORIENTED_EDGE('',*,*,#4993,.T.);
#2722=ORIENTED_EDGE('',*,*,#4989,.T.);
#2723=ORIENTED_EDGE('',*,*,#4994,.F.);
#2724=ORIENTED_EDGE('',*,*,#4995,.F.);
#2725=ORIENTED_EDGE('',*,*,#4996,.T.);
#2726=ORIENTED_EDGE('',*,*,#4992,.T.);
#2727=ORIENTED_EDGE('',*,*,#4997,.F.);
#2728=ORIENTED_EDGE('',*,*,#4794,.F.);
#2729=ORIENTED_EDGE('',*,*,#4998,.T.);
#2730=ORIENTED_EDGE('',*,*,#4811,.T.);
#2731=ORIENTED_EDGE('',*,*,#4999,.F.);
#2732=ORIENTED_EDGE('',*,*,#4816,.F.);
#2733=ORIENTED_EDGE('',*,*,#5000,.T.);
#2734=ORIENTED_EDGE('',*,*,#4833,.T.);
#2735=ORIENTED_EDGE('',*,*,#5001,.F.);
#2736=ORIENTED_EDGE('',*,*,#4838,.F.);
#2737=ORIENTED_EDGE('',*,*,#5002,.T.);
#2738=ORIENTED_EDGE('',*,*,#4855,.T.);
#2739=ORIENTED_EDGE('',*,*,#5003,.F.);
#2740=ORIENTED_EDGE('',*,*,#4860,.F.);
#2741=ORIENTED_EDGE('',*,*,#5004,.T.);
#2742=ORIENTED_EDGE('',*,*,#4877,.T.);
#2743=ORIENTED_EDGE('',*,*,#5005,.F.);
#2744=ORIENTED_EDGE('',*,*,#4882,.F.);
#2745=ORIENTED_EDGE('',*,*,#5006,.T.);
#2746=ORIENTED_EDGE('',*,*,#4995,.T.);
#2747=ORIENTED_EDGE('',*,*,#5007,.T.);
#2748=ORIENTED_EDGE('',*,*,#4436,.F.);
#2749=ORIENTED_EDGE('',*,*,#5008,.F.);
#2750=ORIENTED_EDGE('',*,*,#4789,.T.);
#2751=ORIENTED_EDGE('',*,*,#4881,.F.);
#2752=ORIENTED_EDGE('',*,*,#4885,.F.);
#2753=ORIENTED_EDGE('',*,*,#4888,.F.);
#2754=ORIENTED_EDGE('',*,*,#4891,.F.);
#2755=ORIENTED_EDGE('',*,*,#4894,.F.);
#2756=ORIENTED_EDGE('',*,*,#4897,.F.);
#2757=ORIENTED_EDGE('',*,*,#4900,.F.);
#2758=ORIENTED_EDGE('',*,*,#4903,.F.);
#2759=ORIENTED_EDGE('',*,*,#4906,.F.);
#2760=ORIENTED_EDGE('',*,*,#4909,.F.);
#2761=ORIENTED_EDGE('',*,*,#4912,.F.);
#2762=ORIENTED_EDGE('',*,*,#4915,.F.);
#2763=ORIENTED_EDGE('',*,*,#4918,.F.);
#2764=ORIENTED_EDGE('',*,*,#4921,.F.);
#2765=ORIENTED_EDGE('',*,*,#4924,.F.);
#2766=ORIENTED_EDGE('',*,*,#4927,.F.);
#2767=ORIENTED_EDGE('',*,*,#4930,.F.);
#2768=ORIENTED_EDGE('',*,*,#4933,.F.);
#2769=ORIENTED_EDGE('',*,*,#4936,.F.);
#2770=ORIENTED_EDGE('',*,*,#4939,.F.);
#2771=ORIENTED_EDGE('',*,*,#4942,.F.);
#2772=ORIENTED_EDGE('',*,*,#4945,.F.);
#2773=ORIENTED_EDGE('',*,*,#4948,.F.);
#2774=ORIENTED_EDGE('',*,*,#4951,.F.);
#2775=ORIENTED_EDGE('',*,*,#4954,.F.);
#2776=ORIENTED_EDGE('',*,*,#4957,.F.);
#2777=ORIENTED_EDGE('',*,*,#4960,.F.);
#2778=ORIENTED_EDGE('',*,*,#4963,.F.);
#2779=ORIENTED_EDGE('',*,*,#4966,.F.);
#2780=ORIENTED_EDGE('',*,*,#4969,.F.);
#2781=ORIENTED_EDGE('',*,*,#4972,.F.);
#2782=ORIENTED_EDGE('',*,*,#4975,.F.);
#2783=ORIENTED_EDGE('',*,*,#4978,.F.);
#2784=ORIENTED_EDGE('',*,*,#4981,.F.);
#2785=ORIENTED_EDGE('',*,*,#4984,.F.);
#2786=ORIENTED_EDGE('',*,*,#4987,.F.);
#2787=ORIENTED_EDGE('',*,*,#4990,.F.);
#2788=ORIENTED_EDGE('',*,*,#4993,.F.);
#2789=ORIENTED_EDGE('',*,*,#4996,.F.);
#2790=ORIENTED_EDGE('',*,*,#5006,.F.);
#2791=ORIENTED_EDGE('',*,*,#4859,.F.);
#2792=ORIENTED_EDGE('',*,*,#4863,.F.);
#2793=ORIENTED_EDGE('',*,*,#4866,.F.);
#2794=ORIENTED_EDGE('',*,*,#4869,.F.);
#2795=ORIENTED_EDGE('',*,*,#4872,.F.);
#2796=ORIENTED_EDGE('',*,*,#4875,.F.);
#2797=ORIENTED_EDGE('',*,*,#4878,.F.);
#2798=ORIENTED_EDGE('',*,*,#5004,.F.);
#2799=ORIENTED_EDGE('',*,*,#4837,.F.);
#2800=ORIENTED_EDGE('',*,*,#4841,.F.);
#2801=ORIENTED_EDGE('',*,*,#4844,.F.);
#2802=ORIENTED_EDGE('',*,*,#4847,.F.);
#2803=ORIENTED_EDGE('',*,*,#4850,.F.);
#2804=ORIENTED_EDGE('',*,*,#4853,.F.);
#2805=ORIENTED_EDGE('',*,*,#4856,.F.);
#2806=ORIENTED_EDGE('',*,*,#5002,.F.);
#2807=ORIENTED_EDGE('',*,*,#4815,.F.);
#2808=ORIENTED_EDGE('',*,*,#4819,.F.);
#2809=ORIENTED_EDGE('',*,*,#4822,.F.);
#2810=ORIENTED_EDGE('',*,*,#4825,.F.);
#2811=ORIENTED_EDGE('',*,*,#4828,.F.);
#2812=ORIENTED_EDGE('',*,*,#4831,.F.);
#2813=ORIENTED_EDGE('',*,*,#4834,.F.);
#2814=ORIENTED_EDGE('',*,*,#5000,.F.);
#2815=ORIENTED_EDGE('',*,*,#4793,.F.);
#2816=ORIENTED_EDGE('',*,*,#4797,.F.);
#2817=ORIENTED_EDGE('',*,*,#4800,.F.);
#2818=ORIENTED_EDGE('',*,*,#4803,.F.);
#2819=ORIENTED_EDGE('',*,*,#4806,.F.);
#2820=ORIENTED_EDGE('',*,*,#4809,.F.);
#2821=ORIENTED_EDGE('',*,*,#4812,.F.);
#2822=ORIENTED_EDGE('',*,*,#4998,.F.);
#2823=ORIENTED_EDGE('',*,*,#4435,.T.);
#2824=ORIENTED_EDGE('',*,*,#4439,.T.);
#2825=ORIENTED_EDGE('',*,*,#4442,.T.);
#2826=ORIENTED_EDGE('',*,*,#4445,.T.);
#2827=ORIENTED_EDGE('',*,*,#4448,.T.);
#2828=ORIENTED_EDGE('',*,*,#4451,.T.);
#2829=ORIENTED_EDGE('',*,*,#4454,.T.);
#2830=ORIENTED_EDGE('',*,*,#4457,.T.);
#2831=ORIENTED_EDGE('',*,*,#4460,.T.);
#2832=ORIENTED_EDGE('',*,*,#4463,.T.);
#2833=ORIENTED_EDGE('',*,*,#4466,.T.);
#2834=ORIENTED_EDGE('',*,*,#4469,.F.);
#2835=ORIENTED_EDGE('',*,*,#4472,.T.);
#2836=ORIENTED_EDGE('',*,*,#4475,.F.);
#2837=ORIENTED_EDGE('',*,*,#4478,.T.);
#2838=ORIENTED_EDGE('',*,*,#4481,.F.);
#2839=ORIENTED_EDGE('',*,*,#4484,.T.);
#2840=ORIENTED_EDGE('',*,*,#4487,.F.);
#2841=ORIENTED_EDGE('',*,*,#4490,.T.);
#2842=ORIENTED_EDGE('',*,*,#4493,.F.);
#2843=ORIENTED_EDGE('',*,*,#4496,.T.);
#2844=ORIENTED_EDGE('',*,*,#4499,.F.);
#2845=ORIENTED_EDGE('',*,*,#4502,.T.);
#2846=ORIENTED_EDGE('',*,*,#4505,.F.);
#2847=ORIENTED_EDGE('',*,*,#4508,.T.);
#2848=ORIENTED_EDGE('',*,*,#4511,.F.);
#2849=ORIENTED_EDGE('',*,*,#4514,.T.);
#2850=ORIENTED_EDGE('',*,*,#4517,.T.);
#2851=ORIENTED_EDGE('',*,*,#4520,.T.);
#2852=ORIENTED_EDGE('',*,*,#4523,.T.);
#2853=ORIENTED_EDGE('',*,*,#4526,.T.);
#2854=ORIENTED_EDGE('',*,*,#4529,.T.);
#2855=ORIENTED_EDGE('',*,*,#4532,.T.);
#2856=ORIENTED_EDGE('',*,*,#4535,.T.);
#2857=ORIENTED_EDGE('',*,*,#4538,.T.);
#2858=ORIENTED_EDGE('',*,*,#4541,.T.);
#2859=ORIENTED_EDGE('',*,*,#4544,.T.);
#2860=ORIENTED_EDGE('',*,*,#4547,.T.);
#2861=ORIENTED_EDGE('',*,*,#4550,.T.);
#2862=ORIENTED_EDGE('',*,*,#4553,.T.);
#2863=ORIENTED_EDGE('',*,*,#4556,.T.);
#2864=ORIENTED_EDGE('',*,*,#4559,.F.);
#2865=ORIENTED_EDGE('',*,*,#4562,.T.);
#2866=ORIENTED_EDGE('',*,*,#4565,.F.);
#2867=ORIENTED_EDGE('',*,*,#4568,.T.);
#2868=ORIENTED_EDGE('',*,*,#4571,.F.);
#2869=ORIENTED_EDGE('',*,*,#4574,.T.);
#2870=ORIENTED_EDGE('',*,*,#4577,.F.);
#2871=ORIENTED_EDGE('',*,*,#4580,.T.);
#2872=ORIENTED_EDGE('',*,*,#4583,.F.);
#2873=ORIENTED_EDGE('',*,*,#4586,.T.);
#2874=ORIENTED_EDGE('',*,*,#4589,.F.);
#2875=ORIENTED_EDGE('',*,*,#4592,.T.);
#2876=ORIENTED_EDGE('',*,*,#4595,.F.);
#2877=ORIENTED_EDGE('',*,*,#4598,.T.);
#2878=ORIENTED_EDGE('',*,*,#4601,.F.);
#2879=ORIENTED_EDGE('',*,*,#4604,.T.);
#2880=ORIENTED_EDGE('',*,*,#4607,.T.);
#2881=ORIENTED_EDGE('',*,*,#4610,.T.);
#2882=ORIENTED_EDGE('',*,*,#4613,.T.);
#2883=ORIENTED_EDGE('',*,*,#4616,.T.);
#2884=ORIENTED_EDGE('',*,*,#4619,.T.);
#2885=ORIENTED_EDGE('',*,*,#4622,.T.);
#2886=ORIENTED_EDGE('',*,*,#4625,.T.);
#2887=ORIENTED_EDGE('',*,*,#4628,.T.);
#2888=ORIENTED_EDGE('',*,*,#4631,.T.);
#2889=ORIENTED_EDGE('',*,*,#4634,.T.);
#2890=ORIENTED_EDGE('',*,*,#4637,.T.);
#2891=ORIENTED_EDGE('',*,*,#4640,.T.);
#2892=ORIENTED_EDGE('',*,*,#4643,.T.);
#2893=ORIENTED_EDGE('',*,*,#4646,.T.);
#2894=ORIENTED_EDGE('',*,*,#4649,.F.);
#2895=ORIENTED_EDGE('',*,*,#4652,.T.);
#2896=ORIENTED_EDGE('',*,*,#4655,.F.);
#2897=ORIENTED_EDGE('',*,*,#4658,.T.);
#2898=ORIENTED_EDGE('',*,*,#4661,.F.);
#2899=ORIENTED_EDGE('',*,*,#4664,.T.);
#2900=ORIENTED_EDGE('',*,*,#4667,.F.);
#2901=ORIENTED_EDGE('',*,*,#4670,.T.);
#2902=ORIENTED_EDGE('',*,*,#4673,.F.);
#2903=ORIENTED_EDGE('',*,*,#4676,.T.);
#2904=ORIENTED_EDGE('',*,*,#4679,.F.);
#2905=ORIENTED_EDGE('',*,*,#4682,.T.);
#2906=ORIENTED_EDGE('',*,*,#4685,.F.);
#2907=ORIENTED_EDGE('',*,*,#4688,.T.);
#2908=ORIENTED_EDGE('',*,*,#4691,.F.);
#2909=ORIENTED_EDGE('',*,*,#4694,.T.);
#2910=ORIENTED_EDGE('',*,*,#4697,.T.);
#2911=ORIENTED_EDGE('',*,*,#4700,.T.);
#2912=ORIENTED_EDGE('',*,*,#4703,.T.);
#2913=ORIENTED_EDGE('',*,*,#4706,.T.);
#2914=ORIENTED_EDGE('',*,*,#4709,.T.);
#2915=ORIENTED_EDGE('',*,*,#4712,.T.);
#2916=ORIENTED_EDGE('',*,*,#4715,.T.);
#2917=ORIENTED_EDGE('',*,*,#4718,.T.);
#2918=ORIENTED_EDGE('',*,*,#4721,.T.);
#2919=ORIENTED_EDGE('',*,*,#4724,.T.);
#2920=ORIENTED_EDGE('',*,*,#4727,.T.);
#2921=ORIENTED_EDGE('',*,*,#4730,.T.);
#2922=ORIENTED_EDGE('',*,*,#4733,.T.);
#2923=ORIENTED_EDGE('',*,*,#4736,.T.);
#2924=ORIENTED_EDGE('',*,*,#4739,.F.);
#2925=ORIENTED_EDGE('',*,*,#4742,.T.);
#2926=ORIENTED_EDGE('',*,*,#4745,.F.);
#2927=ORIENTED_EDGE('',*,*,#4748,.T.);
#2928=ORIENTED_EDGE('',*,*,#4751,.F.);
#2929=ORIENTED_EDGE('',*,*,#4754,.T.);
#2930=ORIENTED_EDGE('',*,*,#4757,.F.);
#2931=ORIENTED_EDGE('',*,*,#4760,.T.);
#2932=ORIENTED_EDGE('',*,*,#4763,.F.);
#2933=ORIENTED_EDGE('',*,*,#4766,.T.);
#2934=ORIENTED_EDGE('',*,*,#4769,.F.);
#2935=ORIENTED_EDGE('',*,*,#4772,.T.);
#2936=ORIENTED_EDGE('',*,*,#4775,.F.);
#2937=ORIENTED_EDGE('',*,*,#4778,.T.);
#2938=ORIENTED_EDGE('',*,*,#4781,.F.);
#2939=ORIENTED_EDGE('',*,*,#4784,.T.);
#2940=ORIENTED_EDGE('',*,*,#4787,.T.);
#2941=ORIENTED_EDGE('',*,*,#4790,.T.);
#2942=ORIENTED_EDGE('',*,*,#5008,.T.);
#2943=ORIENTED_EDGE('',*,*,#4879,.T.);
#2944=ORIENTED_EDGE('',*,*,#5005,.T.);
#2945=ORIENTED_EDGE('',*,*,#4994,.T.);
#2946=ORIENTED_EDGE('',*,*,#4991,.T.);
#2947=ORIENTED_EDGE('',*,*,#4988,.T.);
#2948=ORIENTED_EDGE('',*,*,#4985,.T.);
#2949=ORIENTED_EDGE('',*,*,#4982,.T.);
#2950=ORIENTED_EDGE('',*,*,#4979,.T.);
#2951=ORIENTED_EDGE('',*,*,#4976,.T.);
#2952=ORIENTED_EDGE('',*,*,#4973,.T.);
#2953=ORIENTED_EDGE('',*,*,#4970,.T.);
#2954=ORIENTED_EDGE('',*,*,#4967,.T.);
#2955=ORIENTED_EDGE('',*,*,#4964,.T.);
#2956=ORIENTED_EDGE('',*,*,#4961,.T.);
#2957=ORIENTED_EDGE('',*,*,#4958,.T.);
#2958=ORIENTED_EDGE('',*,*,#4955,.T.);
#2959=ORIENTED_EDGE('',*,*,#4952,.T.);
#2960=ORIENTED_EDGE('',*,*,#4949,.T.);
#2961=ORIENTED_EDGE('',*,*,#4946,.T.);
#2962=ORIENTED_EDGE('',*,*,#4943,.T.);
#2963=ORIENTED_EDGE('',*,*,#4940,.T.);
#2964=ORIENTED_EDGE('',*,*,#4937,.T.);
#2965=ORIENTED_EDGE('',*,*,#4934,.T.);
#2966=ORIENTED_EDGE('',*,*,#4931,.T.);
#2967=ORIENTED_EDGE('',*,*,#4928,.T.);
#2968=ORIENTED_EDGE('',*,*,#4925,.T.);
#2969=ORIENTED_EDGE('',*,*,#4922,.T.);
#2970=ORIENTED_EDGE('',*,*,#4919,.T.);
#2971=ORIENTED_EDGE('',*,*,#4916,.T.);
#2972=ORIENTED_EDGE('',*,*,#4913,.T.);
#2973=ORIENTED_EDGE('',*,*,#4910,.T.);
#2974=ORIENTED_EDGE('',*,*,#4907,.T.);
#2975=ORIENTED_EDGE('',*,*,#4904,.T.);
#2976=ORIENTED_EDGE('',*,*,#4901,.T.);
#2977=ORIENTED_EDGE('',*,*,#4898,.T.);
#2978=ORIENTED_EDGE('',*,*,#4895,.T.);
#2979=ORIENTED_EDGE('',*,*,#4892,.T.);
#2980=ORIENTED_EDGE('',*,*,#4889,.T.);
#2981=ORIENTED_EDGE('',*,*,#4886,.T.);
#2982=ORIENTED_EDGE('',*,*,#4883,.T.);
#2983=ORIENTED_EDGE('',*,*,#4857,.T.);
#2984=ORIENTED_EDGE('',*,*,#5003,.T.);
#2985=ORIENTED_EDGE('',*,*,#4876,.T.);
#2986=ORIENTED_EDGE('',*,*,#4873,.T.);
#2987=ORIENTED_EDGE('',*,*,#4870,.T.);
#2988=ORIENTED_EDGE('',*,*,#4867,.T.);
#2989=ORIENTED_EDGE('',*,*,#4864,.T.);
#2990=ORIENTED_EDGE('',*,*,#4861,.T.);
#2991=ORIENTED_EDGE('',*,*,#4835,.T.);
#2992=ORIENTED_EDGE('',*,*,#5001,.T.);
#2993=ORIENTED_EDGE('',*,*,#4854,.T.);
#2994=ORIENTED_EDGE('',*,*,#4851,.T.);
#2995=ORIENTED_EDGE('',*,*,#4848,.T.);
#2996=ORIENTED_EDGE('',*,*,#4845,.T.);
#2997=ORIENTED_EDGE('',*,*,#4842,.T.);
#2998=ORIENTED_EDGE('',*,*,#4839,.T.);
#2999=ORIENTED_EDGE('',*,*,#4813,.T.);
#3000=ORIENTED_EDGE('',*,*,#4999,.T.);
#3001=ORIENTED_EDGE('',*,*,#4832,.T.);
#3002=ORIENTED_EDGE('',*,*,#4829,.T.);
#3003=ORIENTED_EDGE('',*,*,#4826,.T.);
#3004=ORIENTED_EDGE('',*,*,#4823,.T.);
#3005=ORIENTED_EDGE('',*,*,#4820,.T.);
#3006=ORIENTED_EDGE('',*,*,#4817,.T.);
#3007=ORIENTED_EDGE('',*,*,#4791,.T.);
#3008=ORIENTED_EDGE('',*,*,#4997,.T.);
#3009=ORIENTED_EDGE('',*,*,#4810,.T.);
#3010=ORIENTED_EDGE('',*,*,#4807,.T.);
#3011=ORIENTED_EDGE('',*,*,#4804,.T.);
#3012=ORIENTED_EDGE('',*,*,#4801,.T.);
#3013=ORIENTED_EDGE('',*,*,#4798,.T.);
#3014=ORIENTED_EDGE('',*,*,#4795,.T.);
#3015=ORIENTED_EDGE('',*,*,#4433,.F.);
#3016=ORIENTED_EDGE('',*,*,#5007,.F.);
#3017=ORIENTED_EDGE('',*,*,#4788,.F.);
#3018=ORIENTED_EDGE('',*,*,#4785,.F.);
#3019=ORIENTED_EDGE('',*,*,#4782,.F.);
#3020=ORIENTED_EDGE('',*,*,#4779,.T.);
#3021=ORIENTED_EDGE('',*,*,#4776,.F.);
#3022=ORIENTED_EDGE('',*,*,#4773,.T.);
#3023=ORIENTED_EDGE('',*,*,#4770,.F.);
#3024=ORIENTED_EDGE('',*,*,#4767,.T.);
#3025=ORIENTED_EDGE('',*,*,#4764,.F.);
#3026=ORIENTED_EDGE('',*,*,#4761,.T.);
#3027=ORIENTED_EDGE('',*,*,#4758,.F.);
#3028=ORIENTED_EDGE('',*,*,#4755,.T.);
#3029=ORIENTED_EDGE('',*,*,#4752,.F.);
#3030=ORIENTED_EDGE('',*,*,#4749,.T.);
#3031=ORIENTED_EDGE('',*,*,#4746,.F.);
#3032=ORIENTED_EDGE('',*,*,#4743,.T.);
#3033=ORIENTED_EDGE('',*,*,#4740,.F.);
#3034=ORIENTED_EDGE('',*,*,#4737,.T.);
#3035=ORIENTED_EDGE('',*,*,#4734,.F.);
#3036=ORIENTED_EDGE('',*,*,#4731,.F.);
#3037=ORIENTED_EDGE('',*,*,#4728,.F.);
#3038=ORIENTED_EDGE('',*,*,#4725,.F.);
#3039=ORIENTED_EDGE('',*,*,#4722,.F.);
#3040=ORIENTED_EDGE('',*,*,#4719,.F.);
#3041=ORIENTED_EDGE('',*,*,#4716,.F.);
#3042=ORIENTED_EDGE('',*,*,#4713,.F.);
#3043=ORIENTED_EDGE('',*,*,#4710,.F.);
#3044=ORIENTED_EDGE('',*,*,#4707,.F.);
#3045=ORIENTED_EDGE('',*,*,#4704,.F.);
#3046=ORIENTED_EDGE('',*,*,#4701,.F.);
#3047=ORIENTED_EDGE('',*,*,#4698,.F.);
#3048=ORIENTED_EDGE('',*,*,#4695,.F.);
#3049=ORIENTED_EDGE('',*,*,#4692,.F.);
#3050=ORIENTED_EDGE('',*,*,#4689,.T.);
#3051=ORIENTED_EDGE('',*,*,#4686,.F.);
#3052=ORIENTED_EDGE('',*,*,#4683,.T.);
#3053=ORIENTED_EDGE('',*,*,#4680,.F.);
#3054=ORIENTED_EDGE('',*,*,#4677,.T.);
#3055=ORIENTED_EDGE('',*,*,#4674,.F.);
#3056=ORIENTED_EDGE('',*,*,#4671,.T.);
#3057=ORIENTED_EDGE('',*,*,#4668,.F.);
#3058=ORIENTED_EDGE('',*,*,#4665,.T.);
#3059=ORIENTED_EDGE('',*,*,#4662,.F.);
#3060=ORIENTED_EDGE('',*,*,#4659,.T.);
#3061=ORIENTED_EDGE('',*,*,#4656,.F.);
#3062=ORIENTED_EDGE('',*,*,#4653,.T.);
#3063=ORIENTED_EDGE('',*,*,#4650,.F.);
#3064=ORIENTED_EDGE('',*,*,#4647,.T.);
#3065=ORIENTED_EDGE('',*,*,#4644,.F.);
#3066=ORIENTED_EDGE('',*,*,#4641,.F.);
#3067=ORIENTED_EDGE('',*,*,#4638,.F.);
#3068=ORIENTED_EDGE('',*,*,#4635,.F.);
#3069=ORIENTED_EDGE('',*,*,#4632,.F.);
#3070=ORIENTED_EDGE('',*,*,#4629,.F.);
#3071=ORIENTED_EDGE('',*,*,#4626,.F.);
#3072=ORIENTED_EDGE('',*,*,#4623,.F.);
#3073=ORIENTED_EDGE('',*,*,#4620,.F.);
#3074=ORIENTED_EDGE('',*,*,#4617,.F.);
#3075=ORIENTED_EDGE('',*,*,#4614,.F.);
#3076=ORIENTED_EDGE('',*,*,#4611,.F.);
#3077=ORIENTED_EDGE('',*,*,#4608,.F.);
#3078=ORIENTED_EDGE('',*,*,#4605,.F.);
#3079=ORIENTED_EDGE('',*,*,#4602,.F.);
#3080=ORIENTED_EDGE('',*,*,#4599,.T.);
#3081=ORIENTED_EDGE('',*,*,#4596,.F.);
#3082=ORIENTED_EDGE('',*,*,#4593,.T.);
#3083=ORIENTED_EDGE('',*,*,#4590,.F.);
#3084=ORIENTED_EDGE('',*,*,#4587,.T.);
#3085=ORIENTED_EDGE('',*,*,#4584,.F.);
#3086=ORIENTED_EDGE('',*,*,#4581,.T.);
#3087=ORIENTED_EDGE('',*,*,#4578,.F.);
#3088=ORIENTED_EDGE('',*,*,#4575,.T.);
#3089=ORIENTED_EDGE('',*,*,#4572,.F.);
#3090=ORIENTED_EDGE('',*,*,#4569,.T.);
#3091=ORIENTED_EDGE('',*,*,#4566,.F.);
#3092=ORIENTED_EDGE('',*,*,#4563,.T.);
#3093=ORIENTED_EDGE('',*,*,#4560,.F.);
#3094=ORIENTED_EDGE('',*,*,#4557,.T.);
#3095=ORIENTED_EDGE('',*,*,#4554,.F.);
#3096=ORIENTED_EDGE('',*,*,#4551,.F.);
#3097=ORIENTED_EDGE('',*,*,#4548,.F.);
#3098=ORIENTED_EDGE('',*,*,#4545,.F.);
#3099=ORIENTED_EDGE('',*,*,#4542,.F.);
#3100=ORIENTED_EDGE('',*,*,#4539,.F.);
#3101=ORIENTED_EDGE('',*,*,#4536,.F.);
#3102=ORIENTED_EDGE('',*,*,#4533,.F.);
#3103=ORIENTED_EDGE('',*,*,#4530,.F.);
#3104=ORIENTED_EDGE('',*,*,#4527,.F.);
#3105=ORIENTED_EDGE('',*,*,#4524,.F.);
#3106=ORIENTED_EDGE('',*,*,#4521,.F.);
#3107=ORIENTED_EDGE('',*,*,#4518,.F.);
#3108=ORIENTED_EDGE('',*,*,#4515,.F.);
#3109=ORIENTED_EDGE('',*,*,#4512,.F.);
#3110=ORIENTED_EDGE('',*,*,#4509,.T.);
#3111=ORIENTED_EDGE('',*,*,#4506,.F.);
#3112=ORIENTED_EDGE('',*,*,#4503,.T.);
#3113=ORIENTED_EDGE('',*,*,#4500,.F.);
#3114=ORIENTED_EDGE('',*,*,#4497,.T.);
#3115=ORIENTED_EDGE('',*,*,#4494,.F.);
#3116=ORIENTED_EDGE('',*,*,#4491,.T.);
#3117=ORIENTED_EDGE('',*,*,#4488,.F.);
#3118=ORIENTED_EDGE('',*,*,#4485,.T.);
#3119=ORIENTED_EDGE('',*,*,#4482,.F.);
#3120=ORIENTED_EDGE('',*,*,#4479,.T.);
#3121=ORIENTED_EDGE('',*,*,#4476,.F.);
#3122=ORIENTED_EDGE('',*,*,#4473,.T.);
#3123=ORIENTED_EDGE('',*,*,#4470,.F.);
#3124=ORIENTED_EDGE('',*,*,#4467,.T.);
#3125=ORIENTED_EDGE('',*,*,#4464,.F.);
#3126=ORIENTED_EDGE('',*,*,#4461,.F.);
#3127=ORIENTED_EDGE('',*,*,#4458,.F.);
#3128=ORIENTED_EDGE('',*,*,#4455,.F.);
#3129=ORIENTED_EDGE('',*,*,#4452,.F.);
#3130=ORIENTED_EDGE('',*,*,#4449,.F.);
#3131=ORIENTED_EDGE('',*,*,#4446,.F.);
#3132=ORIENTED_EDGE('',*,*,#4443,.F.);
#3133=ORIENTED_EDGE('',*,*,#4440,.F.);
#3134=ORIENTED_EDGE('',*,*,#4437,.F.);
#3135=ORIENTED_EDGE('',*,*,#5009,.F.);
#3136=ORIENTED_EDGE('',*,*,#5010,.T.);
#3137=ORIENTED_EDGE('',*,*,#5011,.T.);
#3138=ORIENTED_EDGE('',*,*,#5012,.F.);
#3139=ORIENTED_EDGE('',*,*,#5011,.F.);
#3140=ORIENTED_EDGE('',*,*,#5013,.F.);
#3141=ORIENTED_EDGE('',*,*,#5014,.T.);
#3142=ORIENTED_EDGE('',*,*,#5015,.T.);
#3143=ORIENTED_EDGE('',*,*,#5014,.F.);
#3144=ORIENTED_EDGE('',*,*,#5016,.F.);
#3145=ORIENTED_EDGE('',*,*,#5017,.T.);
#3146=ORIENTED_EDGE('',*,*,#5018,.T.);
#3147=ORIENTED_EDGE('',*,*,#5019,.F.);
#3148=ORIENTED_EDGE('',*,*,#5020,.T.);
#3149=ORIENTED_EDGE('',*,*,#5021,.T.);
#3150=ORIENTED_EDGE('',*,*,#5022,.F.);
#3151=ORIENTED_EDGE('',*,*,#5021,.F.);
#3152=ORIENTED_EDGE('',*,*,#5023,.T.);
#3153=ORIENTED_EDGE('',*,*,#5024,.T.);
#3154=ORIENTED_EDGE('',*,*,#5025,.F.);
#3155=ORIENTED_EDGE('',*,*,#5024,.F.);
#3156=ORIENTED_EDGE('',*,*,#5026,.F.);
#3157=ORIENTED_EDGE('',*,*,#5027,.T.);
#3158=ORIENTED_EDGE('',*,*,#5028,.T.);
#3159=ORIENTED_EDGE('',*,*,#5029,.F.);
#3160=ORIENTED_EDGE('',*,*,#5030,.T.);
#3161=ORIENTED_EDGE('',*,*,#5031,.T.);
#3162=ORIENTED_EDGE('',*,*,#5032,.F.);
#3163=ORIENTED_EDGE('',*,*,#5031,.F.);
#3164=ORIENTED_EDGE('',*,*,#5033,.F.);
#3165=ORIENTED_EDGE('',*,*,#5034,.T.);
#3166=ORIENTED_EDGE('',*,*,#5035,.T.);
#3167=ORIENTED_EDGE('',*,*,#5034,.F.);
#3168=ORIENTED_EDGE('',*,*,#5036,.F.);
#3169=ORIENTED_EDGE('',*,*,#5037,.T.);
#3170=ORIENTED_EDGE('',*,*,#5038,.T.);
#3171=ORIENTED_EDGE('',*,*,#5039,.F.);
#3172=ORIENTED_EDGE('',*,*,#5040,.T.);
#3173=ORIENTED_EDGE('',*,*,#5041,.T.);
#3174=ORIENTED_EDGE('',*,*,#5042,.F.);
#3175=ORIENTED_EDGE('',*,*,#5041,.F.);
#3176=ORIENTED_EDGE('',*,*,#5043,.F.);
#3177=ORIENTED_EDGE('',*,*,#5044,.T.);
#3178=ORIENTED_EDGE('',*,*,#5045,.T.);
#3179=ORIENTED_EDGE('',*,*,#5044,.F.);
#3180=ORIENTED_EDGE('',*,*,#5046,.F.);
#3181=ORIENTED_EDGE('',*,*,#5047,.T.);
#3182=ORIENTED_EDGE('',*,*,#5048,.T.);
#3183=ORIENTED_EDGE('',*,*,#5049,.F.);
#3184=ORIENTED_EDGE('',*,*,#5050,.T.);
#3185=ORIENTED_EDGE('',*,*,#5051,.T.);
#3186=ORIENTED_EDGE('',*,*,#5052,.F.);
#3187=ORIENTED_EDGE('',*,*,#5051,.F.);
#3188=ORIENTED_EDGE('',*,*,#5053,.F.);
#3189=ORIENTED_EDGE('',*,*,#5054,.T.);
#3190=ORIENTED_EDGE('',*,*,#5055,.T.);
#3191=ORIENTED_EDGE('',*,*,#5054,.F.);
#3192=ORIENTED_EDGE('',*,*,#5056,.F.);
#3193=ORIENTED_EDGE('',*,*,#5057,.T.);
#3194=ORIENTED_EDGE('',*,*,#5058,.T.);
#3195=ORIENTED_EDGE('',*,*,#5057,.F.);
#3196=ORIENTED_EDGE('',*,*,#5059,.T.);
#3197=ORIENTED_EDGE('',*,*,#5060,.T.);
#3198=ORIENTED_EDGE('',*,*,#5061,.F.);
#3199=ORIENTED_EDGE('',*,*,#5060,.F.);
#3200=ORIENTED_EDGE('',*,*,#5062,.T.);
#3201=ORIENTED_EDGE('',*,*,#5063,.T.);
#3202=ORIENTED_EDGE('',*,*,#5064,.F.);
#3203=ORIENTED_EDGE('',*,*,#5063,.F.);
#3204=ORIENTED_EDGE('',*,*,#5065,.T.);
#3205=ORIENTED_EDGE('',*,*,#5066,.T.);
#3206=ORIENTED_EDGE('',*,*,#5067,.F.);
#3207=ORIENTED_EDGE('',*,*,#5066,.F.);
#3208=ORIENTED_EDGE('',*,*,#5068,.T.);
#3209=ORIENTED_EDGE('',*,*,#5069,.T.);
#3210=ORIENTED_EDGE('',*,*,#5070,.F.);
#3211=ORIENTED_EDGE('',*,*,#5069,.F.);
#3212=ORIENTED_EDGE('',*,*,#5071,.F.);
#3213=ORIENTED_EDGE('',*,*,#5072,.T.);
#3214=ORIENTED_EDGE('',*,*,#5073,.T.);
#3215=ORIENTED_EDGE('',*,*,#5072,.F.);
#3216=ORIENTED_EDGE('',*,*,#5074,.T.);
#3217=ORIENTED_EDGE('',*,*,#5075,.T.);
#3218=ORIENTED_EDGE('',*,*,#5076,.F.);
#3219=ORIENTED_EDGE('',*,*,#5075,.F.);
#3220=ORIENTED_EDGE('',*,*,#5077,.F.);
#3221=ORIENTED_EDGE('',*,*,#5078,.T.);
#3222=ORIENTED_EDGE('',*,*,#5079,.T.);
#3223=ORIENTED_EDGE('',*,*,#5078,.F.);
#3224=ORIENTED_EDGE('',*,*,#5080,.T.);
#3225=ORIENTED_EDGE('',*,*,#5081,.T.);
#3226=ORIENTED_EDGE('',*,*,#5082,.F.);
#3227=ORIENTED_EDGE('',*,*,#5081,.F.);
#3228=ORIENTED_EDGE('',*,*,#5083,.T.);
#3229=ORIENTED_EDGE('',*,*,#5084,.T.);
#3230=ORIENTED_EDGE('',*,*,#5085,.F.);
#3231=ORIENTED_EDGE('',*,*,#5084,.F.);
#3232=ORIENTED_EDGE('',*,*,#5086,.F.);
#3233=ORIENTED_EDGE('',*,*,#5087,.T.);
#3234=ORIENTED_EDGE('',*,*,#5088,.T.);
#3235=ORIENTED_EDGE('',*,*,#5087,.F.);
#3236=ORIENTED_EDGE('',*,*,#5089,.T.);
#3237=ORIENTED_EDGE('',*,*,#5090,.T.);
#3238=ORIENTED_EDGE('',*,*,#5091,.F.);
#3239=ORIENTED_EDGE('',*,*,#5090,.F.);
#3240=ORIENTED_EDGE('',*,*,#5092,.F.);
#3241=ORIENTED_EDGE('',*,*,#5093,.T.);
#3242=ORIENTED_EDGE('',*,*,#5094,.T.);
#3243=ORIENTED_EDGE('',*,*,#5093,.F.);
#3244=ORIENTED_EDGE('',*,*,#5095,.F.);
#3245=ORIENTED_EDGE('',*,*,#5096,.T.);
#3246=ORIENTED_EDGE('',*,*,#5097,.T.);
#3247=ORIENTED_EDGE('',*,*,#5098,.F.);
#3248=ORIENTED_EDGE('',*,*,#5099,.T.);
#3249=ORIENTED_EDGE('',*,*,#5100,.T.);
#3250=ORIENTED_EDGE('',*,*,#5101,.F.);
#3251=ORIENTED_EDGE('',*,*,#5100,.F.);
#3252=ORIENTED_EDGE('',*,*,#5102,.F.);
#3253=ORIENTED_EDGE('',*,*,#5103,.T.);
#3254=ORIENTED_EDGE('',*,*,#5104,.T.);
#3255=ORIENTED_EDGE('',*,*,#5103,.F.);
#3256=ORIENTED_EDGE('',*,*,#5105,.F.);
#3257=ORIENTED_EDGE('',*,*,#5106,.T.);
#3258=ORIENTED_EDGE('',*,*,#5107,.T.);
#3259=ORIENTED_EDGE('',*,*,#5108,.F.);
#3260=ORIENTED_EDGE('',*,*,#5109,.T.);
#3261=ORIENTED_EDGE('',*,*,#5110,.T.);
#3262=ORIENTED_EDGE('',*,*,#5111,.F.);
#3263=ORIENTED_EDGE('',*,*,#5110,.F.);
#3264=ORIENTED_EDGE('',*,*,#5112,.F.);
#3265=ORIENTED_EDGE('',*,*,#5113,.T.);
#3266=ORIENTED_EDGE('',*,*,#5114,.T.);
#3267=ORIENTED_EDGE('',*,*,#5113,.F.);
#3268=ORIENTED_EDGE('',*,*,#5115,.F.);
#3269=ORIENTED_EDGE('',*,*,#5116,.T.);
#3270=ORIENTED_EDGE('',*,*,#5117,.T.);
#3271=ORIENTED_EDGE('',*,*,#5118,.T.);
#3272=ORIENTED_EDGE('',*,*,#5108,.T.);
#3273=ORIENTED_EDGE('',*,*,#5119,.F.);
#3274=ORIENTED_EDGE('',*,*,#5116,.F.);
#3275=ORIENTED_EDGE('',*,*,#5120,.T.);
#3276=ORIENTED_EDGE('',*,*,#5098,.T.);
#3277=ORIENTED_EDGE('',*,*,#5121,.F.);
#3278=ORIENTED_EDGE('',*,*,#5106,.F.);
#3279=ORIENTED_EDGE('',*,*,#5122,.T.);
#3280=ORIENTED_EDGE('',*,*,#5123,.T.);
#3281=ORIENTED_EDGE('',*,*,#5124,.F.);
#3282=ORIENTED_EDGE('',*,*,#5096,.F.);
#3283=ORIENTED_EDGE('',*,*,#5125,.T.);
#3284=ORIENTED_EDGE('',*,*,#5126,.F.);
#3285=ORIENTED_EDGE('',*,*,#5127,.F.);
#3286=ORIENTED_EDGE('',*,*,#5128,.T.);
#3287=ORIENTED_EDGE('',*,*,#5129,.F.);
#3288=ORIENTED_EDGE('',*,*,#5130,.T.);
#3289=ORIENTED_EDGE('',*,*,#5131,.T.);
#3290=ORIENTED_EDGE('',*,*,#5132,.F.);
#3291=ORIENTED_EDGE('',*,*,#5133,.F.);
#3292=ORIENTED_EDGE('',*,*,#5134,.T.);
#3293=ORIENTED_EDGE('',*,*,#5135,.T.);
#3294=ORIENTED_EDGE('',*,*,#5136,.F.);
#3295=ORIENTED_EDGE('',*,*,#5137,.T.);
#3296=ORIENTED_EDGE('',*,*,#5039,.T.);
#3297=ORIENTED_EDGE('',*,*,#5138,.F.);
#3298=ORIENTED_EDGE('',*,*,#5047,.F.);
#3299=ORIENTED_EDGE('',*,*,#5139,.T.);
#3300=ORIENTED_EDGE('',*,*,#5029,.T.);
#3301=ORIENTED_EDGE('',*,*,#5140,.F.);
#3302=ORIENTED_EDGE('',*,*,#5037,.F.);
#3303=ORIENTED_EDGE('',*,*,#5141,.T.);
#3304=ORIENTED_EDGE('',*,*,#5019,.T.);
#3305=ORIENTED_EDGE('',*,*,#5142,.F.);
#3306=ORIENTED_EDGE('',*,*,#5027,.F.);
#3307=ORIENTED_EDGE('',*,*,#5143,.T.);
#3308=ORIENTED_EDGE('',*,*,#5009,.T.);
#3309=ORIENTED_EDGE('',*,*,#5144,.F.);
#3310=ORIENTED_EDGE('',*,*,#5017,.F.);
#3311=ORIENTED_EDGE('',*,*,#5117,.F.);
#3312=ORIENTED_EDGE('',*,*,#5119,.T.);
#3313=ORIENTED_EDGE('',*,*,#5111,.T.);
#3314=ORIENTED_EDGE('',*,*,#5114,.F.);
#3315=ORIENTED_EDGE('',*,*,#5107,.F.);
#3316=ORIENTED_EDGE('',*,*,#5121,.T.);
#3317=ORIENTED_EDGE('',*,*,#5101,.T.);
#3318=ORIENTED_EDGE('',*,*,#5104,.F.);
#3319=ORIENTED_EDGE('',*,*,#5097,.F.);
#3320=ORIENTED_EDGE('',*,*,#5124,.T.);
#3321=ORIENTED_EDGE('',*,*,#5145,.T.);
#3322=ORIENTED_EDGE('',*,*,#5052,.T.);
#3323=ORIENTED_EDGE('',*,*,#5055,.F.);
#3324=ORIENTED_EDGE('',*,*,#5058,.F.);
#3325=ORIENTED_EDGE('',*,*,#5061,.T.);
#3326=ORIENTED_EDGE('',*,*,#5064,.T.);
#3327=ORIENTED_EDGE('',*,*,#5067,.T.);
#3328=ORIENTED_EDGE('',*,*,#5070,.T.);
#3329=ORIENTED_EDGE('',*,*,#5073,.F.);
#3330=ORIENTED_EDGE('',*,*,#5076,.T.);
#3331=ORIENTED_EDGE('',*,*,#5079,.F.);
#3332=ORIENTED_EDGE('',*,*,#5082,.T.);
#3333=ORIENTED_EDGE('',*,*,#5085,.T.);
#3334=ORIENTED_EDGE('',*,*,#5088,.F.);
#3335=ORIENTED_EDGE('',*,*,#5091,.T.);
#3336=ORIENTED_EDGE('',*,*,#5094,.F.);
#3337=ORIENTED_EDGE('',*,*,#5125,.F.);
#3338=ORIENTED_EDGE('',*,*,#5127,.T.);
#3339=ORIENTED_EDGE('',*,*,#5129,.T.);
#3340=ORIENTED_EDGE('',*,*,#5131,.F.);
#3341=ORIENTED_EDGE('',*,*,#5133,.T.);
#3342=ORIENTED_EDGE('',*,*,#5135,.F.);
#3343=ORIENTED_EDGE('',*,*,#5048,.F.);
#3344=ORIENTED_EDGE('',*,*,#5138,.T.);
#3345=ORIENTED_EDGE('',*,*,#5042,.T.);
#3346=ORIENTED_EDGE('',*,*,#5045,.F.);
#3347=ORIENTED_EDGE('',*,*,#5038,.F.);
#3348=ORIENTED_EDGE('',*,*,#5140,.T.);
#3349=ORIENTED_EDGE('',*,*,#5032,.T.);
#3350=ORIENTED_EDGE('',*,*,#5035,.F.);
#3351=ORIENTED_EDGE('',*,*,#5028,.F.);
#3352=ORIENTED_EDGE('',*,*,#5142,.T.);
#3353=ORIENTED_EDGE('',*,*,#5022,.T.);
#3354=ORIENTED_EDGE('',*,*,#5025,.T.);
#3355=ORIENTED_EDGE('',*,*,#5018,.F.);
#3356=ORIENTED_EDGE('',*,*,#5144,.T.);
#3357=ORIENTED_EDGE('',*,*,#5012,.T.);
#3358=ORIENTED_EDGE('',*,*,#5015,.F.);
#3359=ORIENTED_EDGE('',*,*,#5115,.T.);
#3360=ORIENTED_EDGE('',*,*,#5112,.T.);
#3361=ORIENTED_EDGE('',*,*,#5109,.F.);
#3362=ORIENTED_EDGE('',*,*,#5118,.F.);
#3363=ORIENTED_EDGE('',*,*,#5105,.T.);
#3364=ORIENTED_EDGE('',*,*,#5102,.T.);
#3365=ORIENTED_EDGE('',*,*,#5099,.F.);
#3366=ORIENTED_EDGE('',*,*,#5120,.F.);
#3367=ORIENTED_EDGE('',*,*,#5095,.T.);
#3368=ORIENTED_EDGE('',*,*,#5092,.T.);
#3369=ORIENTED_EDGE('',*,*,#5089,.F.);
#3370=ORIENTED_EDGE('',*,*,#5086,.T.);
#3371=ORIENTED_EDGE('',*,*,#5083,.F.);
#3372=ORIENTED_EDGE('',*,*,#5080,.F.);
#3373=ORIENTED_EDGE('',*,*,#5077,.T.);
#3374=ORIENTED_EDGE('',*,*,#5074,.F.);
#3375=ORIENTED_EDGE('',*,*,#5071,.T.);
#3376=ORIENTED_EDGE('',*,*,#5068,.F.);
#3377=ORIENTED_EDGE('',*,*,#5065,.F.);
#3378=ORIENTED_EDGE('',*,*,#5062,.F.);
#3379=ORIENTED_EDGE('',*,*,#5059,.F.);
#3380=ORIENTED_EDGE('',*,*,#5056,.T.);
#3381=ORIENTED_EDGE('',*,*,#5053,.T.);
#3382=ORIENTED_EDGE('',*,*,#5050,.F.);
#3383=ORIENTED_EDGE('',*,*,#5146,.F.);
#3384=ORIENTED_EDGE('',*,*,#5122,.F.);
#3385=ORIENTED_EDGE('',*,*,#5126,.T.);
#3386=ORIENTED_EDGE('',*,*,#5128,.F.);
#3387=ORIENTED_EDGE('',*,*,#5130,.F.);
#3388=ORIENTED_EDGE('',*,*,#5132,.T.);
#3389=ORIENTED_EDGE('',*,*,#5134,.F.);
#3390=ORIENTED_EDGE('',*,*,#5136,.T.);
#3391=ORIENTED_EDGE('',*,*,#5046,.T.);
#3392=ORIENTED_EDGE('',*,*,#5043,.T.);
#3393=ORIENTED_EDGE('',*,*,#5040,.F.);
#3394=ORIENTED_EDGE('',*,*,#5137,.F.);
#3395=ORIENTED_EDGE('',*,*,#5036,.T.);
#3396=ORIENTED_EDGE('',*,*,#5033,.T.);
#3397=ORIENTED_EDGE('',*,*,#5030,.F.);
#3398=ORIENTED_EDGE('',*,*,#5139,.F.);
#3399=ORIENTED_EDGE('',*,*,#5026,.T.);
#3400=ORIENTED_EDGE('',*,*,#5023,.F.);
#3401=ORIENTED_EDGE('',*,*,#5020,.F.);
#3402=ORIENTED_EDGE('',*,*,#5141,.F.);
#3403=ORIENTED_EDGE('',*,*,#5016,.T.);
#3404=ORIENTED_EDGE('',*,*,#5013,.T.);
#3405=ORIENTED_EDGE('',*,*,#5010,.F.);
#3406=ORIENTED_EDGE('',*,*,#5143,.F.);
#3407=ORIENTED_EDGE('',*,*,#5147,.T.);
#3408=ORIENTED_EDGE('',*,*,#5148,.T.);
#3409=ORIENTED_EDGE('',*,*,#5149,.F.);
#3410=ORIENTED_EDGE('',*,*,#5150,.T.);
#3411=ORIENTED_EDGE('',*,*,#5151,.T.);
#3412=ORIENTED_EDGE('',*,*,#5152,.T.);
#3413=ORIENTED_EDGE('',*,*,#5153,.F.);
#3414=ORIENTED_EDGE('',*,*,#5154,.F.);
#3415=ORIENTED_EDGE('',*,*,#5155,.F.);
#3416=ORIENTED_EDGE('',*,*,#5156,.T.);
#3417=ORIENTED_EDGE('',*,*,#5157,.F.);
#3418=ORIENTED_EDGE('',*,*,#5158,.T.);
#3419=ORIENTED_EDGE('',*,*,#5159,.F.);
#3420=ORIENTED_EDGE('',*,*,#5160,.T.);
#3421=ORIENTED_EDGE('',*,*,#5161,.F.);
#3422=ORIENTED_EDGE('',*,*,#5162,.T.);
#3423=ORIENTED_EDGE('',*,*,#5163,.F.);
#3424=ORIENTED_EDGE('',*,*,#5164,.T.);
#3425=ORIENTED_EDGE('',*,*,#5165,.F.);
#3426=ORIENTED_EDGE('',*,*,#5166,.T.);
#3427=ORIENTED_EDGE('',*,*,#5167,.F.);
#3428=ORIENTED_EDGE('',*,*,#5168,.T.);
#3429=ORIENTED_EDGE('',*,*,#5169,.F.);
#3430=ORIENTED_EDGE('',*,*,#5170,.T.);
#3431=ORIENTED_EDGE('',*,*,#5171,.T.);
#3432=ORIENTED_EDGE('',*,*,#5172,.T.);
#3433=ORIENTED_EDGE('',*,*,#5155,.T.);
#3434=ORIENTED_EDGE('',*,*,#5157,.T.);
#3435=ORIENTED_EDGE('',*,*,#5159,.T.);
#3436=ORIENTED_EDGE('',*,*,#5161,.T.);
#3437=ORIENTED_EDGE('',*,*,#5163,.T.);
#3438=ORIENTED_EDGE('',*,*,#5165,.T.);
#3439=ORIENTED_EDGE('',*,*,#5167,.T.);
#3440=ORIENTED_EDGE('',*,*,#5153,.T.);
#3441=ORIENTED_EDGE('',*,*,#5173,.T.);
#3442=ORIENTED_EDGE('',*,*,#5169,.T.);
#3443=ORIENTED_EDGE('',*,*,#5174,.T.);
#3444=ORIENTED_EDGE('',*,*,#5147,.F.);
#3445=ORIENTED_EDGE('',*,*,#5175,.F.);
#3446=ORIENTED_EDGE('',*,*,#5156,.F.);
#3447=ORIENTED_EDGE('',*,*,#5158,.F.);
#3448=ORIENTED_EDGE('',*,*,#5160,.F.);
#3449=ORIENTED_EDGE('',*,*,#5162,.F.);
#3450=ORIENTED_EDGE('',*,*,#5164,.F.);
#3451=ORIENTED_EDGE('',*,*,#5166,.F.);
#3452=ORIENTED_EDGE('',*,*,#5168,.F.);
#3453=ORIENTED_EDGE('',*,*,#5171,.F.);
#3454=ORIENTED_EDGE('',*,*,#5176,.T.);
#3455=ORIENTED_EDGE('',*,*,#5151,.F.);
#3456=ORIENTED_EDGE('',*,*,#5177,.T.);
#3457=ORIENTED_EDGE('',*,*,#5149,.T.);
#3458=ORIENTED_EDGE('',*,*,#5178,.T.);
#3459=ORIENTED_EDGE('',*,*,#5176,.F.);
#3460=ORIENTED_EDGE('',*,*,#5170,.F.);
#3461=ORIENTED_EDGE('',*,*,#5173,.F.);
#3462=ORIENTED_EDGE('',*,*,#5152,.F.);
#3463=ORIENTED_EDGE('',*,*,#5178,.F.);
#3464=ORIENTED_EDGE('',*,*,#5148,.F.);
#3465=ORIENTED_EDGE('',*,*,#5174,.F.);
#3466=ORIENTED_EDGE('',*,*,#5172,.F.);
#3467=ORIENTED_EDGE('',*,*,#5150,.F.);
#3468=ORIENTED_EDGE('',*,*,#5179,.F.);
#3469=ORIENTED_EDGE('',*,*,#5049,.T.);
#3470=ORIENTED_EDGE('',*,*,#5180,.T.);
#3471=ORIENTED_EDGE('',*,*,#5123,.F.);
#3472=ORIENTED_EDGE('',*,*,#5181,.T.);
#3473=ORIENTED_EDGE('',*,*,#5154,.T.);
#3474=ORIENTED_EDGE('',*,*,#5182,.F.);
#3475=ORIENTED_EDGE('',*,*,#5182,.T.);
#3476=ORIENTED_EDGE('',*,*,#5175,.T.);
#3477=ORIENTED_EDGE('',*,*,#5180,.F.);
#3478=ORIENTED_EDGE('',*,*,#5145,.F.);
#3479=ORIENTED_EDGE('',*,*,#5181,.F.);
#3480=ORIENTED_EDGE('',*,*,#5146,.T.);
#3481=ORIENTED_EDGE('',*,*,#5179,.T.);
#3482=ORIENTED_EDGE('',*,*,#5177,.F.);
#3483=ORIENTED_EDGE('',*,*,#5183,.T.);
#3484=ORIENTED_EDGE('',*,*,#5184,.F.);
#3485=ORIENTED_EDGE('',*,*,#5185,.F.);
#3486=ORIENTED_EDGE('',*,*,#5186,.T.);
#3487=ORIENTED_EDGE('',*,*,#5187,.F.);
#3488=ORIENTED_EDGE('',*,*,#5188,.F.);
#3489=ORIENTED_EDGE('',*,*,#5189,.T.);
#3490=ORIENTED_EDGE('',*,*,#5184,.T.);
#3491=ORIENTED_EDGE('',*,*,#5190,.T.);
#3492=ORIENTED_EDGE('',*,*,#5191,.F.);
#3493=ORIENTED_EDGE('',*,*,#5192,.F.);
#3494=ORIENTED_EDGE('',*,*,#5188,.T.);
#3495=ORIENTED_EDGE('',*,*,#5193,.T.);
#3496=ORIENTED_EDGE('',*,*,#5194,.F.);
#3497=ORIENTED_EDGE('',*,*,#5195,.F.);
#3498=ORIENTED_EDGE('',*,*,#5191,.T.);
#3499=ORIENTED_EDGE('',*,*,#5196,.T.);
#3500=ORIENTED_EDGE('',*,*,#5197,.F.);
#3501=ORIENTED_EDGE('',*,*,#5198,.F.);
#3502=ORIENTED_EDGE('',*,*,#5194,.T.);
#3503=ORIENTED_EDGE('',*,*,#5199,.T.);
#3504=ORIENTED_EDGE('',*,*,#5200,.T.);
#3505=ORIENTED_EDGE('',*,*,#5201,.F.);
#3506=ORIENTED_EDGE('',*,*,#5197,.T.);
#3507=ORIENTED_EDGE('',*,*,#5202,.T.);
#3508=ORIENTED_EDGE('',*,*,#5203,.T.);
#3509=ORIENTED_EDGE('',*,*,#5204,.F.);
#3510=ORIENTED_EDGE('',*,*,#5205,.F.);
#3511=ORIENTED_EDGE('',*,*,#5206,.T.);
#3512=ORIENTED_EDGE('',*,*,#5207,.F.);
#3513=ORIENTED_EDGE('',*,*,#5208,.F.);
#3514=ORIENTED_EDGE('',*,*,#5205,.T.);
#3515=ORIENTED_EDGE('',*,*,#5209,.F.);
#3516=ORIENTED_EDGE('',*,*,#5210,.F.);
#3517=ORIENTED_EDGE('',*,*,#5211,.T.);
#3518=ORIENTED_EDGE('',*,*,#5207,.T.);
#3519=ORIENTED_EDGE('',*,*,#5212,.T.);
#3520=ORIENTED_EDGE('',*,*,#5213,.F.);
#3521=ORIENTED_EDGE('',*,*,#5214,.F.);
#3522=ORIENTED_EDGE('',*,*,#5210,.T.);
#3523=ORIENTED_EDGE('',*,*,#5215,.T.);
#3524=ORIENTED_EDGE('',*,*,#5216,.F.);
#3525=ORIENTED_EDGE('',*,*,#5217,.T.);
#3526=ORIENTED_EDGE('',*,*,#5218,.F.);
#3527=ORIENTED_EDGE('',*,*,#5219,.T.);
#3528=ORIENTED_EDGE('',*,*,#5220,.F.);
#3529=ORIENTED_EDGE('',*,*,#5221,.T.);
#3530=ORIENTED_EDGE('',*,*,#5222,.F.);
#3531=ORIENTED_EDGE('',*,*,#5223,.F.);
#3532=ORIENTED_EDGE('',*,*,#5186,.F.);
#3533=ORIENTED_EDGE('',*,*,#5224,.T.);
#3534=ORIENTED_EDGE('',*,*,#5213,.T.);
#3535=ORIENTED_EDGE('',*,*,#5225,.T.);
#3536=ORIENTED_EDGE('',*,*,#5226,.F.);
#3537=ORIENTED_EDGE('',*,*,#5227,.T.);
#3538=ORIENTED_EDGE('',*,*,#5228,.F.);
#3539=ORIENTED_EDGE('',*,*,#5225,.F.);
#3540=ORIENTED_EDGE('',*,*,#5185,.T.);
#3541=ORIENTED_EDGE('',*,*,#5189,.F.);
#3542=ORIENTED_EDGE('',*,*,#5192,.T.);
#3543=ORIENTED_EDGE('',*,*,#5195,.T.);
#3544=ORIENTED_EDGE('',*,*,#5198,.T.);
#3545=ORIENTED_EDGE('',*,*,#5201,.T.);
#3546=ORIENTED_EDGE('',*,*,#5229,.T.);
#3547=ORIENTED_EDGE('',*,*,#5202,.F.);
#3548=ORIENTED_EDGE('',*,*,#5208,.T.);
#3549=ORIENTED_EDGE('',*,*,#5211,.F.);
#3550=ORIENTED_EDGE('',*,*,#5214,.T.);
#3551=ORIENTED_EDGE('',*,*,#5224,.F.);
#3552=ORIENTED_EDGE('',*,*,#5221,.F.);
#3553=ORIENTED_EDGE('',*,*,#5219,.F.);
#3554=ORIENTED_EDGE('',*,*,#5217,.F.);
#3555=ORIENTED_EDGE('',*,*,#5215,.F.);
#3556=ORIENTED_EDGE('',*,*,#5227,.F.);
#3557=ORIENTED_EDGE('',*,*,#5226,.T.);
#3558=ORIENTED_EDGE('',*,*,#5183,.F.);
#3559=ORIENTED_EDGE('',*,*,#5223,.T.);
#3560=ORIENTED_EDGE('',*,*,#5212,.F.);
#3561=ORIENTED_EDGE('',*,*,#5209,.T.);
#3562=ORIENTED_EDGE('',*,*,#5206,.F.);
#3563=ORIENTED_EDGE('',*,*,#5204,.T.);
#3564=ORIENTED_EDGE('',*,*,#5230,.T.);
#3565=ORIENTED_EDGE('',*,*,#5199,.F.);
#3566=ORIENTED_EDGE('',*,*,#5196,.F.);
#3567=ORIENTED_EDGE('',*,*,#5193,.F.);
#3568=ORIENTED_EDGE('',*,*,#5190,.F.);
#3569=ORIENTED_EDGE('',*,*,#5187,.T.);
#3570=ORIENTED_EDGE('',*,*,#5222,.T.);
#3571=ORIENTED_EDGE('',*,*,#5220,.T.);
#3572=ORIENTED_EDGE('',*,*,#5218,.T.);
#3573=ORIENTED_EDGE('',*,*,#5216,.T.);
#3574=ORIENTED_EDGE('',*,*,#5228,.T.);
#3575=ORIENTED_EDGE('',*,*,#5229,.F.);
#3576=ORIENTED_EDGE('',*,*,#5200,.F.);
#3577=ORIENTED_EDGE('',*,*,#5230,.F.);
#3578=ORIENTED_EDGE('',*,*,#5203,.F.);
#3579=ORIENTED_EDGE('',*,*,#5231,.T.);
#3580=ORIENTED_EDGE('',*,*,#5232,.T.);
#3581=ORIENTED_EDGE('',*,*,#5233,.F.);
#3582=ORIENTED_EDGE('',*,*,#5234,.T.);
#3583=ORIENTED_EDGE('',*,*,#5235,.T.);
#3584=ORIENTED_EDGE('',*,*,#5236,.T.);
#3585=ORIENTED_EDGE('',*,*,#5237,.F.);
#3586=ORIENTED_EDGE('',*,*,#5238,.F.);
#3587=ORIENTED_EDGE('',*,*,#5239,.F.);
#3588=ORIENTED_EDGE('',*,*,#5240,.F.);
#3589=ORIENTED_EDGE('',*,*,#5241,.T.);
#3590=ORIENTED_EDGE('',*,*,#5238,.T.);
#3591=ORIENTED_EDGE('',*,*,#5242,.T.);
#3592=ORIENTED_EDGE('',*,*,#5243,.F.);
#3593=ORIENTED_EDGE('',*,*,#5244,.F.);
#3594=ORIENTED_EDGE('',*,*,#5240,.T.);
#3595=ORIENTED_EDGE('',*,*,#5245,.T.);
#3596=ORIENTED_EDGE('',*,*,#5246,.F.);
#3597=ORIENTED_EDGE('',*,*,#5247,.F.);
#3598=ORIENTED_EDGE('',*,*,#5243,.T.);
#3599=ORIENTED_EDGE('',*,*,#5248,.T.);
#3600=ORIENTED_EDGE('',*,*,#5249,.F.);
#3601=ORIENTED_EDGE('',*,*,#5250,.F.);
#3602=ORIENTED_EDGE('',*,*,#5246,.T.);
#3603=ORIENTED_EDGE('',*,*,#5251,.T.);
#3604=ORIENTED_EDGE('',*,*,#5252,.F.);
#3605=ORIENTED_EDGE('',*,*,#5253,.F.);
#3606=ORIENTED_EDGE('',*,*,#5249,.T.);
#3607=ORIENTED_EDGE('',*,*,#5254,.F.);
#3608=ORIENTED_EDGE('',*,*,#5255,.F.);
#3609=ORIENTED_EDGE('',*,*,#5256,.T.);
#3610=ORIENTED_EDGE('',*,*,#5252,.T.);
#3611=ORIENTED_EDGE('',*,*,#5257,.T.);
#3612=ORIENTED_EDGE('',*,*,#5258,.F.);
#3613=ORIENTED_EDGE('',*,*,#5259,.F.);
#3614=ORIENTED_EDGE('',*,*,#5255,.T.);
#3615=ORIENTED_EDGE('',*,*,#5260,.F.);
#3616=ORIENTED_EDGE('',*,*,#5261,.F.);
#3617=ORIENTED_EDGE('',*,*,#5262,.T.);
#3618=ORIENTED_EDGE('',*,*,#5258,.T.);
#3619=ORIENTED_EDGE('',*,*,#5263,.T.);
#3620=ORIENTED_EDGE('',*,*,#5264,.F.);
#3621=ORIENTED_EDGE('',*,*,#5265,.F.);
#3622=ORIENTED_EDGE('',*,*,#5261,.T.);
#3623=ORIENTED_EDGE('',*,*,#5266,.T.);
#3624=ORIENTED_EDGE('',*,*,#5267,.F.);
#3625=ORIENTED_EDGE('',*,*,#5268,.F.);
#3626=ORIENTED_EDGE('',*,*,#5264,.T.);
#3627=ORIENTED_EDGE('',*,*,#5269,.F.);
#3628=ORIENTED_EDGE('',*,*,#5270,.F.);
#3629=ORIENTED_EDGE('',*,*,#5271,.T.);
#3630=ORIENTED_EDGE('',*,*,#5267,.T.);
#3631=ORIENTED_EDGE('',*,*,#5272,.T.);
#3632=ORIENTED_EDGE('',*,*,#5273,.F.);
#3633=ORIENTED_EDGE('',*,*,#5274,.F.);
#3634=ORIENTED_EDGE('',*,*,#5270,.T.);
#3635=ORIENTED_EDGE('',*,*,#5275,.F.);
#3636=ORIENTED_EDGE('',*,*,#5276,.F.);
#3637=ORIENTED_EDGE('',*,*,#5277,.T.);
#3638=ORIENTED_EDGE('',*,*,#5273,.T.);
#3639=ORIENTED_EDGE('',*,*,#5278,.F.);
#3640=ORIENTED_EDGE('',*,*,#5279,.T.);
#3641=ORIENTED_EDGE('',*,*,#5280,.T.);
#3642=ORIENTED_EDGE('',*,*,#5276,.T.);
#3643=ORIENTED_EDGE('',*,*,#5281,.F.);
#3644=ORIENTED_EDGE('',*,*,#5282,.T.);
#3645=ORIENTED_EDGE('',*,*,#5283,.T.);
#3646=ORIENTED_EDGE('',*,*,#5284,.F.);
#3647=ORIENTED_EDGE('',*,*,#5285,.T.);
#3648=ORIENTED_EDGE('',*,*,#5286,.F.);
#3649=ORIENTED_EDGE('',*,*,#5287,.F.);
#3650=ORIENTED_EDGE('',*,*,#5284,.T.);
#3651=ORIENTED_EDGE('',*,*,#5288,.T.);
#3652=ORIENTED_EDGE('',*,*,#5289,.F.);
#3653=ORIENTED_EDGE('',*,*,#5290,.F.);
#3654=ORIENTED_EDGE('',*,*,#5286,.T.);
#3655=ORIENTED_EDGE('',*,*,#5291,.T.);
#3656=ORIENTED_EDGE('',*,*,#5292,.F.);
#3657=ORIENTED_EDGE('',*,*,#5293,.F.);
#3658=ORIENTED_EDGE('',*,*,#5294,.T.);
#3659=ORIENTED_EDGE('',*,*,#5295,.T.);
#3660=ORIENTED_EDGE('',*,*,#5296,.F.);
#3661=ORIENTED_EDGE('',*,*,#5297,.F.);
#3662=ORIENTED_EDGE('',*,*,#5298,.T.);
#3663=ORIENTED_EDGE('',*,*,#5299,.T.);
#3664=ORIENTED_EDGE('',*,*,#5300,.F.);
#3665=ORIENTED_EDGE('',*,*,#5301,.T.);
#3666=ORIENTED_EDGE('',*,*,#5302,.F.);
#3667=ORIENTED_EDGE('',*,*,#5303,.T.);
#3668=ORIENTED_EDGE('',*,*,#5234,.F.);
#3669=ORIENTED_EDGE('',*,*,#5304,.F.);
#3670=ORIENTED_EDGE('',*,*,#5289,.T.);
#3671=ORIENTED_EDGE('',*,*,#5305,.T.);
#3672=ORIENTED_EDGE('',*,*,#5306,.F.);
#3673=ORIENTED_EDGE('',*,*,#5307,.T.);
#3674=ORIENTED_EDGE('',*,*,#5308,.F.);
#3675=ORIENTED_EDGE('',*,*,#5309,.T.);
#3676=ORIENTED_EDGE('',*,*,#5310,.F.);
#3677=ORIENTED_EDGE('',*,*,#5311,.T.);
#3678=ORIENTED_EDGE('',*,*,#5312,.F.);
#3679=ORIENTED_EDGE('',*,*,#5313,.F.);
#3680=ORIENTED_EDGE('',*,*,#5314,.T.);
#3681=ORIENTED_EDGE('',*,*,#5311,.F.);
#3682=ORIENTED_EDGE('',*,*,#5309,.F.);
#3683=ORIENTED_EDGE('',*,*,#5307,.F.);
#3684=ORIENTED_EDGE('',*,*,#5305,.F.);
#3685=ORIENTED_EDGE('',*,*,#5233,.T.);
#3686=ORIENTED_EDGE('',*,*,#5315,.T.);
#3687=ORIENTED_EDGE('',*,*,#5235,.F.);
#3688=ORIENTED_EDGE('',*,*,#5241,.F.);
#3689=ORIENTED_EDGE('',*,*,#5244,.T.);
#3690=ORIENTED_EDGE('',*,*,#5247,.T.);
#3691=ORIENTED_EDGE('',*,*,#5250,.T.);
#3692=ORIENTED_EDGE('',*,*,#5253,.T.);
#3693=ORIENTED_EDGE('',*,*,#5256,.F.);
#3694=ORIENTED_EDGE('',*,*,#5259,.T.);
#3695=ORIENTED_EDGE('',*,*,#5262,.F.);
#3696=ORIENTED_EDGE('',*,*,#5265,.T.);
#3697=ORIENTED_EDGE('',*,*,#5268,.T.);
#3698=ORIENTED_EDGE('',*,*,#5271,.F.);
#3699=ORIENTED_EDGE('',*,*,#5274,.T.);
#3700=ORIENTED_EDGE('',*,*,#5277,.F.);
#3701=ORIENTED_EDGE('',*,*,#5280,.F.);
#3702=ORIENTED_EDGE('',*,*,#5316,.T.);
#3703=ORIENTED_EDGE('',*,*,#5281,.T.);
#3704=ORIENTED_EDGE('',*,*,#5287,.T.);
#3705=ORIENTED_EDGE('',*,*,#5290,.T.);
#3706=ORIENTED_EDGE('',*,*,#5304,.T.);
#3707=ORIENTED_EDGE('',*,*,#5301,.F.);
#3708=ORIENTED_EDGE('',*,*,#5299,.F.);
#3709=ORIENTED_EDGE('',*,*,#5297,.T.);
#3710=ORIENTED_EDGE('',*,*,#5295,.F.);
#3711=ORIENTED_EDGE('',*,*,#5293,.T.);
#3712=ORIENTED_EDGE('',*,*,#5291,.F.);
#3713=ORIENTED_EDGE('',*,*,#5313,.T.);
#3714=ORIENTED_EDGE('',*,*,#5312,.T.);
#3715=ORIENTED_EDGE('',*,*,#5310,.T.);
#3716=ORIENTED_EDGE('',*,*,#5308,.T.);
#3717=ORIENTED_EDGE('',*,*,#5306,.T.);
#3718=ORIENTED_EDGE('',*,*,#5237,.T.);
#3719=ORIENTED_EDGE('',*,*,#5317,.T.);
#3720=ORIENTED_EDGE('',*,*,#5231,.F.);
#3721=ORIENTED_EDGE('',*,*,#5303,.F.);
#3722=ORIENTED_EDGE('',*,*,#5288,.F.);
#3723=ORIENTED_EDGE('',*,*,#5285,.F.);
#3724=ORIENTED_EDGE('',*,*,#5283,.F.);
#3725=ORIENTED_EDGE('',*,*,#5318,.T.);
#3726=ORIENTED_EDGE('',*,*,#5278,.T.);
#3727=ORIENTED_EDGE('',*,*,#5275,.T.);
#3728=ORIENTED_EDGE('',*,*,#5272,.F.);
#3729=ORIENTED_EDGE('',*,*,#5269,.T.);
#3730=ORIENTED_EDGE('',*,*,#5266,.F.);
#3731=ORIENTED_EDGE('',*,*,#5263,.F.);
#3732=ORIENTED_EDGE('',*,*,#5260,.T.);
#3733=ORIENTED_EDGE('',*,*,#5257,.F.);
#3734=ORIENTED_EDGE('',*,*,#5254,.T.);
#3735=ORIENTED_EDGE('',*,*,#5251,.F.);
#3736=ORIENTED_EDGE('',*,*,#5248,.F.);
#3737=ORIENTED_EDGE('',*,*,#5245,.F.);
#3738=ORIENTED_EDGE('',*,*,#5242,.F.);
#3739=ORIENTED_EDGE('',*,*,#5239,.T.);
#3740=ORIENTED_EDGE('',*,*,#5302,.T.);
#3741=ORIENTED_EDGE('',*,*,#5300,.T.);
#3742=ORIENTED_EDGE('',*,*,#5298,.F.);
#3743=ORIENTED_EDGE('',*,*,#5296,.T.);
#3744=ORIENTED_EDGE('',*,*,#5294,.F.);
#3745=ORIENTED_EDGE('',*,*,#5292,.T.);
#3746=ORIENTED_EDGE('',*,*,#5314,.F.);
#3747=ORIENTED_EDGE('',*,*,#5315,.F.);
#3748=ORIENTED_EDGE('',*,*,#5232,.F.);
#3749=ORIENTED_EDGE('',*,*,#5317,.F.);
#3750=ORIENTED_EDGE('',*,*,#5236,.F.);
#3751=ORIENTED_EDGE('',*,*,#5316,.F.);
#3752=ORIENTED_EDGE('',*,*,#5279,.F.);
#3753=ORIENTED_EDGE('',*,*,#5318,.F.);
#3754=ORIENTED_EDGE('',*,*,#5282,.F.);
#3755=ORIENTED_EDGE('',*,*,#5319,.T.);
#3756=ORIENTED_EDGE('',*,*,#5320,.F.);
#3757=ORIENTED_EDGE('',*,*,#5321,.F.);
#3758=ORIENTED_EDGE('',*,*,#5322,.T.);
#3759=ORIENTED_EDGE('',*,*,#5323,.T.);
#3760=ORIENTED_EDGE('',*,*,#5324,.F.);
#3761=ORIENTED_EDGE('',*,*,#5325,.F.);
#3762=ORIENTED_EDGE('',*,*,#5320,.T.);
#3763=ORIENTED_EDGE('',*,*,#5326,.F.);
#3764=ORIENTED_EDGE('',*,*,#5327,.F.);
#3765=ORIENTED_EDGE('',*,*,#5328,.T.);
#3766=ORIENTED_EDGE('',*,*,#5324,.T.);
#3767=ORIENTED_EDGE('',*,*,#5329,.F.);
#3768=ORIENTED_EDGE('',*,*,#5330,.F.);
#3769=ORIENTED_EDGE('',*,*,#5331,.T.);
#3770=ORIENTED_EDGE('',*,*,#5327,.T.);
#3771=ORIENTED_EDGE('',*,*,#5332,.F.);
#3772=ORIENTED_EDGE('',*,*,#5333,.F.);
#3773=ORIENTED_EDGE('',*,*,#5334,.T.);
#3774=ORIENTED_EDGE('',*,*,#5330,.T.);
#3775=ORIENTED_EDGE('',*,*,#5335,.F.);
#3776=ORIENTED_EDGE('',*,*,#5336,.F.);
#3777=ORIENTED_EDGE('',*,*,#5337,.T.);
#3778=ORIENTED_EDGE('',*,*,#5333,.T.);
#3779=ORIENTED_EDGE('',*,*,#5338,.F.);
#3780=ORIENTED_EDGE('',*,*,#5339,.F.);
#3781=ORIENTED_EDGE('',*,*,#5340,.T.);
#3782=ORIENTED_EDGE('',*,*,#5336,.T.);
#3783=ORIENTED_EDGE('',*,*,#5341,.F.);
#3784=ORIENTED_EDGE('',*,*,#5342,.F.);
#3785=ORIENTED_EDGE('',*,*,#5343,.T.);
#3786=ORIENTED_EDGE('',*,*,#5339,.T.);
#3787=ORIENTED_EDGE('',*,*,#5344,.F.);
#3788=ORIENTED_EDGE('',*,*,#5345,.F.);
#3789=ORIENTED_EDGE('',*,*,#5346,.T.);
#3790=ORIENTED_EDGE('',*,*,#5342,.T.);
#3791=ORIENTED_EDGE('',*,*,#5347,.T.);
#3792=ORIENTED_EDGE('',*,*,#5348,.F.);
#3793=ORIENTED_EDGE('',*,*,#5349,.F.);
#3794=ORIENTED_EDGE('',*,*,#5345,.T.);
#3795=ORIENTED_EDGE('',*,*,#5350,.F.);
#3796=ORIENTED_EDGE('',*,*,#5351,.F.);
#3797=ORIENTED_EDGE('',*,*,#5352,.T.);
#3798=ORIENTED_EDGE('',*,*,#5348,.T.);
#3799=ORIENTED_EDGE('',*,*,#5353,.F.);
#3800=ORIENTED_EDGE('',*,*,#5354,.F.);
#3801=ORIENTED_EDGE('',*,*,#5355,.T.);
#3802=ORIENTED_EDGE('',*,*,#5351,.T.);
#3803=ORIENTED_EDGE('',*,*,#5356,.F.);
#3804=ORIENTED_EDGE('',*,*,#5357,.F.);
#3805=ORIENTED_EDGE('',*,*,#5358,.T.);
#3806=ORIENTED_EDGE('',*,*,#5354,.T.);
#3807=ORIENTED_EDGE('',*,*,#5359,.F.);
#3808=ORIENTED_EDGE('',*,*,#5360,.F.);
#3809=ORIENTED_EDGE('',*,*,#5361,.T.);
#3810=ORIENTED_EDGE('',*,*,#5357,.T.);
#3811=ORIENTED_EDGE('',*,*,#5362,.T.);
#3812=ORIENTED_EDGE('',*,*,#5363,.F.);
#3813=ORIENTED_EDGE('',*,*,#5364,.F.);
#3814=ORIENTED_EDGE('',*,*,#5360,.T.);
#3815=ORIENTED_EDGE('',*,*,#5365,.T.);
#3816=ORIENTED_EDGE('',*,*,#5366,.F.);
#3817=ORIENTED_EDGE('',*,*,#5367,.F.);
#3818=ORIENTED_EDGE('',*,*,#5363,.T.);
#3819=ORIENTED_EDGE('',*,*,#5368,.F.);
#3820=ORIENTED_EDGE('',*,*,#5322,.F.);
#3821=ORIENTED_EDGE('',*,*,#5369,.T.);
#3822=ORIENTED_EDGE('',*,*,#5366,.T.);
#3823=ORIENTED_EDGE('',*,*,#5321,.T.);
#3824=ORIENTED_EDGE('',*,*,#5325,.T.);
#3825=ORIENTED_EDGE('',*,*,#5328,.F.);
#3826=ORIENTED_EDGE('',*,*,#5331,.F.);
#3827=ORIENTED_EDGE('',*,*,#5334,.F.);
#3828=ORIENTED_EDGE('',*,*,#5337,.F.);
#3829=ORIENTED_EDGE('',*,*,#5340,.F.);
#3830=ORIENTED_EDGE('',*,*,#5343,.F.);
#3831=ORIENTED_EDGE('',*,*,#5346,.F.);
#3832=ORIENTED_EDGE('',*,*,#5349,.T.);
#3833=ORIENTED_EDGE('',*,*,#5352,.F.);
#3834=ORIENTED_EDGE('',*,*,#5355,.F.);
#3835=ORIENTED_EDGE('',*,*,#5358,.F.);
#3836=ORIENTED_EDGE('',*,*,#5361,.F.);
#3837=ORIENTED_EDGE('',*,*,#5364,.T.);
#3838=ORIENTED_EDGE('',*,*,#5367,.T.);
#3839=ORIENTED_EDGE('',*,*,#5369,.F.);
#3840=ORIENTED_EDGE('',*,*,#5319,.F.);
#3841=ORIENTED_EDGE('',*,*,#5368,.T.);
#3842=ORIENTED_EDGE('',*,*,#5365,.F.);
#3843=ORIENTED_EDGE('',*,*,#5362,.F.);
#3844=ORIENTED_EDGE('',*,*,#5359,.T.);
#3845=ORIENTED_EDGE('',*,*,#5356,.T.);
#3846=ORIENTED_EDGE('',*,*,#5353,.T.);
#3847=ORIENTED_EDGE('',*,*,#5350,.T.);
#3848=ORIENTED_EDGE('',*,*,#5347,.F.);
#3849=ORIENTED_EDGE('',*,*,#5344,.T.);
#3850=ORIENTED_EDGE('',*,*,#5341,.T.);
#3851=ORIENTED_EDGE('',*,*,#5338,.T.);
#3852=ORIENTED_EDGE('',*,*,#5335,.T.);
#3853=ORIENTED_EDGE('',*,*,#5332,.T.);
#3854=ORIENTED_EDGE('',*,*,#5329,.T.);
#3855=ORIENTED_EDGE('',*,*,#5326,.T.);
#3856=ORIENTED_EDGE('',*,*,#5323,.F.);
#3857=EDGE_CURVE('',#5370,#5371,#6396,.T.);
#3858=EDGE_CURVE('',#5372,#5371,#6397,.T.);
#3859=EDGE_CURVE('',#5373,#5372,#6398,.T.);
#3860=EDGE_CURVE('',#5373,#5370,#6399,.T.);
#3861=EDGE_CURVE('',#5371,#5374,#114,.T.);
#3862=EDGE_CURVE('',#5375,#5374,#6400,.T.);
#3863=EDGE_CURVE('',#5372,#5375,#115,.T.);
#3864=EDGE_CURVE('',#5374,#5376,#6401,.T.);
#3865=EDGE_CURVE('',#5377,#5376,#6402,.T.);
#3866=EDGE_CURVE('',#5375,#5377,#6403,.T.);
#3867=EDGE_CURVE('',#5376,#5378,#116,.T.);
#3868=EDGE_CURVE('',#5379,#5378,#6404,.T.);
#3869=EDGE_CURVE('',#5377,#5379,#117,.T.);
#3870=EDGE_CURVE('',#5378,#5380,#6405,.T.);
#3871=EDGE_CURVE('',#5381,#5380,#6406,.T.);
#3872=EDGE_CURVE('',#5379,#5381,#6407,.T.);
#3873=EDGE_CURVE('',#5380,#5382,#118,.T.);
#3874=EDGE_CURVE('',#5383,#5382,#6408,.T.);
#3875=EDGE_CURVE('',#5381,#5383,#119,.T.);
#3876=EDGE_CURVE('',#5382,#5384,#6409,.T.);
#3877=EDGE_CURVE('',#5385,#5384,#6410,.T.);
#3878=EDGE_CURVE('',#5383,#5385,#6411,.T.);
#3879=EDGE_CURVE('',#5384,#5386,#120,.T.);
#3880=EDGE_CURVE('',#5387,#5386,#6412,.T.);
#3881=EDGE_CURVE('',#5385,#5387,#121,.T.);
#3882=EDGE_CURVE('',#5386,#5388,#6413,.T.);
#3883=EDGE_CURVE('',#5389,#5388,#6414,.T.);
#3884=EDGE_CURVE('',#5387,#5389,#6415,.T.);
#3885=EDGE_CURVE('',#5388,#5390,#122,.T.);
#3886=EDGE_CURVE('',#5391,#5390,#6416,.T.);
#3887=EDGE_CURVE('',#5389,#5391,#123,.T.);
#3888=EDGE_CURVE('',#5390,#5392,#6417,.T.);
#3889=EDGE_CURVE('',#5393,#5392,#6418,.T.);
#3890=EDGE_CURVE('',#5391,#5393,#6419,.T.);
#3891=EDGE_CURVE('',#5394,#5392,#124,.T.);
#3892=EDGE_CURVE('',#5395,#5394,#6420,.T.);
#3893=EDGE_CURVE('',#5395,#5393,#125,.T.);
#3894=EDGE_CURVE('',#5394,#5396,#6421,.T.);
#3895=EDGE_CURVE('',#5397,#5396,#6422,.T.);
#3896=EDGE_CURVE('',#5395,#5397,#6423,.T.);
#3897=EDGE_CURVE('',#5398,#5396,#126,.T.);
#3898=EDGE_CURVE('',#5399,#5398,#6424,.T.);
#3899=EDGE_CURVE('',#5399,#5397,#127,.T.);
#3900=EDGE_CURVE('',#5398,#5400,#6425,.T.);
#3901=EDGE_CURVE('',#5401,#5400,#6426,.T.);
#3902=EDGE_CURVE('',#5399,#5401,#6427,.T.);
#3903=EDGE_CURVE('',#5402,#5400,#128,.T.);
#3904=EDGE_CURVE('',#5403,#5402,#6428,.T.);
#3905=EDGE_CURVE('',#5403,#5401,#129,.T.);
#3906=EDGE_CURVE('',#5402,#5404,#6429,.T.);
#3907=EDGE_CURVE('',#5405,#5404,#6430,.T.);
#3908=EDGE_CURVE('',#5403,#5405,#6431,.T.);
#3909=EDGE_CURVE('',#5406,#5404,#130,.T.);
#3910=EDGE_CURVE('',#5407,#5406,#6432,.T.);
#3911=EDGE_CURVE('',#5407,#5405,#131,.T.);
#3912=EDGE_CURVE('',#5406,#5408,#6433,.T.);
#3913=EDGE_CURVE('',#5409,#5408,#6434,.T.);
#3914=EDGE_CURVE('',#5407,#5409,#6435,.T.);
#3915=EDGE_CURVE('',#5410,#5408,#132,.T.);
#3916=EDGE_CURVE('',#5411,#5410,#6436,.T.);
#3917=EDGE_CURVE('',#5411,#5409,#133,.T.);
#3918=EDGE_CURVE('',#5410,#5412,#6437,.T.);
#3919=EDGE_CURVE('',#5413,#5412,#6438,.T.);
#3920=EDGE_CURVE('',#5411,#5413,#6439,.T.);
#3921=EDGE_CURVE('',#5414,#5412,#134,.T.);
#3922=EDGE_CURVE('',#5415,#5414,#6440,.T.);
#3923=EDGE_CURVE('',#5415,#5413,#135,.T.);
#3924=EDGE_CURVE('',#5414,#5416,#6441,.T.);
#3925=EDGE_CURVE('',#5417,#5416,#6442,.T.);
#3926=EDGE_CURVE('',#5415,#5417,#6443,.T.);
#3927=EDGE_CURVE('',#5418,#5416,#136,.T.);
#3928=EDGE_CURVE('',#5419,#5418,#6444,.T.);
#3929=EDGE_CURVE('',#5419,#5417,#137,.T.);
#3930=EDGE_CURVE('',#5418,#5420,#6445,.T.);
#3931=EDGE_CURVE('',#5421,#5420,#6446,.T.);
#3932=EDGE_CURVE('',#5419,#5421,#6447,.T.);
#3933=EDGE_CURVE('',#5422,#5420,#138,.T.);
#3934=EDGE_CURVE('',#5423,#5422,#6448,.T.);
#3935=EDGE_CURVE('',#5423,#5421,#139,.T.);
#3936=EDGE_CURVE('',#5422,#5424,#6449,.T.);
#3937=EDGE_CURVE('',#5425,#5424,#6450,.T.);
#3938=EDGE_CURVE('',#5423,#5425,#6451,.T.);
#3939=EDGE_CURVE('',#5424,#5426,#140,.T.);
#3940=EDGE_CURVE('',#5427,#5426,#6452,.T.);
#3941=EDGE_CURVE('',#5425,#5427,#141,.T.);
#3942=EDGE_CURVE('',#5426,#5428,#6453,.T.);
#3943=EDGE_CURVE('',#5429,#5428,#6454,.T.);
#3944=EDGE_CURVE('',#5427,#5429,#6455,.T.);
#3945=EDGE_CURVE('',#5428,#5430,#142,.T.);
#3946=EDGE_CURVE('',#5431,#5430,#6456,.T.);
#3947=EDGE_CURVE('',#5429,#5431,#143,.T.);
#3948=EDGE_CURVE('',#5430,#5432,#6457,.T.);
#3949=EDGE_CURVE('',#5433,#5432,#6458,.T.);
#3950=EDGE_CURVE('',#5431,#5433,#6459,.T.);
#3951=EDGE_CURVE('',#5432,#5434,#144,.T.);
#3952=EDGE_CURVE('',#5435,#5434,#6460,.T.);
#3953=EDGE_CURVE('',#5433,#5435,#145,.T.);
#3954=EDGE_CURVE('',#5434,#5436,#6461,.T.);
#3955=EDGE_CURVE('',#5437,#5436,#6462,.T.);
#3956=EDGE_CURVE('',#5435,#5437,#6463,.T.);
#3957=EDGE_CURVE('',#5436,#5438,#146,.T.);
#3958=EDGE_CURVE('',#5439,#5438,#6464,.T.);
#3959=EDGE_CURVE('',#5437,#5439,#147,.T.);
#3960=EDGE_CURVE('',#5438,#5440,#6465,.T.);
#3961=EDGE_CURVE('',#5441,#5440,#6466,.T.);
#3962=EDGE_CURVE('',#5439,#5441,#6467,.T.);
#3963=EDGE_CURVE('',#5440,#5442,#148,.T.);
#3964=EDGE_CURVE('',#5443,#5442,#6468,.T.);
#3965=EDGE_CURVE('',#5441,#5443,#149,.T.);
#3966=EDGE_CURVE('',#5442,#5444,#6469,.T.);
#3967=EDGE_CURVE('',#5445,#5444,#6470,.T.);
#3968=EDGE_CURVE('',#5443,#5445,#6471,.T.);
#3969=EDGE_CURVE('',#5444,#5446,#150,.T.);
#3970=EDGE_CURVE('',#5447,#5446,#6472,.T.);
#3971=EDGE_CURVE('',#5445,#5447,#151,.T.);
#3972=EDGE_CURVE('',#5446,#5448,#6473,.T.);
#3973=EDGE_CURVE('',#5449,#5448,#6474,.T.);
#3974=EDGE_CURVE('',#5447,#5449,#6475,.T.);
#3975=EDGE_CURVE('',#5448,#5450,#152,.T.);
#3976=EDGE_CURVE('',#5451,#5450,#6476,.T.);
#3977=EDGE_CURVE('',#5449,#5451,#153,.T.);
#3978=EDGE_CURVE('',#5450,#5452,#6477,.T.);
#3979=EDGE_CURVE('',#5453,#5452,#6478,.T.);
#3980=EDGE_CURVE('',#5451,#5453,#6479,.T.);
#3981=EDGE_CURVE('',#5454,#5452,#154,.T.);
#3982=EDGE_CURVE('',#5455,#5454,#6480,.T.);
#3983=EDGE_CURVE('',#5455,#5453,#155,.T.);
#3984=EDGE_CURVE('',#5454,#5456,#6481,.T.);
#3985=EDGE_CURVE('',#5457,#5456,#6482,.T.);
#3986=EDGE_CURVE('',#5455,#5457,#6483,.T.);
#3987=EDGE_CURVE('',#5458,#5456,#156,.T.);
#3988=EDGE_CURVE('',#5459,#5458,#6484,.T.);
#3989=EDGE_CURVE('',#5459,#5457,#157,.T.);
#3990=EDGE_CURVE('',#5458,#5460,#6485,.T.);
#3991=EDGE_CURVE('',#5461,#5460,#6486,.T.);
#3992=EDGE_CURVE('',#5459,#5461,#6487,.T.);
#3993=EDGE_CURVE('',#5462,#5460,#158,.T.);
#3994=EDGE_CURVE('',#5463,#5462,#6488,.T.);
#3995=EDGE_CURVE('',#5463,#5461,#159,.T.);
#3996=EDGE_CURVE('',#5462,#5464,#6489,.T.);
#3997=EDGE_CURVE('',#5465,#5464,#6490,.T.);
#3998=EDGE_CURVE('',#5463,#5465,#6491,.T.);
#3999=EDGE_CURVE('',#5466,#5464,#160,.T.);
#4000=EDGE_CURVE('',#5467,#5466,#6492,.T.);
#4001=EDGE_CURVE('',#5467,#5465,#161,.T.);
#4002=EDGE_CURVE('',#5466,#5468,#6493,.T.);
#4003=EDGE_CURVE('',#5469,#5468,#6494,.T.);
#4004=EDGE_CURVE('',#5467,#5469,#6495,.T.);
#4005=EDGE_CURVE('',#5470,#5468,#162,.T.);
#4006=EDGE_CURVE('',#5471,#5470,#6496,.T.);
#4007=EDGE_CURVE('',#5471,#5469,#163,.T.);
#4008=EDGE_CURVE('',#5470,#5472,#6497,.T.);
#4009=EDGE_CURVE('',#5473,#5472,#6498,.T.);
#4010=EDGE_CURVE('',#5471,#5473,#6499,.T.);
#4011=EDGE_CURVE('',#5474,#5472,#164,.T.);
#4012=EDGE_CURVE('',#5475,#5474,#6500,.T.);
#4013=EDGE_CURVE('',#5475,#5473,#165,.T.);
#4014=EDGE_CURVE('',#5474,#5476,#6501,.T.);
#4015=EDGE_CURVE('',#5477,#5476,#6502,.T.);
#4016=EDGE_CURVE('',#5475,#5477,#6503,.T.);
#4017=EDGE_CURVE('',#5478,#5476,#166,.T.);
#4018=EDGE_CURVE('',#5479,#5478,#6504,.T.);
#4019=EDGE_CURVE('',#5479,#5477,#167,.T.);
#4020=EDGE_CURVE('',#5478,#5480,#6505,.T.);
#4021=EDGE_CURVE('',#5481,#5480,#6506,.T.);
#4022=EDGE_CURVE('',#5479,#5481,#6507,.T.);
#4023=EDGE_CURVE('',#5482,#5480,#168,.T.);
#4024=EDGE_CURVE('',#5483,#5482,#6508,.T.);
#4025=EDGE_CURVE('',#5483,#5481,#169,.T.);
#4026=EDGE_CURVE('',#5482,#5484,#6509,.T.);
#4027=EDGE_CURVE('',#5485,#5484,#6510,.T.);
#4028=EDGE_CURVE('',#5483,#5485,#6511,.T.);
#4029=EDGE_CURVE('',#5484,#5486,#170,.T.);
#4030=EDGE_CURVE('',#5487,#5486,#6512,.T.);
#4031=EDGE_CURVE('',#5485,#5487,#171,.T.);
#4032=EDGE_CURVE('',#5486,#5488,#6513,.T.);
#4033=EDGE_CURVE('',#5489,#5488,#6514,.T.);
#4034=EDGE_CURVE('',#5487,#5489,#6515,.T.);
#4035=EDGE_CURVE('',#5488,#5490,#172,.T.);
#4036=EDGE_CURVE('',#5491,#5490,#6516,.T.);
#4037=EDGE_CURVE('',#5489,#5491,#173,.T.);
#4038=EDGE_CURVE('',#5490,#5492,#6517,.T.);
#4039=EDGE_CURVE('',#5493,#5492,#6518,.T.);
#4040=EDGE_CURVE('',#5491,#5493,#6519,.T.);
#4041=EDGE_CURVE('',#5492,#5494,#174,.T.);
#4042=EDGE_CURVE('',#5495,#5494,#6520,.T.);
#4043=EDGE_CURVE('',#5493,#5495,#175,.T.);
#4044=EDGE_CURVE('',#5494,#5496,#6521,.T.);
#4045=EDGE_CURVE('',#5497,#5496,#6522,.T.);
#4046=EDGE_CURVE('',#5495,#5497,#6523,.T.);
#4047=EDGE_CURVE('',#5496,#5498,#176,.T.);
#4048=EDGE_CURVE('',#5499,#5498,#6524,.T.);
#4049=EDGE_CURVE('',#5497,#5499,#177,.T.);
#4050=EDGE_CURVE('',#5498,#5500,#6525,.T.);
#4051=EDGE_CURVE('',#5501,#5500,#6526,.T.);
#4052=EDGE_CURVE('',#5499,#5501,#6527,.T.);
#4053=EDGE_CURVE('',#5500,#5502,#178,.T.);
#4054=EDGE_CURVE('',#5503,#5502,#6528,.T.);
#4055=EDGE_CURVE('',#5501,#5503,#179,.T.);
#4056=EDGE_CURVE('',#5502,#5504,#6529,.T.);
#4057=EDGE_CURVE('',#5505,#5504,#6530,.T.);
#4058=EDGE_CURVE('',#5503,#5505,#6531,.T.);
#4059=EDGE_CURVE('',#5504,#5506,#180,.T.);
#4060=EDGE_CURVE('',#5507,#5506,#6532,.T.);
#4061=EDGE_CURVE('',#5505,#5507,#181,.T.);
#4062=EDGE_CURVE('',#5506,#5508,#6533,.T.);
#4063=EDGE_CURVE('',#5509,#5508,#6534,.T.);
#4064=EDGE_CURVE('',#5507,#5509,#6535,.T.);
#4065=EDGE_CURVE('',#5508,#5510,#182,.T.);
#4066=EDGE_CURVE('',#5511,#5510,#6536,.T.);
#4067=EDGE_CURVE('',#5509,#5511,#183,.T.);
#4068=EDGE_CURVE('',#5510,#5512,#6537,.T.);
#4069=EDGE_CURVE('',#5513,#5512,#6538,.T.);
#4070=EDGE_CURVE('',#5511,#5513,#6539,.T.);
#4071=EDGE_CURVE('',#5514,#5512,#184,.T.);
#4072=EDGE_CURVE('',#5515,#5514,#6540,.T.);
#4073=EDGE_CURVE('',#5515,#5513,#185,.T.);
#4074=EDGE_CURVE('',#5514,#5516,#6541,.T.);
#4075=EDGE_CURVE('',#5517,#5516,#6542,.T.);
#4076=EDGE_CURVE('',#5515,#5517,#6543,.T.);
#4077=EDGE_CURVE('',#5518,#5516,#186,.T.);
#4078=EDGE_CURVE('',#5519,#5518,#6544,.T.);
#4079=EDGE_CURVE('',#5519,#5517,#187,.T.);
#4080=EDGE_CURVE('',#5518,#5520,#6545,.T.);
#4081=EDGE_CURVE('',#5521,#5520,#6546,.T.);
#4082=EDGE_CURVE('',#5519,#5521,#6547,.T.);
#4083=EDGE_CURVE('',#5522,#5520,#188,.T.);
#4084=EDGE_CURVE('',#5523,#5522,#6548,.T.);
#4085=EDGE_CURVE('',#5523,#5521,#189,.T.);
#4086=EDGE_CURVE('',#5522,#5524,#6549,.T.);
#4087=EDGE_CURVE('',#5525,#5524,#6550,.T.);
#4088=EDGE_CURVE('',#5523,#5525,#6551,.T.);
#4089=EDGE_CURVE('',#5526,#5524,#190,.T.);
#4090=EDGE_CURVE('',#5527,#5526,#6552,.T.);
#4091=EDGE_CURVE('',#5527,#5525,#191,.T.);
#4092=EDGE_CURVE('',#5526,#5528,#6553,.T.);
#4093=EDGE_CURVE('',#5529,#5528,#6554,.T.);
#4094=EDGE_CURVE('',#5527,#5529,#6555,.T.);
#4095=EDGE_CURVE('',#5530,#5528,#192,.T.);
#4096=EDGE_CURVE('',#5531,#5530,#6556,.T.);
#4097=EDGE_CURVE('',#5531,#5529,#193,.T.);
#4098=EDGE_CURVE('',#5530,#5532,#6557,.T.);
#4099=EDGE_CURVE('',#5533,#5532,#6558,.T.);
#4100=EDGE_CURVE('',#5531,#5533,#6559,.T.);
#4101=EDGE_CURVE('',#5534,#5532,#194,.T.);
#4102=EDGE_CURVE('',#5535,#5534,#6560,.T.);
#4103=EDGE_CURVE('',#5535,#5533,#195,.T.);
#4104=EDGE_CURVE('',#5534,#5536,#6561,.T.);
#4105=EDGE_CURVE('',#5537,#5536,#6562,.T.);
#4106=EDGE_CURVE('',#5535,#5537,#6563,.T.);
#4107=EDGE_CURVE('',#5538,#5536,#196,.T.);
#4108=EDGE_CURVE('',#5539,#5538,#6564,.T.);
#4109=EDGE_CURVE('',#5539,#5537,#197,.T.);
#4110=EDGE_CURVE('',#5538,#5540,#6565,.T.);
#4111=EDGE_CURVE('',#5541,#5540,#6566,.T.);
#4112=EDGE_CURVE('',#5539,#5541,#6567,.T.);
#4113=EDGE_CURVE('',#5542,#5540,#198,.T.);
#4114=EDGE_CURVE('',#5543,#5542,#6568,.T.);
#4115=EDGE_CURVE('',#5543,#5541,#199,.T.);
#4116=EDGE_CURVE('',#5542,#5544,#6569,.T.);
#4117=EDGE_CURVE('',#5545,#5544,#6570,.T.);
#4118=EDGE_CURVE('',#5543,#5545,#6571,.T.);
#4119=EDGE_CURVE('',#5544,#5546,#200,.T.);
#4120=EDGE_CURVE('',#5547,#5546,#6572,.T.);
#4121=EDGE_CURVE('',#5545,#5547,#201,.T.);
#4122=EDGE_CURVE('',#5546,#5548,#6573,.T.);
#4123=EDGE_CURVE('',#5549,#5548,#6574,.T.);
#4124=EDGE_CURVE('',#5547,#5549,#6575,.T.);
#4125=EDGE_CURVE('',#5548,#5550,#202,.T.);
#4126=EDGE_CURVE('',#5551,#5550,#6576,.T.);
#4127=EDGE_CURVE('',#5549,#5551,#203,.T.);
#4128=EDGE_CURVE('',#5550,#5552,#6577,.T.);
#4129=EDGE_CURVE('',#5553,#5552,#6578,.T.);
#4130=EDGE_CURVE('',#5551,#5553,#6579,.T.);
#4131=EDGE_CURVE('',#5552,#5554,#204,.T.);
#4132=EDGE_CURVE('',#5555,#5554,#6580,.T.);
#4133=EDGE_CURVE('',#5553,#5555,#205,.T.);
#4134=EDGE_CURVE('',#5554,#5556,#6581,.T.);
#4135=EDGE_CURVE('',#5557,#5556,#6582,.T.);
#4136=EDGE_CURVE('',#5555,#5557,#6583,.T.);
#4137=EDGE_CURVE('',#5556,#5558,#206,.T.);
#4138=EDGE_CURVE('',#5559,#5558,#6584,.T.);
#4139=EDGE_CURVE('',#5557,#5559,#207,.T.);
#4140=EDGE_CURVE('',#5558,#5560,#6585,.T.);
#4141=EDGE_CURVE('',#5561,#5560,#6586,.T.);
#4142=EDGE_CURVE('',#5559,#5561,#6587,.T.);
#4143=EDGE_CURVE('',#5560,#5562,#208,.T.);
#4144=EDGE_CURVE('',#5563,#5562,#6588,.T.);
#4145=EDGE_CURVE('',#5561,#5563,#209,.T.);
#4146=EDGE_CURVE('',#5562,#5564,#6589,.T.);
#4147=EDGE_CURVE('',#5565,#5564,#6590,.T.);
#4148=EDGE_CURVE('',#5563,#5565,#6591,.T.);
#4149=EDGE_CURVE('',#5564,#5566,#210,.T.);
#4150=EDGE_CURVE('',#5567,#5566,#6592,.T.);
#4151=EDGE_CURVE('',#5565,#5567,#211,.T.);
#4152=EDGE_CURVE('',#5566,#5568,#6593,.T.);
#4153=EDGE_CURVE('',#5569,#5568,#6594,.T.);
#4154=EDGE_CURVE('',#5567,#5569,#6595,.T.);
#4155=EDGE_CURVE('',#5568,#5570,#212,.T.);
#4156=EDGE_CURVE('',#5571,#5570,#6596,.T.);
#4157=EDGE_CURVE('',#5569,#5571,#213,.T.);
#4158=EDGE_CURVE('',#5570,#5572,#6597,.T.);
#4159=EDGE_CURVE('',#5573,#5572,#6598,.T.);
#4160=EDGE_CURVE('',#5571,#5573,#6599,.T.);
#4161=EDGE_CURVE('',#5574,#5572,#214,.T.);
#4162=EDGE_CURVE('',#5575,#5574,#6600,.T.);
#4163=EDGE_CURVE('',#5575,#5573,#215,.T.);
#4164=EDGE_CURVE('',#5574,#5576,#6601,.T.);
#4165=EDGE_CURVE('',#5577,#5576,#6602,.T.);
#4166=EDGE_CURVE('',#5575,#5577,#6603,.T.);
#4167=EDGE_CURVE('',#5578,#5576,#216,.T.);
#4168=EDGE_CURVE('',#5579,#5578,#6604,.T.);
#4169=EDGE_CURVE('',#5579,#5577,#217,.T.);
#4170=EDGE_CURVE('',#5578,#5580,#6605,.T.);
#4171=EDGE_CURVE('',#5581,#5580,#6606,.T.);
#4172=EDGE_CURVE('',#5579,#5581,#6607,.T.);
#4173=EDGE_CURVE('',#5582,#5580,#218,.T.);
#4174=EDGE_CURVE('',#5583,#5582,#6608,.T.);
#4175=EDGE_CURVE('',#5583,#5581,#219,.T.);
#4176=EDGE_CURVE('',#5582,#5584,#6609,.T.);
#4177=EDGE_CURVE('',#5585,#5584,#6610,.T.);
#4178=EDGE_CURVE('',#5583,#5585,#6611,.T.);
#4179=EDGE_CURVE('',#5586,#5584,#220,.T.);
#4180=EDGE_CURVE('',#5587,#5586,#6612,.T.);
#4181=EDGE_CURVE('',#5587,#5585,#221,.T.);
#4182=EDGE_CURVE('',#5586,#5588,#6613,.T.);
#4183=EDGE_CURVE('',#5589,#5588,#6614,.T.);
#4184=EDGE_CURVE('',#5587,#5589,#6615,.T.);
#4185=EDGE_CURVE('',#5590,#5588,#222,.T.);
#4186=EDGE_CURVE('',#5591,#5590,#6616,.T.);
#4187=EDGE_CURVE('',#5591,#5589,#223,.T.);
#4188=EDGE_CURVE('',#5590,#5592,#6617,.T.);
#4189=EDGE_CURVE('',#5593,#5592,#6618,.T.);
#4190=EDGE_CURVE('',#5591,#5593,#6619,.T.);
#4191=EDGE_CURVE('',#5594,#5592,#224,.T.);
#4192=EDGE_CURVE('',#5595,#5594,#6620,.T.);
#4193=EDGE_CURVE('',#5595,#5593,#225,.T.);
#4194=EDGE_CURVE('',#5594,#5596,#6621,.T.);
#4195=EDGE_CURVE('',#5597,#5596,#6622,.T.);
#4196=EDGE_CURVE('',#5595,#5597,#6623,.T.);
#4197=EDGE_CURVE('',#5598,#5596,#226,.T.);
#4198=EDGE_CURVE('',#5599,#5598,#6624,.T.);
#4199=EDGE_CURVE('',#5599,#5597,#227,.T.);
#4200=EDGE_CURVE('',#5598,#5600,#6625,.T.);
#4201=EDGE_CURVE('',#5601,#5600,#6626,.T.);
#4202=EDGE_CURVE('',#5599,#5601,#6627,.T.);
#4203=EDGE_CURVE('',#5602,#5600,#228,.T.);
#4204=EDGE_CURVE('',#5603,#5602,#6628,.T.);
#4205=EDGE_CURVE('',#5603,#5601,#229,.T.);
#4206=EDGE_CURVE('',#5602,#5604,#6629,.T.);
#4207=EDGE_CURVE('',#5605,#5604,#6630,.T.);
#4208=EDGE_CURVE('',#5603,#5605,#6631,.T.);
#4209=EDGE_CURVE('',#5604,#5606,#230,.T.);
#4210=EDGE_CURVE('',#5607,#5606,#6632,.T.);
#4211=EDGE_CURVE('',#5605,#5607,#231,.T.);
#4212=EDGE_CURVE('',#5606,#5608,#6633,.T.);
#4213=EDGE_CURVE('',#5609,#5608,#6634,.T.);
#4214=EDGE_CURVE('',#5607,#5609,#6635,.T.);
#4215=EDGE_CURVE('',#5610,#5611,#232,.T.);
#4216=EDGE_CURVE('',#5612,#5610,#6636,.T.);
#4217=EDGE_CURVE('',#5612,#5613,#233,.T.);
#4218=EDGE_CURVE('',#5613,#5611,#6637,.T.);
#4219=EDGE_CURVE('',#5614,#5610,#6638,.T.);
#4220=EDGE_CURVE('',#5615,#5614,#6639,.T.);
#4221=EDGE_CURVE('',#5615,#5612,#6640,.T.);
#4222=EDGE_CURVE('',#5616,#5614,#234,.T.);
#4223=EDGE_CURVE('',#5617,#5616,#6641,.T.);
#4224=EDGE_CURVE('',#5617,#5615,#235,.T.);
#4225=EDGE_CURVE('',#5618,#5616,#6642,.T.);
#4226=EDGE_CURVE('',#5619,#5618,#6643,.T.);
#4227=EDGE_CURVE('',#5619,#5617,#6644,.T.);
#4228=EDGE_CURVE('',#5620,#5618,#236,.T.);
#4229=EDGE_CURVE('',#5621,#5620,#6645,.T.);
#4230=EDGE_CURVE('',#5621,#5619,#237,.T.);
#4231=EDGE_CURVE('',#5622,#5620,#6646,.T.);
#4232=EDGE_CURVE('',#5623,#5622,#6647,.T.);
#4233=EDGE_CURVE('',#5623,#5621,#6648,.T.);
#4234=EDGE_CURVE('',#5624,#5622,#238,.T.);
#4235=EDGE_CURVE('',#5625,#5624,#6649,.T.);
#4236=EDGE_CURVE('',#5625,#5623,#239,.T.);
#4237=EDGE_CURVE('',#5626,#5627,#240,.T.);
#4238=EDGE_CURVE('',#5628,#5626,#6650,.T.);
#4239=EDGE_CURVE('',#5628,#5629,#241,.T.);
#4240=EDGE_CURVE('',#5629,#5627,#6651,.T.);
#4241=EDGE_CURVE('',#5630,#5626,#6652,.T.);
#4242=EDGE_CURVE('',#5631,#5630,#6653,.T.);
#4243=EDGE_CURVE('',#5631,#5628,#6654,.T.);
#4244=EDGE_CURVE('',#5632,#5630,#242,.T.);
#4245=EDGE_CURVE('',#5633,#5632,#6655,.T.);
#4246=EDGE_CURVE('',#5633,#5631,#243,.T.);
#4247=EDGE_CURVE('',#5634,#5632,#6656,.T.);
#4248=EDGE_CURVE('',#5635,#5634,#6657,.T.);
#4249=EDGE_CURVE('',#5635,#5633,#6658,.T.);
#4250=EDGE_CURVE('',#5636,#5634,#244,.T.);
#4251=EDGE_CURVE('',#5637,#5636,#6659,.T.);
#4252=EDGE_CURVE('',#5637,#5635,#245,.T.);
#4253=EDGE_CURVE('',#5638,#5636,#6660,.T.);
#4254=EDGE_CURVE('',#5639,#5638,#6661,.T.);
#4255=EDGE_CURVE('',#5639,#5637,#6662,.T.);
#4256=EDGE_CURVE('',#5640,#5638,#246,.T.);
#4257=EDGE_CURVE('',#5641,#5640,#6663,.T.);
#4258=EDGE_CURVE('',#5641,#5639,#247,.T.);
#4259=EDGE_CURVE('',#5642,#5643,#248,.T.);
#4260=EDGE_CURVE('',#5644,#5642,#6664,.T.);
#4261=EDGE_CURVE('',#5644,#5645,#249,.T.);
#4262=EDGE_CURVE('',#5645,#5643,#6665,.T.);
#4263=EDGE_CURVE('',#5646,#5642,#6666,.T.);
#4264=EDGE_CURVE('',#5647,#5646,#6667,.T.);
#4265=EDGE_CURVE('',#5647,#5644,#6668,.T.);
#4266=EDGE_CURVE('',#5648,#5646,#250,.T.);
#4267=EDGE_CURVE('',#5649,#5648,#6669,.T.);
#4268=EDGE_CURVE('',#5649,#5647,#251,.T.);
#4269=EDGE_CURVE('',#5650,#5648,#6670,.T.);
#4270=EDGE_CURVE('',#5651,#5650,#6671,.T.);
#4271=EDGE_CURVE('',#5651,#5649,#6672,.T.);
#4272=EDGE_CURVE('',#5652,#5650,#252,.T.);
#4273=EDGE_CURVE('',#5653,#5652,#6673,.T.);
#4274=EDGE_CURVE('',#5653,#5651,#253,.T.);
#4275=EDGE_CURVE('',#5654,#5652,#6674,.T.);
#4276=EDGE_CURVE('',#5655,#5654,#6675,.T.);
#4277=EDGE_CURVE('',#5655,#5653,#6676,.T.);
#4278=EDGE_CURVE('',#5656,#5654,#254,.T.);
#4279=EDGE_CURVE('',#5657,#5656,#6677,.T.);
#4280=EDGE_CURVE('',#5657,#5655,#255,.T.);
#4281=EDGE_CURVE('',#5658,#5659,#256,.T.);
#4282=EDGE_CURVE('',#5660,#5658,#6678,.T.);
#4283=EDGE_CURVE('',#5660,#5661,#257,.T.);
#4284=EDGE_CURVE('',#5661,#5659,#6679,.T.);
#4285=EDGE_CURVE('',#5662,#5658,#6680,.T.);
#4286=EDGE_CURVE('',#5663,#5662,#6681,.T.);
#4287=EDGE_CURVE('',#5663,#5660,#6682,.T.);
#4288=EDGE_CURVE('',#5664,#5662,#258,.T.);
#4289=EDGE_CURVE('',#5665,#5664,#6683,.T.);
#4290=EDGE_CURVE('',#5665,#5663,#259,.T.);
#4291=EDGE_CURVE('',#5666,#5664,#6684,.T.);
#4292=EDGE_CURVE('',#5667,#5666,#6685,.T.);
#4293=EDGE_CURVE('',#5667,#5665,#6686,.T.);
#4294=EDGE_CURVE('',#5668,#5666,#260,.T.);
#4295=EDGE_CURVE('',#5669,#5668,#6687,.T.);
#4296=EDGE_CURVE('',#5669,#5667,#261,.T.);
#4297=EDGE_CURVE('',#5670,#5668,#6688,.T.);
#4298=EDGE_CURVE('',#5671,#5670,#6689,.T.);
#4299=EDGE_CURVE('',#5671,#5669,#6690,.T.);
#4300=EDGE_CURVE('',#5672,#5670,#262,.T.);
#4301=EDGE_CURVE('',#5673,#5672,#6691,.T.);
#4302=EDGE_CURVE('',#5673,#5671,#263,.T.);
#4303=EDGE_CURVE('',#5674,#5675,#264,.T.);
#4304=EDGE_CURVE('',#5676,#5674,#6692,.T.);
#4305=EDGE_CURVE('',#5676,#5677,#265,.T.);
#4306=EDGE_CURVE('',#5677,#5675,#6693,.T.);
#4307=EDGE_CURVE('',#5678,#5674,#6694,.T.);
#4308=EDGE_CURVE('',#5679,#5678,#6695,.T.);
#4309=EDGE_CURVE('',#5679,#5676,#6696,.T.);
#4310=EDGE_CURVE('',#5680,#5678,#6697,.T.);
#4311=EDGE_CURVE('',#5681,#5680,#6698,.T.);
#4312=EDGE_CURVE('',#5681,#5679,#6699,.T.);
#4313=EDGE_CURVE('',#5682,#5680,#266,.T.);
#4314=EDGE_CURVE('',#5683,#5682,#6700,.T.);
#4315=EDGE_CURVE('',#5683,#5681,#267,.T.);
#4316=EDGE_CURVE('',#5684,#5682,#6701,.T.);
#4317=EDGE_CURVE('',#5685,#5684,#6702,.T.);
#4318=EDGE_CURVE('',#5685,#5683,#6703,.T.);
#4319=EDGE_CURVE('',#5686,#5684,#268,.T.);
#4320=EDGE_CURVE('',#5687,#5686,#6704,.T.);
#4321=EDGE_CURVE('',#5687,#5685,#269,.T.);
#4322=EDGE_CURVE('',#5688,#5686,#6705,.T.);
#4323=EDGE_CURVE('',#5689,#5688,#6706,.T.);
#4324=EDGE_CURVE('',#5689,#5687,#6707,.T.);
#4325=EDGE_CURVE('',#5690,#5688,#270,.T.);
#4326=EDGE_CURVE('',#5691,#5690,#6708,.T.);
#4327=EDGE_CURVE('',#5691,#5689,#271,.T.);
#4328=EDGE_CURVE('',#5692,#5690,#6709,.T.);
#4329=EDGE_CURVE('',#5693,#5692,#6710,.T.);
#4330=EDGE_CURVE('',#5693,#5691,#6711,.T.);
#4331=EDGE_CURVE('',#5694,#5692,#6712,.T.);
#4332=EDGE_CURVE('',#5695,#5694,#6713,.T.);
#4333=EDGE_CURVE('',#5695,#5693,#6714,.T.);
#4334=EDGE_CURVE('',#5696,#5694,#272,.T.);
#4335=EDGE_CURVE('',#5697,#5696,#6715,.T.);
#4336=EDGE_CURVE('',#5697,#5695,#273,.T.);
#4337=EDGE_CURVE('',#5698,#5696,#6716,.T.);
#4338=EDGE_CURVE('',#5699,#5698,#6717,.T.);
#4339=EDGE_CURVE('',#5699,#5697,#6718,.T.);
#4340=EDGE_CURVE('',#5700,#5698,#6719,.T.);
#4341=EDGE_CURVE('',#5701,#5700,#6720,.T.);
#4342=EDGE_CURVE('',#5701,#5699,#6721,.T.);
#4343=EDGE_CURVE('',#5702,#5700,#274,.T.);
#4344=EDGE_CURVE('',#5703,#5702,#6722,.T.);
#4345=EDGE_CURVE('',#5703,#5701,#275,.T.);
#4346=EDGE_CURVE('',#5704,#5702,#6723,.T.);
#4347=EDGE_CURVE('',#5705,#5704,#6724,.T.);
#4348=EDGE_CURVE('',#5705,#5703,#6725,.T.);
#4349=EDGE_CURVE('',#5706,#5704,#276,.T.);
#4350=EDGE_CURVE('',#5707,#5706,#6726,.T.);
#4351=EDGE_CURVE('',#5707,#5705,#277,.T.);
#4352=EDGE_CURVE('',#5708,#5706,#6727,.T.);
#4353=EDGE_CURVE('',#5709,#5708,#6728,.T.);
#4354=EDGE_CURVE('',#5709,#5707,#6729,.T.);
#4355=EDGE_CURVE('',#5710,#5708,#278,.T.);
#4356=EDGE_CURVE('',#5711,#5710,#6730,.T.);
#4357=EDGE_CURVE('',#5711,#5709,#279,.T.);
#4358=EDGE_CURVE('',#5712,#5710,#6731,.T.);
#4359=EDGE_CURVE('',#5713,#5712,#6732,.T.);
#4360=EDGE_CURVE('',#5713,#5711,#6733,.T.);
#4361=EDGE_CURVE('',#5714,#5712,#6734,.T.);
#4362=EDGE_CURVE('',#5715,#5714,#6735,.T.);
#4363=EDGE_CURVE('',#5715,#5713,#6736,.T.);
#4364=EDGE_CURVE('',#5716,#5714,#280,.T.);
#4365=EDGE_CURVE('',#5717,#5716,#6737,.T.);
#4366=EDGE_CURVE('',#5717,#5715,#281,.T.);
#4367=EDGE_CURVE('',#5718,#5716,#6738,.T.);
#4368=EDGE_CURVE('',#5719,#5718,#6739,.T.);
#4369=EDGE_CURVE('',#5719,#5717,#6740,.T.);
#4370=EDGE_CURVE('',#5720,#5718,#6741,.T.);
#4371=EDGE_CURVE('',#5721,#5720,#6742,.T.);
#4372=EDGE_CURVE('',#5721,#5719,#6743,.T.);
#4373=EDGE_CURVE('',#5722,#5720,#282,.T.);
#4374=EDGE_CURVE('',#5723,#5722,#6744,.T.);
#4375=EDGE_CURVE('',#5723,#5721,#283,.T.);
#4376=EDGE_CURVE('',#5724,#5722,#6745,.T.);
#4377=EDGE_CURVE('',#5725,#5724,#6746,.T.);
#4378=EDGE_CURVE('',#5725,#5723,#6747,.T.);
#4379=EDGE_CURVE('',#5726,#5724,#284,.T.);
#4380=EDGE_CURVE('',#5727,#5726,#6748,.T.);
#4381=EDGE_CURVE('',#5727,#5725,#285,.T.);
#4382=EDGE_CURVE('',#5728,#5726,#6749,.T.);
#4383=EDGE_CURVE('',#5729,#5728,#6750,.T.);
#4384=EDGE_CURVE('',#5729,#5727,#6751,.T.);
#4385=EDGE_CURVE('',#5730,#5728,#286,.T.);
#4386=EDGE_CURVE('',#5731,#5730,#6752,.T.);
#4387=EDGE_CURVE('',#5731,#5729,#287,.T.);
#4388=EDGE_CURVE('',#5732,#5730,#6753,.T.);
#4389=EDGE_CURVE('',#5733,#5732,#6754,.T.);
#4390=EDGE_CURVE('',#5733,#5731,#6755,.T.);
#4391=EDGE_CURVE('',#5734,#5732,#6756,.T.);
#4392=EDGE_CURVE('',#5735,#5734,#6757,.T.);
#4393=EDGE_CURVE('',#5735,#5733,#6758,.T.);
#4394=EDGE_CURVE('',#5736,#5734,#288,.T.);
#4395=EDGE_CURVE('',#5737,#5736,#6759,.T.);
#4396=EDGE_CURVE('',#5737,#5735,#289,.T.);
#4397=EDGE_CURVE('',#5738,#5736,#6760,.T.);
#4398=EDGE_CURVE('',#5739,#5738,#6761,.T.);
#4399=EDGE_CURVE('',#5739,#5737,#6762,.T.);
#4400=EDGE_CURVE('',#5740,#5738,#6763,.T.);
#4401=EDGE_CURVE('',#5741,#5740,#6764,.T.);
#4402=EDGE_CURVE('',#5741,#5739,#6765,.T.);
#4403=EDGE_CURVE('',#5742,#5740,#290,.T.);
#4404=EDGE_CURVE('',#5743,#5742,#6766,.T.);
#4405=EDGE_CURVE('',#5743,#5741,#291,.T.);
#4406=EDGE_CURVE('',#5744,#5742,#6767,.T.);
#4407=EDGE_CURVE('',#5745,#5744,#6768,.T.);
#4408=EDGE_CURVE('',#5745,#5743,#6769,.T.);
#4409=EDGE_CURVE('',#5746,#5744,#292,.T.);
#4410=EDGE_CURVE('',#5747,#5746,#6770,.T.);
#4411=EDGE_CURVE('',#5747,#5745,#293,.T.);
#4412=EDGE_CURVE('',#5748,#5746,#6771,.T.);
#4413=EDGE_CURVE('',#5749,#5748,#6772,.T.);
#4414=EDGE_CURVE('',#5749,#5747,#6773,.T.);
#4415=EDGE_CURVE('',#5750,#5748,#294,.T.);
#4416=EDGE_CURVE('',#5751,#5750,#6774,.T.);
#4417=EDGE_CURVE('',#5751,#5749,#295,.T.);
#4418=EDGE_CURVE('',#5752,#5750,#6775,.T.);
#4419=EDGE_CURVE('',#5753,#5752,#6776,.T.);
#4420=EDGE_CURVE('',#5753,#5751,#6777,.T.);
#4421=EDGE_CURVE('',#5611,#5624,#6778,.T.);
#4422=EDGE_CURVE('',#5613,#5625,#6779,.T.);
#4423=EDGE_CURVE('',#5627,#5640,#6780,.T.);
#4424=EDGE_CURVE('',#5629,#5641,#6781,.T.);
#4425=EDGE_CURVE('',#5643,#5656,#6782,.T.);
#4426=EDGE_CURVE('',#5645,#5657,#6783,.T.);
#4427=EDGE_CURVE('',#5659,#5672,#6784,.T.);
#4428=EDGE_CURVE('',#5661,#5673,#6785,.T.);
#4429=EDGE_CURVE('',#5675,#5752,#6786,.T.);
#4430=EDGE_CURVE('',#5677,#5753,#6787,.T.);
#4431=EDGE_CURVE('',#5608,#5370,#296,.T.);
#4432=EDGE_CURVE('',#5609,#5373,#297,.T.);
#4433=EDGE_CURVE('',#5754,#5755,#6788,.T.);
#4434=EDGE_CURVE('',#5756,#5755,#6789,.T.);
#4435=EDGE_CURVE('',#5757,#5756,#6790,.T.);
#4436=EDGE_CURVE('',#5757,#5754,#6791,.T.);
#4437=EDGE_CURVE('',#5755,#5758,#298,.T.);
#4438=EDGE_CURVE('',#5759,#5758,#6792,.T.);
#4439=EDGE_CURVE('',#5756,#5759,#299,.T.);
#4440=EDGE_CURVE('',#5758,#5760,#6793,.T.);
#4441=EDGE_CURVE('',#5761,#5760,#6794,.T.);
#4442=EDGE_CURVE('',#5759,#5761,#6795,.T.);
#4443=EDGE_CURVE('',#5760,#5762,#300,.T.);
#4444=EDGE_CURVE('',#5763,#5762,#6796,.T.);
#4445=EDGE_CURVE('',#5761,#5763,#301,.T.);
#4446=EDGE_CURVE('',#5762,#5764,#6797,.T.);
#4447=EDGE_CURVE('',#5765,#5764,#6798,.T.);
#4448=EDGE_CURVE('',#5763,#5765,#6799,.T.);
#4449=EDGE_CURVE('',#5764,#5766,#302,.T.);
#4450=EDGE_CURVE('',#5767,#5766,#6800,.T.);
#4451=EDGE_CURVE('',#5765,#5767,#303,.T.);
#4452=EDGE_CURVE('',#5766,#5768,#6801,.T.);
#4453=EDGE_CURVE('',#5769,#5768,#6802,.T.);
#4454=EDGE_CURVE('',#5767,#5769,#6803,.T.);
#4455=EDGE_CURVE('',#5768,#5770,#304,.T.);
#4456=EDGE_CURVE('',#5771,#5770,#6804,.T.);
#4457=EDGE_CURVE('',#5769,#5771,#305,.T.);
#4458=EDGE_CURVE('',#5770,#5772,#6805,.T.);
#4459=EDGE_CURVE('',#5773,#5772,#6806,.T.);
#4460=EDGE_CURVE('',#5771,#5773,#6807,.T.);
#4461=EDGE_CURVE('',#5772,#5774,#306,.T.);
#4462=EDGE_CURVE('',#5775,#5774,#6808,.T.);
#4463=EDGE_CURVE('',#5773,#5775,#307,.T.);
#4464=EDGE_CURVE('',#5774,#5776,#6809,.T.);
#4465=EDGE_CURVE('',#5777,#5776,#6810,.T.);
#4466=EDGE_CURVE('',#5775,#5777,#6811,.T.);
#4467=EDGE_CURVE('',#5778,#5776,#308,.T.);
#4468=EDGE_CURVE('',#5779,#5778,#6812,.T.);
#4469=EDGE_CURVE('',#5779,#5777,#309,.T.);
#4470=EDGE_CURVE('',#5778,#5780,#6813,.T.);
#4471=EDGE_CURVE('',#5781,#5780,#6814,.T.);
#4472=EDGE_CURVE('',#5779,#5781,#6815,.T.);
#4473=EDGE_CURVE('',#5782,#5780,#310,.T.);
#4474=EDGE_CURVE('',#5783,#5782,#6816,.T.);
#4475=EDGE_CURVE('',#5783,#5781,#311,.T.);
#4476=EDGE_CURVE('',#5782,#5784,#6817,.T.);
#4477=EDGE_CURVE('',#5785,#5784,#6818,.T.);
#4478=EDGE_CURVE('',#5783,#5785,#6819,.T.);
#4479=EDGE_CURVE('',#5786,#5784,#312,.T.);
#4480=EDGE_CURVE('',#5787,#5786,#6820,.T.);
#4481=EDGE_CURVE('',#5787,#5785,#313,.T.);
#4482=EDGE_CURVE('',#5786,#5788,#6821,.T.);
#4483=EDGE_CURVE('',#5789,#5788,#6822,.T.);
#4484=EDGE_CURVE('',#5787,#5789,#6823,.T.);
#4485=EDGE_CURVE('',#5790,#5788,#314,.T.);
#4486=EDGE_CURVE('',#5791,#5790,#6824,.T.);
#4487=EDGE_CURVE('',#5791,#5789,#315,.T.);
#4488=EDGE_CURVE('',#5790,#5792,#6825,.T.);
#4489=EDGE_CURVE('',#5793,#5792,#6826,.T.);
#4490=EDGE_CURVE('',#5791,#5793,#6827,.T.);
#4491=EDGE_CURVE('',#5794,#5792,#316,.T.);
#4492=EDGE_CURVE('',#5795,#5794,#6828,.T.);
#4493=EDGE_CURVE('',#5795,#5793,#317,.T.);
#4494=EDGE_CURVE('',#5794,#5796,#6829,.T.);
#4495=EDGE_CURVE('',#5797,#5796,#6830,.T.);
#4496=EDGE_CURVE('',#5795,#5797,#6831,.T.);
#4497=EDGE_CURVE('',#5798,#5796,#318,.T.);
#4498=EDGE_CURVE('',#5799,#5798,#6832,.T.);
#4499=EDGE_CURVE('',#5799,#5797,#319,.T.);
#4500=EDGE_CURVE('',#5798,#5800,#6833,.T.);
#4501=EDGE_CURVE('',#5801,#5800,#6834,.T.);
#4502=EDGE_CURVE('',#5799,#5801,#6835,.T.);
#4503=EDGE_CURVE('',#5802,#5800,#320,.T.);
#4504=EDGE_CURVE('',#5803,#5802,#6836,.T.);
#4505=EDGE_CURVE('',#5803,#5801,#321,.T.);
#4506=EDGE_CURVE('',#5802,#5804,#6837,.T.);
#4507=EDGE_CURVE('',#5805,#5804,#6838,.T.);
#4508=EDGE_CURVE('',#5803,#5805,#6839,.T.);
#4509=EDGE_CURVE('',#5806,#5804,#322,.T.);
#4510=EDGE_CURVE('',#5807,#5806,#6840,.T.);
#4511=EDGE_CURVE('',#5807,#5805,#323,.T.);
#4512=EDGE_CURVE('',#5806,#5808,#6841,.T.);
#4513=EDGE_CURVE('',#5809,#5808,#6842,.T.);
#4514=EDGE_CURVE('',#5807,#5809,#6843,.T.);
#4515=EDGE_CURVE('',#5808,#5810,#324,.T.);
#4516=EDGE_CURVE('',#5811,#5810,#6844,.T.);
#4517=EDGE_CURVE('',#5809,#5811,#325,.T.);
#4518=EDGE_CURVE('',#5810,#5812,#6845,.T.);
#4519=EDGE_CURVE('',#5813,#5812,#6846,.T.);
#4520=EDGE_CURVE('',#5811,#5813,#6847,.T.);
#4521=EDGE_CURVE('',#5812,#5814,#326,.T.);
#4522=EDGE_CURVE('',#5815,#5814,#6848,.T.);
#4523=EDGE_CURVE('',#5813,#5815,#327,.T.);
#4524=EDGE_CURVE('',#5814,#5816,#6849,.T.);
#4525=EDGE_CURVE('',#5817,#5816,#6850,.T.);
#4526=EDGE_CURVE('',#5815,#5817,#6851,.T.);
#4527=EDGE_CURVE('',#5816,#5818,#328,.T.);
#4528=EDGE_CURVE('',#5819,#5818,#6852,.T.);
#4529=EDGE_CURVE('',#5817,#5819,#329,.T.);
#4530=EDGE_CURVE('',#5818,#5820,#6853,.T.);
#4531=EDGE_CURVE('',#5821,#5820,#6854,.T.);
#4532=EDGE_CURVE('',#5819,#5821,#6855,.T.);
#4533=EDGE_CURVE('',#5820,#5822,#330,.T.);
#4534=EDGE_CURVE('',#5823,#5822,#6856,.T.);
#4535=EDGE_CURVE('',#5821,#5823,#331,.T.);
#4536=EDGE_CURVE('',#5822,#5824,#6857,.T.);
#4537=EDGE_CURVE('',#5825,#5824,#6858,.T.);
#4538=EDGE_CURVE('',#5823,#5825,#6859,.T.);
#4539=EDGE_CURVE('',#5824,#5826,#332,.T.);
#4540=EDGE_CURVE('',#5827,#5826,#6860,.T.);
#4541=EDGE_CURVE('',#5825,#5827,#333,.T.);
#4542=EDGE_CURVE('',#5826,#5828,#6861,.T.);
#4543=EDGE_CURVE('',#5829,#5828,#6862,.T.);
#4544=EDGE_CURVE('',#5827,#5829,#6863,.T.);
#4545=EDGE_CURVE('',#5828,#5830,#334,.T.);
#4546=EDGE_CURVE('',#5831,#5830,#6864,.T.);
#4547=EDGE_CURVE('',#5829,#5831,#335,.T.);
#4548=EDGE_CURVE('',#5830,#5832,#6865,.T.);
#4549=EDGE_CURVE('',#5833,#5832,#6866,.T.);
#4550=EDGE_CURVE('',#5831,#5833,#6867,.T.);
#4551=EDGE_CURVE('',#5832,#5834,#336,.T.);
#4552=EDGE_CURVE('',#5835,#5834,#6868,.T.);
#4553=EDGE_CURVE('',#5833,#5835,#337,.T.);
#4554=EDGE_CURVE('',#5834,#5836,#6869,.T.);
#4555=EDGE_CURVE('',#5837,#5836,#6870,.T.);
#4556=EDGE_CURVE('',#5835,#5837,#6871,.T.);
#4557=EDGE_CURVE('',#5838,#5836,#338,.T.);
#4558=EDGE_CURVE('',#5839,#5838,#6872,.T.);
#4559=EDGE_CURVE('',#5839,#5837,#339,.T.);
#4560=EDGE_CURVE('',#5838,#5840,#6873,.T.);
#4561=EDGE_CURVE('',#5841,#5840,#6874,.T.);
#4562=EDGE_CURVE('',#5839,#5841,#6875,.T.);
#4563=EDGE_CURVE('',#5842,#5840,#340,.T.);
#4564=EDGE_CURVE('',#5843,#5842,#6876,.T.);
#4565=EDGE_CURVE('',#5843,#5841,#341,.T.);
#4566=EDGE_CURVE('',#5842,#5844,#6877,.T.);
#4567=EDGE_CURVE('',#5845,#5844,#6878,.T.);
#4568=EDGE_CURVE('',#5843,#5845,#6879,.T.);
#4569=EDGE_CURVE('',#5846,#5844,#342,.T.);
#4570=EDGE_CURVE('',#5847,#5846,#6880,.T.);
#4571=EDGE_CURVE('',#5847,#5845,#343,.T.);
#4572=EDGE_CURVE('',#5846,#5848,#6881,.T.);
#4573=EDGE_CURVE('',#5849,#5848,#6882,.T.);
#4574=EDGE_CURVE('',#5847,#5849,#6883,.T.);
#4575=EDGE_CURVE('',#5850,#5848,#344,.T.);
#4576=EDGE_CURVE('',#5851,#5850,#6884,.T.);
#4577=EDGE_CURVE('',#5851,#5849,#345,.T.);
#4578=EDGE_CURVE('',#5850,#5852,#6885,.T.);
#4579=EDGE_CURVE('',#5853,#5852,#6886,.T.);
#4580=EDGE_CURVE('',#5851,#5853,#6887,.T.);
#4581=EDGE_CURVE('',#5854,#5852,#346,.T.);
#4582=EDGE_CURVE('',#5855,#5854,#6888,.T.);
#4583=EDGE_CURVE('',#5855,#5853,#347,.T.);
#4584=EDGE_CURVE('',#5854,#5856,#6889,.T.);
#4585=EDGE_CURVE('',#5857,#5856,#6890,.T.);
#4586=EDGE_CURVE('',#5855,#5857,#6891,.T.);
#4587=EDGE_CURVE('',#5858,#5856,#348,.T.);
#4588=EDGE_CURVE('',#5859,#5858,#6892,.T.);
#4589=EDGE_CURVE('',#5859,#5857,#349,.T.);
#4590=EDGE_CURVE('',#5858,#5860,#6893,.T.);
#4591=EDGE_CURVE('',#5861,#5860,#6894,.T.);
#4592=EDGE_CURVE('',#5859,#5861,#6895,.T.);
#4593=EDGE_CURVE('',#5862,#5860,#350,.T.);
#4594=EDGE_CURVE('',#5863,#5862,#6896,.T.);
#4595=EDGE_CURVE('',#5863,#5861,#351,.T.);
#4596=EDGE_CURVE('',#5862,#5864,#6897,.T.);
#4597=EDGE_CURVE('',#5865,#5864,#6898,.T.);
#4598=EDGE_CURVE('',#5863,#5865,#6899,.T.);
#4599=EDGE_CURVE('',#5866,#5864,#352,.T.);
#4600=EDGE_CURVE('',#5867,#5866,#6900,.T.);
#4601=EDGE_CURVE('',#5867,#5865,#353,.T.);
#4602=EDGE_CURVE('',#5866,#5868,#6901,.T.);
#4603=EDGE_CURVE('',#5869,#5868,#6902,.T.);
#4604=EDGE_CURVE('',#5867,#5869,#6903,.T.);
#4605=EDGE_CURVE('',#5868,#5870,#354,.T.);
#4606=EDGE_CURVE('',#5871,#5870,#6904,.T.);
#4607=EDGE_CURVE('',#5869,#5871,#355,.T.);
#4608=EDGE_CURVE('',#5870,#5872,#6905,.T.);
#4609=EDGE_CURVE('',#5873,#5872,#6906,.T.);
#4610=EDGE_CURVE('',#5871,#5873,#6907,.T.);
#4611=EDGE_CURVE('',#5872,#5874,#356,.T.);
#4612=EDGE_CURVE('',#5875,#5874,#6908,.T.);
#4613=EDGE_CURVE('',#5873,#5875,#357,.T.);
#4614=EDGE_CURVE('',#5874,#5876,#6909,.T.);
#4615=EDGE_CURVE('',#5877,#5876,#6910,.T.);
#4616=EDGE_CURVE('',#5875,#5877,#6911,.T.);
#4617=EDGE_CURVE('',#5876,#5878,#358,.T.);
#4618=EDGE_CURVE('',#5879,#5878,#6912,.T.);
#4619=EDGE_CURVE('',#5877,#5879,#359,.T.);
#4620=EDGE_CURVE('',#5878,#5880,#6913,.T.);
#4621=EDGE_CURVE('',#5881,#5880,#6914,.T.);
#4622=EDGE_CURVE('',#5879,#5881,#6915,.T.);
#4623=EDGE_CURVE('',#5880,#5882,#360,.T.);
#4624=EDGE_CURVE('',#5883,#5882,#6916,.T.);
#4625=EDGE_CURVE('',#5881,#5883,#361,.T.);
#4626=EDGE_CURVE('',#5882,#5884,#6917,.T.);
#4627=EDGE_CURVE('',#5885,#5884,#6918,.T.);
#4628=EDGE_CURVE('',#5883,#5885,#6919,.T.);
#4629=EDGE_CURVE('',#5884,#5886,#362,.T.);
#4630=EDGE_CURVE('',#5887,#5886,#6920,.T.);
#4631=EDGE_CURVE('',#5885,#5887,#363,.T.);
#4632=EDGE_CURVE('',#5886,#5888,#6921,.T.);
#4633=EDGE_CURVE('',#5889,#5888,#6922,.T.);
#4634=EDGE_CURVE('',#5887,#5889,#6923,.T.);
#4635=EDGE_CURVE('',#5888,#5890,#364,.T.);
#4636=EDGE_CURVE('',#5891,#5890,#6924,.T.);
#4637=EDGE_CURVE('',#5889,#5891,#365,.T.);
#4638=EDGE_CURVE('',#5890,#5892,#6925,.T.);
#4639=EDGE_CURVE('',#5893,#5892,#6926,.T.);
#4640=EDGE_CURVE('',#5891,#5893,#6927,.T.);
#4641=EDGE_CURVE('',#5892,#5894,#366,.T.);
#4642=EDGE_CURVE('',#5895,#5894,#6928,.T.);
#4643=EDGE_CURVE('',#5893,#5895,#367,.T.);
#4644=EDGE_CURVE('',#5894,#5896,#6929,.T.);
#4645=EDGE_CURVE('',#5897,#5896,#6930,.T.);
#4646=EDGE_CURVE('',#5895,#5897,#6931,.T.);
#4647=EDGE_CURVE('',#5898,#5896,#368,.T.);
#4648=EDGE_CURVE('',#5899,#5898,#6932,.T.);
#4649=EDGE_CURVE('',#5899,#5897,#369,.T.);
#4650=EDGE_CURVE('',#5898,#5900,#6933,.T.);
#4651=EDGE_CURVE('',#5901,#5900,#6934,.T.);
#4652=EDGE_CURVE('',#5899,#5901,#6935,.T.);
#4653=EDGE_CURVE('',#5902,#5900,#370,.T.);
#4654=EDGE_CURVE('',#5903,#5902,#6936,.T.);
#4655=EDGE_CURVE('',#5903,#5901,#371,.T.);
#4656=EDGE_CURVE('',#5902,#5904,#6937,.T.);
#4657=EDGE_CURVE('',#5905,#5904,#6938,.T.);
#4658=EDGE_CURVE('',#5903,#5905,#6939,.T.);
#4659=EDGE_CURVE('',#5906,#5904,#372,.T.);
#4660=EDGE_CURVE('',#5907,#5906,#6940,.T.);
#4661=EDGE_CURVE('',#5907,#5905,#373,.T.);
#4662=EDGE_CURVE('',#5906,#5908,#6941,.T.);
#4663=EDGE_CURVE('',#5909,#5908,#6942,.T.);
#4664=EDGE_CURVE('',#5907,#5909,#6943,.T.);
#4665=EDGE_CURVE('',#5910,#5908,#374,.T.);
#4666=EDGE_CURVE('',#5911,#5910,#6944,.T.);
#4667=EDGE_CURVE('',#5911,#5909,#375,.T.);
#4668=EDGE_CURVE('',#5910,#5912,#6945,.T.);
#4669=EDGE_CURVE('',#5913,#5912,#6946,.T.);
#4670=EDGE_CURVE('',#5911,#5913,#6947,.T.);
#4671=EDGE_CURVE('',#5914,#5912,#376,.T.);
#4672=EDGE_CURVE('',#5915,#5914,#6948,.T.);
#4673=EDGE_CURVE('',#5915,#5913,#377,.T.);
#4674=EDGE_CURVE('',#5914,#5916,#6949,.T.);
#4675=EDGE_CURVE('',#5917,#5916,#6950,.T.);
#4676=EDGE_CURVE('',#5915,#5917,#6951,.T.);
#4677=EDGE_CURVE('',#5918,#5916,#378,.T.);
#4678=EDGE_CURVE('',#5919,#5918,#6952,.T.);
#4679=EDGE_CURVE('',#5919,#5917,#379,.T.);
#4680=EDGE_CURVE('',#5918,#5920,#6953,.T.);
#4681=EDGE_CURVE('',#5921,#5920,#6954,.T.);
#4682=EDGE_CURVE('',#5919,#5921,#6955,.T.);
#4683=EDGE_CURVE('',#5922,#5920,#380,.T.);
#4684=EDGE_CURVE('',#5923,#5922,#6956,.T.);
#4685=EDGE_CURVE('',#5923,#5921,#381,.T.);
#4686=EDGE_CURVE('',#5922,#5924,#6957,.T.);
#4687=EDGE_CURVE('',#5925,#5924,#6958,.T.);
#4688=EDGE_CURVE('',#5923,#5925,#6959,.T.);
#4689=EDGE_CURVE('',#5926,#5924,#382,.T.);
#4690=EDGE_CURVE('',#5927,#5926,#6960,.T.);
#4691=EDGE_CURVE('',#5927,#5925,#383,.T.);
#4692=EDGE_CURVE('',#5926,#5928,#6961,.T.);
#4693=EDGE_CURVE('',#5929,#5928,#6962,.T.);
#4694=EDGE_CURVE('',#5927,#5929,#6963,.T.);
#4695=EDGE_CURVE('',#5928,#5930,#384,.T.);
#4696=EDGE_CURVE('',#5931,#5930,#6964,.T.);
#4697=EDGE_CURVE('',#5929,#5931,#385,.T.);
#4698=EDGE_CURVE('',#5930,#5932,#6965,.T.);
#4699=EDGE_CURVE('',#5933,#5932,#6966,.T.);
#4700=EDGE_CURVE('',#5931,#5933,#6967,.T.);
#4701=EDGE_CURVE('',#5932,#5934,#386,.T.);
#4702=EDGE_CURVE('',#5935,#5934,#6968,.T.);
#4703=EDGE_CURVE('',#5933,#5935,#387,.T.);
#4704=EDGE_CURVE('',#5934,#5936,#6969,.T.);
#4705=EDGE_CURVE('',#5937,#5936,#6970,.T.);
#4706=EDGE_CURVE('',#5935,#5937,#6971,.T.);
#4707=EDGE_CURVE('',#5936,#5938,#388,.T.);
#4708=EDGE_CURVE('',#5939,#5938,#6972,.T.);
#4709=EDGE_CURVE('',#5937,#5939,#389,.T.);
#4710=EDGE_CURVE('',#5938,#5940,#6973,.T.);
#4711=EDGE_CURVE('',#5941,#5940,#6974,.T.);
#4712=EDGE_CURVE('',#5939,#5941,#6975,.T.);
#4713=EDGE_CURVE('',#5940,#5942,#390,.T.);
#4714=EDGE_CURVE('',#5943,#5942,#6976,.T.);
#4715=EDGE_CURVE('',#5941,#5943,#391,.T.);
#4716=EDGE_CURVE('',#5942,#5944,#6977,.T.);
#4717=EDGE_CURVE('',#5945,#5944,#6978,.T.);
#4718=EDGE_CURVE('',#5943,#5945,#6979,.T.);
#4719=EDGE_CURVE('',#5944,#5946,#392,.T.);
#4720=EDGE_CURVE('',#5947,#5946,#6980,.T.);
#4721=EDGE_CURVE('',#5945,#5947,#393,.T.);
#4722=EDGE_CURVE('',#5946,#5948,#6981,.T.);
#4723=EDGE_CURVE('',#5949,#5948,#6982,.T.);
#4724=EDGE_CURVE('',#5947,#5949,#6983,.T.);
#4725=EDGE_CURVE('',#5948,#5950,#394,.T.);
#4726=EDGE_CURVE('',#5951,#5950,#6984,.T.);
#4727=EDGE_CURVE('',#5949,#5951,#395,.T.);
#4728=EDGE_CURVE('',#5950,#5952,#6985,.T.);
#4729=EDGE_CURVE('',#5953,#5952,#6986,.T.);
#4730=EDGE_CURVE('',#5951,#5953,#6987,.T.);
#4731=EDGE_CURVE('',#5952,#5954,#396,.T.);
#4732=EDGE_CURVE('',#5955,#5954,#6988,.T.);
#4733=EDGE_CURVE('',#5953,#5955,#397,.T.);
#4734=EDGE_CURVE('',#5954,#5956,#6989,.T.);
#4735=EDGE_CURVE('',#5957,#5956,#6990,.T.);
#4736=EDGE_CURVE('',#5955,#5957,#6991,.T.);
#4737=EDGE_CURVE('',#5958,#5956,#398,.T.);
#4738=EDGE_CURVE('',#5959,#5958,#6992,.T.);
#4739=EDGE_CURVE('',#5959,#5957,#399,.T.);
#4740=EDGE_CURVE('',#5958,#5960,#6993,.T.);
#4741=EDGE_CURVE('',#5961,#5960,#6994,.T.);
#4742=EDGE_CURVE('',#5959,#5961,#6995,.T.);
#4743=EDGE_CURVE('',#5962,#5960,#400,.T.);
#4744=EDGE_CURVE('',#5963,#5962,#6996,.T.);
#4745=EDGE_CURVE('',#5963,#5961,#401,.T.);
#4746=EDGE_CURVE('',#5962,#5964,#6997,.T.);
#4747=EDGE_CURVE('',#5965,#5964,#6998,.T.);
#4748=EDGE_CURVE('',#5963,#5965,#6999,.T.);
#4749=EDGE_CURVE('',#5966,#5964,#402,.T.);
#4750=EDGE_CURVE('',#5967,#5966,#7000,.T.);
#4751=EDGE_CURVE('',#5967,#5965,#403,.T.);
#4752=EDGE_CURVE('',#5966,#5968,#7001,.T.);
#4753=EDGE_CURVE('',#5969,#5968,#7002,.T.);
#4754=EDGE_CURVE('',#5967,#5969,#7003,.T.);
#4755=EDGE_CURVE('',#5970,#5968,#404,.T.);
#4756=EDGE_CURVE('',#5971,#5970,#7004,.T.);
#4757=EDGE_CURVE('',#5971,#5969,#405,.T.);
#4758=EDGE_CURVE('',#5970,#5972,#7005,.T.);
#4759=EDGE_CURVE('',#5973,#5972,#7006,.T.);
#4760=EDGE_CURVE('',#5971,#5973,#7007,.T.);
#4761=EDGE_CURVE('',#5974,#5972,#406,.T.);
#4762=EDGE_CURVE('',#5975,#5974,#7008,.T.);
#4763=EDGE_CURVE('',#5975,#5973,#407,.T.);
#4764=EDGE_CURVE('',#5974,#5976,#7009,.T.);
#4765=EDGE_CURVE('',#5977,#5976,#7010,.T.);
#4766=EDGE_CURVE('',#5975,#5977,#7011,.T.);
#4767=EDGE_CURVE('',#5978,#5976,#408,.T.);
#4768=EDGE_CURVE('',#5979,#5978,#7012,.T.);
#4769=EDGE_CURVE('',#5979,#5977,#409,.T.);
#4770=EDGE_CURVE('',#5978,#5980,#7013,.T.);
#4771=EDGE_CURVE('',#5981,#5980,#7014,.T.);
#4772=EDGE_CURVE('',#5979,#5981,#7015,.T.);
#4773=EDGE_CURVE('',#5982,#5980,#410,.T.);
#4774=EDGE_CURVE('',#5983,#5982,#7016,.T.);
#4775=EDGE_CURVE('',#5983,#5981,#411,.T.);
#4776=EDGE_CURVE('',#5982,#5984,#7017,.T.);
#4777=EDGE_CURVE('',#5985,#5984,#7018,.T.);
#4778=EDGE_CURVE('',#5983,#5985,#7019,.T.);
#4779=EDGE_CURVE('',#5986,#5984,#412,.T.);
#4780=EDGE_CURVE('',#5987,#5986,#7020,.T.);
#4781=EDGE_CURVE('',#5987,#5985,#413,.T.);
#4782=EDGE_CURVE('',#5986,#5988,#7021,.T.);
#4783=EDGE_CURVE('',#5989,#5988,#7022,.T.);
#4784=EDGE_CURVE('',#5987,#5989,#7023,.T.);
#4785=EDGE_CURVE('',#5988,#5990,#414,.T.);
#4786=EDGE_CURVE('',#5991,#5990,#7024,.T.);
#4787=EDGE_CURVE('',#5989,#5991,#415,.T.);
#4788=EDGE_CURVE('',#5990,#5992,#7025,.T.);
#4789=EDGE_CURVE('',#5993,#5992,#7026,.T.);
#4790=EDGE_CURVE('',#5991,#5993,#7027,.T.);
#4791=EDGE_CURVE('',#5994,#5995,#416,.T.);
#4792=EDGE_CURVE('',#5996,#5994,#7028,.T.);
#4793=EDGE_CURVE('',#5996,#5997,#417,.T.);
#4794=EDGE_CURVE('',#5997,#5995,#7029,.T.);
#4795=EDGE_CURVE('',#5998,#5994,#7030,.T.);
#4796=EDGE_CURVE('',#5999,#5998,#7031,.T.);
#4797=EDGE_CURVE('',#5999,#5996,#7032,.T.);
#4798=EDGE_CURVE('',#6000,#5998,#418,.T.);
#4799=EDGE_CURVE('',#6001,#6000,#7033,.T.);
#4800=EDGE_CURVE('',#6001,#5999,#419,.T.);
#4801=EDGE_CURVE('',#6002,#6000,#7034,.T.);
#4802=EDGE_CURVE('',#6003,#6002,#7035,.T.);
#4803=EDGE_CURVE('',#6003,#6001,#7036,.T.);
#4804=EDGE_CURVE('',#6004,#6002,#420,.T.);
#4805=EDGE_CURVE('',#6005,#6004,#7037,.T.);
#4806=EDGE_CURVE('',#6005,#6003,#421,.T.);
#4807=EDGE_CURVE('',#6006,#6004,#7038,.T.);
#4808=EDGE_CURVE('',#6007,#6006,#7039,.T.);
#4809=EDGE_CURVE('',#6007,#6005,#7040,.T.);
#4810=EDGE_CURVE('',#6008,#6006,#422,.T.);
#4811=EDGE_CURVE('',#6009,#6008,#7041,.T.);
#4812=EDGE_CURVE('',#6009,#6007,#423,.T.);
#4813=EDGE_CURVE('',#6010,#6011,#424,.T.);
#4814=EDGE_CURVE('',#6012,#6010,#7042,.T.);
#4815=EDGE_CURVE('',#6012,#6013,#425,.T.);
#4816=EDGE_CURVE('',#6013,#6011,#7043,.T.);
#4817=EDGE_CURVE('',#6014,#6010,#7044,.T.);
#4818=EDGE_CURVE('',#6015,#6014,#7045,.T.);
#4819=EDGE_CURVE('',#6015,#6012,#7046,.T.);
#4820=EDGE_CURVE('',#6016,#6014,#426,.T.);
#4821=EDGE_CURVE('',#6017,#6016,#7047,.T.);
#4822=EDGE_CURVE('',#6017,#6015,#427,.T.);
#4823=EDGE_CURVE('',#6018,#6016,#7048,.T.);
#4824=EDGE_CURVE('',#6019,#6018,#7049,.T.);
#4825=EDGE_CURVE('',#6019,#6017,#7050,.T.);
#4826=EDGE_CURVE('',#6020,#6018,#428,.T.);
#4827=EDGE_CURVE('',#6021,#6020,#7051,.T.);
#4828=EDGE_CURVE('',#6021,#6019,#429,.T.);
#4829=EDGE_CURVE('',#6022,#6020,#7052,.T.);
#4830=EDGE_CURVE('',#6023,#6022,#7053,.T.);
#4831=EDGE_CURVE('',#6023,#6021,#7054,.T.);
#4832=EDGE_CURVE('',#6024,#6022,#430,.T.);
#4833=EDGE_CURVE('',#6025,#6024,#7055,.T.);
#4834=EDGE_CURVE('',#6025,#6023,#431,.T.);
#4835=EDGE_CURVE('',#6026,#6027,#432,.T.);
#4836=EDGE_CURVE('',#6028,#6026,#7056,.T.);
#4837=EDGE_CURVE('',#6028,#6029,#433,.T.);
#4838=EDGE_CURVE('',#6029,#6027,#7057,.T.);
#4839=EDGE_CURVE('',#6030,#6026,#7058,.T.);
#4840=EDGE_CURVE('',#6031,#6030,#7059,.T.);
#4841=EDGE_CURVE('',#6031,#6028,#7060,.T.);
#4842=EDGE_CURVE('',#6032,#6030,#434,.T.);
#4843=EDGE_CURVE('',#6033,#6032,#7061,.T.);
#4844=EDGE_CURVE('',#6033,#6031,#435,.T.);
#4845=EDGE_CURVE('',#6034,#6032,#7062,.T.);
#4846=EDGE_CURVE('',#6035,#6034,#7063,.T.);
#4847=EDGE_CURVE('',#6035,#6033,#7064,.T.);
#4848=EDGE_CURVE('',#6036,#6034,#436,.T.);
#4849=EDGE_CURVE('',#6037,#6036,#7065,.T.);
#4850=EDGE_CURVE('',#6037,#6035,#437,.T.);
#4851=EDGE_CURVE('',#6038,#6036,#7066,.T.);
#4852=EDGE_CURVE('',#6039,#6038,#7067,.T.);
#4853=EDGE_CURVE('',#6039,#6037,#7068,.T.);
#4854=EDGE_CURVE('',#6040,#6038,#438,.T.);
#4855=EDGE_CURVE('',#6041,#6040,#7069,.T.);
#4856=EDGE_CURVE('',#6041,#6039,#439,.T.);
#4857=EDGE_CURVE('',#6042,#6043,#440,.T.);
#4858=EDGE_CURVE('',#6044,#6042,#7070,.T.);
#4859=EDGE_CURVE('',#6044,#6045,#441,.T.);
#4860=EDGE_CURVE('',#6045,#6043,#7071,.T.);
#4861=EDGE_CURVE('',#6046,#6042,#7072,.T.);
#4862=EDGE_CURVE('',#6047,#6046,#7073,.T.);
#4863=EDGE_CURVE('',#6047,#6044,#7074,.T.);
#4864=EDGE_CURVE('',#6048,#6046,#442,.T.);
#4865=EDGE_CURVE('',#6049,#6048,#7075,.T.);
#4866=EDGE_CURVE('',#6049,#6047,#443,.T.);
#4867=EDGE_CURVE('',#6050,#6048,#7076,.T.);
#4868=EDGE_CURVE('',#6051,#6050,#7077,.T.);
#4869=EDGE_CURVE('',#6051,#6049,#7078,.T.);
#4870=EDGE_CURVE('',#6052,#6050,#444,.T.);
#4871=EDGE_CURVE('',#6053,#6052,#7079,.T.);
#4872=EDGE_CURVE('',#6053,#6051,#445,.T.);
#4873=EDGE_CURVE('',#6054,#6052,#7080,.T.);
#4874=EDGE_CURVE('',#6055,#6054,#7081,.T.);
#4875=EDGE_CURVE('',#6055,#6053,#7082,.T.);
#4876=EDGE_CURVE('',#6056,#6054,#446,.T.);
#4877=EDGE_CURVE('',#6057,#6056,#7083,.T.);
#4878=EDGE_CURVE('',#6057,#6055,#447,.T.);
#4879=EDGE_CURVE('',#6058,#6059,#448,.T.);
#4880=EDGE_CURVE('',#6060,#6058,#7084,.T.);
#4881=EDGE_CURVE('',#6060,#6061,#449,.T.);
#4882=EDGE_CURVE('',#6061,#6059,#7085,.T.);
#4883=EDGE_CURVE('',#6062,#6058,#7086,.T.);
#4884=EDGE_CURVE('',#6063,#6062,#7087,.T.);
#4885=EDGE_CURVE('',#6063,#6060,#7088,.T.);
#4886=EDGE_CURVE('',#6064,#6062,#7089,.T.);
#4887=EDGE_CURVE('',#6065,#6064,#7090,.T.);
#4888=EDGE_CURVE('',#6065,#6063,#7091,.T.);
#4889=EDGE_CURVE('',#6066,#6064,#450,.T.);
#4890=EDGE_CURVE('',#6067,#6066,#7092,.T.);
#4891=EDGE_CURVE('',#6067,#6065,#451,.T.);
#4892=EDGE_CURVE('',#6068,#6066,#7093,.T.);
#4893=EDGE_CURVE('',#6069,#6068,#7094,.T.);
#4894=EDGE_CURVE('',#6069,#6067,#7095,.T.);
#4895=EDGE_CURVE('',#6070,#6068,#452,.T.);
#4896=EDGE_CURVE('',#6071,#6070,#7096,.T.);
#4897=EDGE_CURVE('',#6071,#6069,#453,.T.);
#4898=EDGE_CURVE('',#6072,#6070,#7097,.T.);
#4899=EDGE_CURVE('',#6073,#6072,#7098,.T.);
#4900=EDGE_CURVE('',#6073,#6071,#7099,.T.);
#4901=EDGE_CURVE('',#6074,#6072,#454,.T.);
#4902=EDGE_CURVE('',#6075,#6074,#7100,.T.);
#4903=EDGE_CURVE('',#6075,#6073,#455,.T.);
#4904=EDGE_CURVE('',#6076,#6074,#7101,.T.);
#4905=EDGE_CURVE('',#6077,#6076,#7102,.T.);
#4906=EDGE_CURVE('',#6077,#6075,#7103,.T.);
#4907=EDGE_CURVE('',#6078,#6076,#7104,.T.);
#4908=EDGE_CURVE('',#6079,#6078,#7105,.T.);
#4909=EDGE_CURVE('',#6079,#6077,#7106,.T.);
#4910=EDGE_CURVE('',#6080,#6078,#456,.T.);
#4911=EDGE_CURVE('',#6081,#6080,#7107,.T.);
#4912=EDGE_CURVE('',#6081,#6079,#457,.T.);
#4913=EDGE_CURVE('',#6082,#6080,#7108,.T.);
#4914=EDGE_CURVE('',#6083,#6082,#7109,.T.);
#4915=EDGE_CURVE('',#6083,#6081,#7110,.T.);
#4916=EDGE_CURVE('',#6084,#6082,#7111,.T.);
#4917=EDGE_CURVE('',#6085,#6084,#7112,.T.);
#4918=EDGE_CURVE('',#6085,#6083,#7113,.T.);
#4919=EDGE_CURVE('',#6086,#6084,#458,.T.);
#4920=EDGE_CURVE('',#6087,#6086,#7114,.T.);
#4921=EDGE_CURVE('',#6087,#6085,#459,.T.);
#4922=EDGE_CURVE('',#6088,#6086,#7115,.T.);
#4923=EDGE_CURVE('',#6089,#6088,#7116,.T.);
#4924=EDGE_CURVE('',#6089,#6087,#7117,.T.);
#4925=EDGE_CURVE('',#6090,#6088,#460,.T.);
#4926=EDGE_CURVE('',#6091,#6090,#7118,.T.);
#4927=EDGE_CURVE('',#6091,#6089,#461,.T.);
#4928=EDGE_CURVE('',#6092,#6090,#7119,.T.);
#4929=EDGE_CURVE('',#6093,#6092,#7120,.T.);
#4930=EDGE_CURVE('',#6093,#6091,#7121,.T.);
#4931=EDGE_CURVE('',#6094,#6092,#462,.T.);
#4932=EDGE_CURVE('',#6095,#6094,#7122,.T.);
#4933=EDGE_CURVE('',#6095,#6093,#463,.T.);
#4934=EDGE_CURVE('',#6096,#6094,#7123,.T.);
#4935=EDGE_CURVE('',#6097,#6096,#7124,.T.);
#4936=EDGE_CURVE('',#6097,#6095,#7125,.T.);
#4937=EDGE_CURVE('',#6098,#6096,#7126,.T.);
#4938=EDGE_CURVE('',#6099,#6098,#7127,.T.);
#4939=EDGE_CURVE('',#6099,#6097,#7128,.T.);
#4940=EDGE_CURVE('',#6100,#6098,#464,.T.);
#4941=EDGE_CURVE('',#6101,#6100,#7129,.T.);
#4942=EDGE_CURVE('',#6101,#6099,#465,.T.);
#4943=EDGE_CURVE('',#6102,#6100,#7130,.T.);
#4944=EDGE_CURVE('',#6103,#6102,#7131,.T.);
#4945=EDGE_CURVE('',#6103,#6101,#7132,.T.);
#4946=EDGE_CURVE('',#6104,#6102,#7133,.T.);
#4947=EDGE_CURVE('',#6105,#6104,#7134,.T.);
#4948=EDGE_CURVE('',#6105,#6103,#7135,.T.);
#4949=EDGE_CURVE('',#6106,#6104,#466,.T.);
#4950=EDGE_CURVE('',#6107,#6106,#7136,.T.);
#4951=EDGE_CURVE('',#6107,#6105,#467,.T.);
#4952=EDGE_CURVE('',#6108,#6106,#7137,.T.);
#4953=EDGE_CURVE('',#6109,#6108,#7138,.T.);
#4954=EDGE_CURVE('',#6109,#6107,#7139,.T.);
#4955=EDGE_CURVE('',#6110,#6108,#468,.T.);
#4956=EDGE_CURVE('',#6111,#6110,#7140,.T.);
#4957=EDGE_CURVE('',#6111,#6109,#469,.T.);
#4958=EDGE_CURVE('',#6112,#6110,#7141,.T.);
#4959=EDGE_CURVE('',#6113,#6112,#7142,.T.);
#4960=EDGE_CURVE('',#6113,#6111,#7143,.T.);
#4961=EDGE_CURVE('',#6114,#6112,#470,.T.);
#4962=EDGE_CURVE('',#6115,#6114,#7144,.T.);
#4963=EDGE_CURVE('',#6115,#6113,#471,.T.);
#4964=EDGE_CURVE('',#6116,#6114,#7145,.T.);
#4965=EDGE_CURVE('',#6117,#6116,#7146,.T.);
#4966=EDGE_CURVE('',#6117,#6115,#7147,.T.);
#4967=EDGE_CURVE('',#6118,#6116,#7148,.T.);
#4968=EDGE_CURVE('',#6119,#6118,#7149,.T.);
#4969=EDGE_CURVE('',#6119,#6117,#7150,.T.);
#4970=EDGE_CURVE('',#6120,#6118,#472,.T.);
#4971=EDGE_CURVE('',#6121,#6120,#7151,.T.);
#4972=EDGE_CURVE('',#6121,#6119,#473,.T.);
#4973=EDGE_CURVE('',#6122,#6120,#7152,.T.);
#4974=EDGE_CURVE('',#6123,#6122,#7153,.T.);
#4975=EDGE_CURVE('',#6123,#6121,#7154,.T.);
#4976=EDGE_CURVE('',#6124,#6122,#7155,.T.);
#4977=EDGE_CURVE('',#6125,#6124,#7156,.T.);
#4978=EDGE_CURVE('',#6125,#6123,#7157,.T.);
#4979=EDGE_CURVE('',#6126,#6124,#474,.T.);
#4980=EDGE_CURVE('',#6127,#6126,#7158,.T.);
#4981=EDGE_CURVE('',#6127,#6125,#475,.T.);
#4982=EDGE_CURVE('',#6128,#6126,#7159,.T.);
#4983=EDGE_CURVE('',#6129,#6128,#7160,.T.);
#4984=EDGE_CURVE('',#6129,#6127,#7161,.T.);
#4985=EDGE_CURVE('',#6130,#6128,#476,.T.);
#4986=EDGE_CURVE('',#6131,#6130,#7162,.T.);
#4987=EDGE_CURVE('',#6131,#6129,#477,.T.);
#4988=EDGE_CURVE('',#6132,#6130,#7163,.T.);
#4989=EDGE_CURVE('',#6133,#6132,#7164,.T.);
#4990=EDGE_CURVE('',#6133,#6131,#7165,.T.);
#4991=EDGE_CURVE('',#6134,#6132,#478,.T.);
#4992=EDGE_CURVE('',#6135,#6134,#7166,.T.);
#4993=EDGE_CURVE('',#6135,#6133,#479,.T.);
#4994=EDGE_CURVE('',#6136,#6134,#7167,.T.);
#4995=EDGE_CURVE('',#6137,#6136,#7168,.T.);
#4996=EDGE_CURVE('',#6137,#6135,#7169,.T.);
#4997=EDGE_CURVE('',#5995,#6008,#7170,.T.);
#4998=EDGE_CURVE('',#5997,#6009,#7171,.T.);
#4999=EDGE_CURVE('',#6011,#6024,#7172,.T.);
#5000=EDGE_CURVE('',#6013,#6025,#7173,.T.);
#5001=EDGE_CURVE('',#6027,#6040,#7174,.T.);
#5002=EDGE_CURVE('',#6029,#6041,#7175,.T.);
#5003=EDGE_CURVE('',#6043,#6056,#7176,.T.);
#5004=EDGE_CURVE('',#6045,#6057,#7177,.T.);
#5005=EDGE_CURVE('',#6059,#6136,#7178,.T.);
#5006=EDGE_CURVE('',#6061,#6137,#7179,.T.);
#5007=EDGE_CURVE('',#5992,#5754,#480,.T.);
#5008=EDGE_CURVE('',#5993,#5757,#481,.T.);
#5009=EDGE_CURVE('',#6138,#6139,#7180,.T.);
#5010=EDGE_CURVE('',#6138,#6140,#7181,.T.);
#5011=EDGE_CURVE('',#6140,#6141,#7182,.T.);
#5012=EDGE_CURVE('',#6139,#6141,#7183,.F.);
#5013=EDGE_CURVE('',#6142,#6140,#7184,.T.);
#5014=EDGE_CURVE('',#6142,#6143,#7185,.T.);
#5015=EDGE_CURVE('',#6143,#6141,#7186,.T.);
#5016=EDGE_CURVE('',#6144,#6142,#7187,.T.);
#5017=EDGE_CURVE('',#6144,#6145,#7188,.T.);
#5018=EDGE_CURVE('',#6145,#6143,#7189,.F.);
#5019=EDGE_CURVE('',#6146,#6147,#7190,.T.);
#5020=EDGE_CURVE('',#6146,#6148,#7191,.T.);
#5021=EDGE_CURVE('',#6148,#6149,#7192,.T.);
#5022=EDGE_CURVE('',#6147,#6149,#7193,.T.);
#5023=EDGE_CURVE('',#6148,#6150,#7194,.T.);
#5024=EDGE_CURVE('',#6150,#6151,#7195,.T.);
#5025=EDGE_CURVE('',#6149,#6151,#7196,.F.);
#5026=EDGE_CURVE('',#6152,#6150,#7197,.T.);
#5027=EDGE_CURVE('',#6152,#6153,#7198,.T.);
#5028=EDGE_CURVE('',#6153,#6151,#7199,.T.);
#5029=EDGE_CURVE('',#6154,#6155,#7200,.T.);
#5030=EDGE_CURVE('',#6154,#6156,#7201,.T.);
#5031=EDGE_CURVE('',#6156,#6157,#7202,.T.);
#5032=EDGE_CURVE('',#6155,#6157,#7203,.F.);
#5033=EDGE_CURVE('',#6158,#6156,#7204,.T.);
#5034=EDGE_CURVE('',#6158,#6159,#7205,.T.);
#5035=EDGE_CURVE('',#6159,#6157,#7206,.F.);
#5036=EDGE_CURVE('',#6160,#6158,#7207,.T.);
#5037=EDGE_CURVE('',#6160,#6161,#7208,.T.);
#5038=EDGE_CURVE('',#6161,#6159,#7209,.F.);
#5039=EDGE_CURVE('',#6162,#6163,#7210,.T.);
#5040=EDGE_CURVE('',#6162,#6164,#7211,.T.);
#5041=EDGE_CURVE('',#6164,#6165,#7212,.T.);
#5042=EDGE_CURVE('',#6163,#6165,#7213,.F.);
#5043=EDGE_CURVE('',#6166,#6164,#7214,.T.);
#5044=EDGE_CURVE('',#6166,#6167,#7215,.T.);
#5045=EDGE_CURVE('',#6167,#6165,#7216,.F.);
#5046=EDGE_CURVE('',#6168,#6166,#7217,.T.);
#5047=EDGE_CURVE('',#6168,#6169,#7218,.T.);
#5048=EDGE_CURVE('',#6169,#6167,#7219,.F.);
#5049=EDGE_CURVE('',#6170,#6171,#7220,.T.);
#5050=EDGE_CURVE('',#6170,#6172,#7221,.T.);
#5051=EDGE_CURVE('',#6172,#6173,#7222,.T.);
#5052=EDGE_CURVE('',#6171,#6173,#7223,.T.);
#5053=EDGE_CURVE('',#6174,#6172,#7224,.T.);
#5054=EDGE_CURVE('',#6174,#6175,#7225,.T.);
#5055=EDGE_CURVE('',#6175,#6173,#7226,.T.);
#5056=EDGE_CURVE('',#6176,#6174,#7227,.T.);
#5057=EDGE_CURVE('',#6176,#6177,#7228,.T.);
#5058=EDGE_CURVE('',#6177,#6175,#7229,.F.);
#5059=EDGE_CURVE('',#6176,#6178,#482,.T.);
#5060=EDGE_CURVE('',#6178,#6179,#7230,.T.);
#5061=EDGE_CURVE('',#6177,#6179,#483,.T.);
#5062=EDGE_CURVE('',#6178,#6180,#7231,.T.);
#5063=EDGE_CURVE('',#6180,#6181,#7232,.T.);
#5064=EDGE_CURVE('',#6179,#6181,#7233,.F.);
#5065=EDGE_CURVE('',#6180,#6182,#484,.T.);
#5066=EDGE_CURVE('',#6182,#6183,#7234,.T.);
#5067=EDGE_CURVE('',#6181,#6183,#485,.T.);
#5068=EDGE_CURVE('',#6182,#6184,#7235,.T.);
#5069=EDGE_CURVE('',#6184,#6185,#7236,.T.);
#5070=EDGE_CURVE('',#6183,#6185,#7237,.F.);
#5071=EDGE_CURVE('',#6186,#6184,#486,.T.);
#5072=EDGE_CURVE('',#6186,#6187,#7238,.T.);
#5073=EDGE_CURVE('',#6187,#6185,#487,.T.);
#5074=EDGE_CURVE('',#6186,#6188,#7239,.T.);
#5075=EDGE_CURVE('',#6188,#6189,#7240,.T.);
#5076=EDGE_CURVE('',#6187,#6189,#7241,.F.);
#5077=EDGE_CURVE('',#6190,#6188,#488,.T.);
#5078=EDGE_CURVE('',#6190,#6191,#7242,.T.);
#5079=EDGE_CURVE('',#6191,#6189,#489,.T.);
#5080=EDGE_CURVE('',#6190,#6192,#7243,.T.);
#5081=EDGE_CURVE('',#6192,#6193,#7244,.T.);
#5082=EDGE_CURVE('',#6191,#6193,#7245,.T.);
#5083=EDGE_CURVE('',#6192,#6194,#490,.T.);
#5084=EDGE_CURVE('',#6194,#6195,#7246,.T.);
#5085=EDGE_CURVE('',#6193,#6195,#491,.T.);
#5086=EDGE_CURVE('',#6196,#6194,#7247,.T.);
#5087=EDGE_CURVE('',#6196,#6197,#7248,.T.);
#5088=EDGE_CURVE('',#6197,#6195,#7249,.T.);
#5089=EDGE_CURVE('',#6196,#6198,#492,.T.);
#5090=EDGE_CURVE('',#6198,#6199,#7250,.T.);
#5091=EDGE_CURVE('',#6197,#6199,#493,.T.);
#5092=EDGE_CURVE('',#6200,#6198,#7251,.T.);
#5093=EDGE_CURVE('',#6200,#6201,#7252,.T.);
#5094=EDGE_CURVE('',#6201,#6199,#7253,.T.);
#5095=EDGE_CURVE('',#6202,#6200,#7254,.T.);
#5096=EDGE_CURVE('',#6202,#6203,#7255,.T.);
#5097=EDGE_CURVE('',#6203,#6201,#7256,.T.);
#5098=EDGE_CURVE('',#6204,#6205,#7257,.T.);
#5099=EDGE_CURVE('',#6204,#6206,#7258,.T.);
#5100=EDGE_CURVE('',#6206,#6207,#7259,.T.);
#5101=EDGE_CURVE('',#6205,#6207,#7260,.F.);
#5102=EDGE_CURVE('',#6208,#6206,#7261,.T.);
#5103=EDGE_CURVE('',#6208,#6209,#7262,.T.);
#5104=EDGE_CURVE('',#6209,#6207,#7263,.F.);
#5105=EDGE_CURVE('',#6210,#6208,#7264,.T.);
#5106=EDGE_CURVE('',#6210,#6211,#7265,.T.);
#5107=EDGE_CURVE('',#6211,#6209,#7266,.F.);
#5108=EDGE_CURVE('',#6212,#6213,#7267,.T.);
#5109=EDGE_CURVE('',#6212,#6214,#7268,.T.);
#5110=EDGE_CURVE('',#6214,#6215,#7269,.T.);
#5111=EDGE_CURVE('',#6213,#6215,#7270,.F.);
#5112=EDGE_CURVE('',#6216,#6214,#7271,.T.);
#5113=EDGE_CURVE('',#6216,#6217,#7272,.T.);
#5114=EDGE_CURVE('',#6217,#6215,#7273,.T.);
#5115=EDGE_CURVE('',#6218,#6216,#7274,.T.);
#5116=EDGE_CURVE('',#6218,#6219,#7275,.T.);
#5117=EDGE_CURVE('',#6219,#6217,#7276,.F.);
#5118=EDGE_CURVE('',#6218,#6212,#7277,.T.);
#5119=EDGE_CURVE('',#6219,#6213,#7278,.T.);
#5120=EDGE_CURVE('',#6210,#6204,#7279,.T.);
#5121=EDGE_CURVE('',#6211,#6205,#7280,.F.);
#5122=EDGE_CURVE('',#6202,#6220,#7281,.T.);
#5123=EDGE_CURVE('',#6220,#6221,#7282,.T.);
#5124=EDGE_CURVE('',#6203,#6221,#7283,.F.);
#5125=EDGE_CURVE('',#6222,#6222,#494,.T.);
#5126=EDGE_CURVE('',#6223,#6223,#495,.T.);
#5127=EDGE_CURVE('',#6224,#6224,#496,.T.);
#5128=EDGE_CURVE('',#6225,#6225,#497,.T.);
#5129=EDGE_CURVE('',#6226,#6226,#498,.T.);
#5130=EDGE_CURVE('',#6227,#6227,#499,.T.);
#5131=EDGE_CURVE('',#6228,#6228,#500,.T.);
#5132=EDGE_CURVE('',#6229,#6229,#501,.T.);
#5133=EDGE_CURVE('',#6230,#6230,#502,.T.);
#5134=EDGE_CURVE('',#6231,#6231,#503,.T.);
#5135=EDGE_CURVE('',#6232,#6232,#504,.T.);
#5136=EDGE_CURVE('',#6233,#6233,#505,.T.);
#5137=EDGE_CURVE('',#6168,#6162,#7284,.T.);
#5138=EDGE_CURVE('',#6169,#6163,#7285,.F.);
#5139=EDGE_CURVE('',#6160,#6154,#7286,.T.);
#5140=EDGE_CURVE('',#6161,#6155,#7287,.F.);
#5141=EDGE_CURVE('',#6152,#6146,#7288,.T.);
#5142=EDGE_CURVE('',#6153,#6147,#7289,.T.);
#5143=EDGE_CURVE('',#6144,#6138,#7290,.T.);
#5144=EDGE_CURVE('',#6145,#6139,#7291,.T.);
#5145=EDGE_CURVE('',#6221,#6171,#7292,.T.);
#5146=EDGE_CURVE('',#6220,#6170,#7293,.T.);
#5147=EDGE_CURVE('',#6234,#6235,#7294,.F.);
#5148=EDGE_CURVE('',#6235,#6236,#7295,.T.);
#5149=EDGE_CURVE('',#6237,#6236,#7296,.T.);
#5150=EDGE_CURVE('',#6237,#6234,#7297,.T.);
#5151=EDGE_CURVE('',#6238,#6239,#7298,.T.);
#5152=EDGE_CURVE('',#6239,#6240,#7299,.F.);
#5153=EDGE_CURVE('',#6241,#6240,#7300,.F.);
#5154=EDGE_CURVE('',#6238,#6241,#7301,.F.);
#5155=EDGE_CURVE('',#6242,#6242,#506,.T.);
#5156=EDGE_CURVE('',#6243,#6243,#507,.T.);
#5157=EDGE_CURVE('',#6244,#6244,#508,.T.);
#5158=EDGE_CURVE('',#6245,#6245,#509,.T.);
#5159=EDGE_CURVE('',#6246,#6246,#510,.T.);
#5160=EDGE_CURVE('',#6247,#6247,#511,.T.);
#5161=EDGE_CURVE('',#6248,#6248,#512,.T.);
#5162=EDGE_CURVE('',#6249,#6249,#513,.T.);
#5163=EDGE_CURVE('',#6250,#6250,#514,.T.);
#5164=EDGE_CURVE('',#6251,#6251,#515,.T.);
#5165=EDGE_CURVE('',#6252,#6252,#516,.T.);
#5166=EDGE_CURVE('',#6253,#6253,#517,.T.);
#5167=EDGE_CURVE('',#6254,#6254,#518,.T.);
#5168=EDGE_CURVE('',#6255,#6255,#519,.T.);
#5169=EDGE_CURVE('',#6256,#6257,#7302,.F.);
#5170=EDGE_CURVE('',#6256,#6258,#7303,.T.);
#5171=EDGE_CURVE('',#6258,#6259,#7304,.T.);
#5172=EDGE_CURVE('',#6259,#6257,#7305,.T.);
#5173=EDGE_CURVE('',#6240,#6256,#520,.F.);
#5174=EDGE_CURVE('',#6257,#6235,#521,.F.);
#5175=EDGE_CURVE('',#6241,#6234,#7306,.T.);
#5176=EDGE_CURVE('',#6258,#6239,#522,.T.);
#5177=EDGE_CURVE('',#6238,#6237,#7307,.T.);
#5178=EDGE_CURVE('',#6236,#6259,#523,.T.);
#5179=EDGE_CURVE('',#6170,#6237,#524,.T.);
#5180=EDGE_CURVE('',#6171,#6234,#525,.T.);
#5181=EDGE_CURVE('',#6220,#6238,#526,.T.);
#5182=EDGE_CURVE('',#6221,#6241,#527,.T.);
#5183=EDGE_CURVE('',#6260,#6261,#528,.T.);
#5184=EDGE_CURVE('',#6262,#6261,#7308,.T.);
#5185=EDGE_CURVE('',#6263,#6262,#529,.T.);
#5186=EDGE_CURVE('',#6263,#6260,#7309,.T.);
#5187=EDGE_CURVE('',#6264,#6261,#7310,.T.);
#5188=EDGE_CURVE('',#6265,#6264,#7311,.T.);
#5189=EDGE_CURVE('',#6265,#6262,#7312,.T.);
#5190=EDGE_CURVE('',#6264,#6266,#530,.T.);
#5191=EDGE_CURVE('',#6267,#6266,#7313,.T.);
#5192=EDGE_CURVE('',#6265,#6267,#531,.T.);
#5193=EDGE_CURVE('',#6266,#6268,#7314,.T.);
#5194=EDGE_CURVE('',#6269,#6268,#7315,.T.);
#5195=EDGE_CURVE('',#6267,#6269,#7316,.T.);
#5196=EDGE_CURVE('',#6268,#6270,#532,.T.);
#5197=EDGE_CURVE('',#6271,#6270,#7317,.T.);
#5198=EDGE_CURVE('',#6269,#6271,#533,.T.);
#5199=EDGE_CURVE('',#6270,#6272,#7318,.T.);
#5200=EDGE_CURVE('',#6272,#6273,#7319,.T.);
#5201=EDGE_CURVE('',#6271,#6273,#7320,.T.);
#5202=EDGE_CURVE('',#6274,#6275,#7321,.T.);
#5203=EDGE_CURVE('',#6275,#6276,#7322,.T.);
#5204=EDGE_CURVE('',#6277,#6276,#7323,.T.);
#5205=EDGE_CURVE('',#6274,#6277,#7324,.T.);
#5206=EDGE_CURVE('',#6277,#6278,#534,.T.);
#5207=EDGE_CURVE('',#6279,#6278,#7325,.T.);
#5208=EDGE_CURVE('',#6274,#6279,#535,.T.);
#5209=EDGE_CURVE('',#6280,#6278,#7326,.T.);
#5210=EDGE_CURVE('',#6281,#6280,#7327,.T.);
#5211=EDGE_CURVE('',#6281,#6279,#7328,.T.);
#5212=EDGE_CURVE('',#6280,#6282,#536,.T.);
#5213=EDGE_CURVE('',#6283,#6282,#7329,.T.);
#5214=EDGE_CURVE('',#6281,#6283,#537,.T.);
#5215=EDGE_CURVE('',#6284,#6284,#538,.T.);
#5216=EDGE_CURVE('',#6285,#6285,#539,.T.);
#5217=EDGE_CURVE('',#6286,#6286,#540,.T.);
#5218=EDGE_CURVE('',#6287,#6287,#541,.T.);
#5219=EDGE_CURVE('',#6288,#6288,#542,.T.);
#5220=EDGE_CURVE('',#6289,#6289,#543,.T.);
#5221=EDGE_CURVE('',#6290,#6290,#544,.T.);
#5222=EDGE_CURVE('',#6291,#6291,#545,.T.);
#5223=EDGE_CURVE('',#6260,#6282,#7330,.T.);
#5224=EDGE_CURVE('',#6263,#6283,#7331,.T.);
#5225=EDGE_CURVE('',#6292,#6292,#546,.T.);
#5226=EDGE_CURVE('',#6293,#6293,#547,.T.);
#5227=EDGE_CURVE('',#6294,#6294,#548,.T.);
#5228=EDGE_CURVE('',#6295,#6295,#549,.T.);
#5229=EDGE_CURVE('',#6273,#6275,#7332,.T.);
#5230=EDGE_CURVE('',#6276,#6272,#7333,.T.);
#5231=EDGE_CURVE('',#6296,#6297,#7334,.T.);
#5232=EDGE_CURVE('',#6297,#6298,#7335,.F.);
#5233=EDGE_CURVE('',#6299,#6298,#7336,.T.);
#5234=EDGE_CURVE('',#6299,#6296,#7337,.T.);
#5235=EDGE_CURVE('',#6300,#6301,#7338,.T.);
#5236=EDGE_CURVE('',#6301,#6302,#7339,.T.);
#5237=EDGE_CURVE('',#6303,#6302,#7340,.T.);
#5238=EDGE_CURVE('',#6300,#6303,#7341,.T.);
#5239=EDGE_CURVE('',#6304,#6303,#7342,.T.);
#5240=EDGE_CURVE('',#6305,#6304,#7343,.T.);
#5241=EDGE_CURVE('',#6305,#6300,#7344,.T.);
#5242=EDGE_CURVE('',#6304,#6306,#550,.T.);
#5243=EDGE_CURVE('',#6307,#6306,#7345,.T.);
#5244=EDGE_CURVE('',#6305,#6307,#551,.T.);
#5245=EDGE_CURVE('',#6306,#6308,#7346,.T.);
#5246=EDGE_CURVE('',#6309,#6308,#7347,.T.);
#5247=EDGE_CURVE('',#6307,#6309,#7348,.T.);
#5248=EDGE_CURVE('',#6308,#6310,#552,.T.);
#5249=EDGE_CURVE('',#6311,#6310,#7349,.T.);
#5250=EDGE_CURVE('',#6309,#6311,#553,.T.);
#5251=EDGE_CURVE('',#6310,#6312,#7350,.T.);
#5252=EDGE_CURVE('',#6313,#6312,#7351,.T.);
#5253=EDGE_CURVE('',#6311,#6313,#7352,.T.);
#5254=EDGE_CURVE('',#6314,#6312,#554,.T.);
#5255=EDGE_CURVE('',#6315,#6314,#7353,.T.);
#5256=EDGE_CURVE('',#6315,#6313,#555,.T.);
#5257=EDGE_CURVE('',#6314,#6316,#7354,.T.);
#5258=EDGE_CURVE('',#6317,#6316,#7355,.T.);
#5259=EDGE_CURVE('',#6315,#6317,#7356,.T.);
#5260=EDGE_CURVE('',#6318,#6316,#556,.T.);
#5261=EDGE_CURVE('',#6319,#6318,#7357,.T.);
#5262=EDGE_CURVE('',#6319,#6317,#557,.T.);
#5263=EDGE_CURVE('',#6318,#6320,#7358,.T.);
#5264=EDGE_CURVE('',#6321,#6320,#7359,.T.);
#5265=EDGE_CURVE('',#6319,#6321,#7360,.T.);
#5266=EDGE_CURVE('',#6320,#6322,#558,.T.);
#5267=EDGE_CURVE('',#6323,#6322,#7361,.T.);
#5268=EDGE_CURVE('',#6321,#6323,#559,.T.);
#5269=EDGE_CURVE('',#6324,#6322,#7362,.T.);
#5270=EDGE_CURVE('',#6325,#6324,#7363,.T.);
#5271=EDGE_CURVE('',#6325,#6323,#7364,.T.);
#5272=EDGE_CURVE('',#6324,#6326,#560,.T.);
#5273=EDGE_CURVE('',#6327,#6326,#7365,.T.);
#5274=EDGE_CURVE('',#6325,#6327,#561,.T.);
#5275=EDGE_CURVE('',#6328,#6326,#7366,.T.);
#5276=EDGE_CURVE('',#6329,#6328,#7367,.T.);
#5277=EDGE_CURVE('',#6329,#6327,#7368,.T.);
#5278=EDGE_CURVE('',#6330,#6328,#7369,.T.);
#5279=EDGE_CURVE('',#6330,#6331,#7370,.F.);
#5280=EDGE_CURVE('',#6331,#6329,#7371,.T.);
#5281=EDGE_CURVE('',#6332,#6333,#7372,.T.);
#5282=EDGE_CURVE('',#6332,#6334,#7373,.T.);
#5283=EDGE_CURVE('',#6334,#6335,#7374,.T.);
#5284=EDGE_CURVE('',#6333,#6335,#7375,.T.);
#5285=EDGE_CURVE('',#6335,#6336,#562,.T.);
#5286=EDGE_CURVE('',#6337,#6336,#7376,.T.);
#5287=EDGE_CURVE('',#6333,#6337,#563,.T.);
#5288=EDGE_CURVE('',#6336,#6338,#7377,.T.);
#5289=EDGE_CURVE('',#6339,#6338,#7378,.T.);
#5290=EDGE_CURVE('',#6337,#6339,#7379,.T.);
#5291=EDGE_CURVE('',#6340,#6340,#564,.T.);
#5292=EDGE_CURVE('',#6341,#6341,#565,.T.);
#5293=EDGE_CURVE('',#6342,#6342,#566,.T.);
#5294=EDGE_CURVE('',#6343,#6343,#567,.T.);
#5295=EDGE_CURVE('',#6344,#6344,#568,.T.);
#5296=EDGE_CURVE('',#6345,#6345,#569,.T.);
#5297=EDGE_CURVE('',#6346,#6346,#570,.T.);
#5298=EDGE_CURVE('',#6347,#6347,#571,.T.);
#5299=EDGE_CURVE('',#6348,#6348,#572,.T.);
#5300=EDGE_CURVE('',#6349,#6349,#573,.T.);
#5301=EDGE_CURVE('',#6350,#6350,#574,.T.);
#5302=EDGE_CURVE('',#6351,#6351,#575,.T.);
#5303=EDGE_CURVE('',#6338,#6296,#576,.T.);
#5304=EDGE_CURVE('',#6339,#6299,#577,.T.);
#5305=EDGE_CURVE('',#6352,#6352,#578,.T.);
#5306=EDGE_CURVE('',#6353,#6353,#579,.T.);
#5307=EDGE_CURVE('',#6354,#6354,#580,.T.);
#5308=EDGE_CURVE('',#6355,#6355,#581,.T.);
#5309=EDGE_CURVE('',#6356,#6356,#582,.T.);
#5310=EDGE_CURVE('',#6357,#6357,#583,.T.);
#5311=EDGE_CURVE('',#6358,#6358,#584,.T.);
#5312=EDGE_CURVE('',#6359,#6359,#585,.T.);
#5313=EDGE_CURVE('',#6360,#6360,#586,.T.);
#5314=EDGE_CURVE('',#6361,#6361,#587,.T.);
#5315=EDGE_CURVE('',#6298,#6301,#588,.T.);
#5316=EDGE_CURVE('',#6331,#6332,#589,.T.);
#5317=EDGE_CURVE('',#6302,#6297,#590,.F.);
#5318=EDGE_CURVE('',#6334,#6330,#591,.F.);
#5319=EDGE_CURVE('',#6362,#6363,#7380,.T.);
#5320=EDGE_CURVE('',#6364,#6363,#7381,.T.);
#5321=EDGE_CURVE('',#6365,#6364,#7382,.T.);
#5322=EDGE_CURVE('',#6365,#6362,#7383,.T.);
#5323=EDGE_CURVE('',#6363,#6366,#7384,.T.);
#5324=EDGE_CURVE('',#6367,#6366,#7385,.T.);
#5325=EDGE_CURVE('',#6364,#6367,#7386,.T.);
#5326=EDGE_CURVE('',#6368,#6366,#7387,.T.);
#5327=EDGE_CURVE('',#6369,#6368,#7388,.T.);
#5328=EDGE_CURVE('',#6369,#6367,#7389,.T.);
#5329=EDGE_CURVE('',#6370,#6368,#7390,.T.);
#5330=EDGE_CURVE('',#6371,#6370,#7391,.T.);
#5331=EDGE_CURVE('',#6371,#6369,#7392,.T.);
#5332=EDGE_CURVE('',#6372,#6370,#7393,.T.);
#5333=EDGE_CURVE('',#6373,#6372,#7394,.T.);
#5334=EDGE_CURVE('',#6373,#6371,#7395,.T.);
#5335=EDGE_CURVE('',#6374,#6372,#7396,.T.);
#5336=EDGE_CURVE('',#6375,#6374,#7397,.T.);
#5337=EDGE_CURVE('',#6375,#6373,#7398,.T.);
#5338=EDGE_CURVE('',#6376,#6374,#7399,.T.);
#5339=EDGE_CURVE('',#6377,#6376,#7400,.T.);
#5340=EDGE_CURVE('',#6377,#6375,#7401,.T.);
#5341=EDGE_CURVE('',#6378,#6376,#7402,.T.);
#5342=EDGE_CURVE('',#6379,#6378,#7403,.T.);
#5343=EDGE_CURVE('',#6379,#6377,#7404,.T.);
#5344=EDGE_CURVE('',#6380,#6378,#7405,.T.);
#5345=EDGE_CURVE('',#6381,#6380,#7406,.T.);
#5346=EDGE_CURVE('',#6381,#6379,#7407,.T.);
#5347=EDGE_CURVE('',#6380,#6382,#7408,.T.);
#5348=EDGE_CURVE('',#6383,#6382,#7409,.T.);
#5349=EDGE_CURVE('',#6381,#6383,#7410,.T.);
#5350=EDGE_CURVE('',#6384,#6382,#7411,.T.);
#5351=EDGE_CURVE('',#6385,#6384,#7412,.T.);
#5352=EDGE_CURVE('',#6385,#6383,#7413,.T.);
#5353=EDGE_CURVE('',#6386,#6384,#7414,.T.);
#5354=EDGE_CURVE('',#6387,#6386,#7415,.T.);
#5355=EDGE_CURVE('',#6387,#6385,#7416,.T.);
#5356=EDGE_CURVE('',#6388,#6386,#7417,.T.);
#5357=EDGE_CURVE('',#6389,#6388,#7418,.T.);
#5358=EDGE_CURVE('',#6389,#6387,#7419,.T.);
#5359=EDGE_CURVE('',#6390,#6388,#7420,.T.);
#5360=EDGE_CURVE('',#6391,#6390,#7421,.T.);
#5361=EDGE_CURVE('',#6391,#6389,#7422,.T.);
#5362=EDGE_CURVE('',#6390,#6392,#7423,.T.);
#5363=EDGE_CURVE('',#6393,#6392,#7424,.T.);
#5364=EDGE_CURVE('',#6391,#6393,#7425,.T.);
#5365=EDGE_CURVE('',#6392,#6394,#7426,.T.);
#5366=EDGE_CURVE('',#6395,#6394,#7427,.T.);
#5367=EDGE_CURVE('',#6393,#6395,#7428,.T.);
#5368=EDGE_CURVE('',#6362,#6394,#7429,.T.);
#5369=EDGE_CURVE('',#6365,#6395,#7430,.T.);
#5370=VERTEX_POINT('',#14794);
#5371=VERTEX_POINT('',#14795);
#5372=VERTEX_POINT('',#14797);
#5373=VERTEX_POINT('',#14799);
#5374=VERTEX_POINT('',#14803);
#5375=VERTEX_POINT('',#14805);
#5376=VERTEX_POINT('',#14809);
#5377=VERTEX_POINT('',#14811);
#5378=VERTEX_POINT('',#14815);
#5379=VERTEX_POINT('',#14817);
#5380=VERTEX_POINT('',#14821);
#5381=VERTEX_POINT('',#14823);
#5382=VERTEX_POINT('',#14827);
#5383=VERTEX_POINT('',#14829);
#5384=VERTEX_POINT('',#14833);
#5385=VERTEX_POINT('',#14835);
#5386=VERTEX_POINT('',#14839);
#5387=VERTEX_POINT('',#14841);
#5388=VERTEX_POINT('',#14845);
#5389=VERTEX_POINT('',#14847);
#5390=VERTEX_POINT('',#14851);
#5391=VERTEX_POINT('',#14853);
#5392=VERTEX_POINT('',#14857);
#5393=VERTEX_POINT('',#14859);
#5394=VERTEX_POINT('',#14863);
#5395=VERTEX_POINT('',#14865);
#5396=VERTEX_POINT('',#14869);
#5397=VERTEX_POINT('',#14871);
#5398=VERTEX_POINT('',#14875);
#5399=VERTEX_POINT('',#14877);
#5400=VERTEX_POINT('',#14881);
#5401=VERTEX_POINT('',#14883);
#5402=VERTEX_POINT('',#14887);
#5403=VERTEX_POINT('',#14889);
#5404=VERTEX_POINT('',#14893);
#5405=VERTEX_POINT('',#14895);
#5406=VERTEX_POINT('',#14899);
#5407=VERTEX_POINT('',#14901);
#5408=VERTEX_POINT('',#14905);
#5409=VERTEX_POINT('',#14907);
#5410=VERTEX_POINT('',#14911);
#5411=VERTEX_POINT('',#14913);
#5412=VERTEX_POINT('',#14917);
#5413=VERTEX_POINT('',#14919);
#5414=VERTEX_POINT('',#14923);
#5415=VERTEX_POINT('',#14925);
#5416=VERTEX_POINT('',#14929);
#5417=VERTEX_POINT('',#14931);
#5418=VERTEX_POINT('',#14935);
#5419=VERTEX_POINT('',#14937);
#5420=VERTEX_POINT('',#14941);
#5421=VERTEX_POINT('',#14943);
#5422=VERTEX_POINT('',#14947);
#5423=VERTEX_POINT('',#14949);
#5424=VERTEX_POINT('',#14953);
#5425=VERTEX_POINT('',#14955);
#5426=VERTEX_POINT('',#14959);
#5427=VERTEX_POINT('',#14961);
#5428=VERTEX_POINT('',#14965);
#5429=VERTEX_POINT('',#14967);
#5430=VERTEX_POINT('',#14971);
#5431=VERTEX_POINT('',#14973);
#5432=VERTEX_POINT('',#14977);
#5433=VERTEX_POINT('',#14979);
#5434=VERTEX_POINT('',#14983);
#5435=VERTEX_POINT('',#14985);
#5436=VERTEX_POINT('',#14989);
#5437=VERTEX_POINT('',#14991);
#5438=VERTEX_POINT('',#14995);
#5439=VERTEX_POINT('',#14997);
#5440=VERTEX_POINT('',#15001);
#5441=VERTEX_POINT('',#15003);
#5442=VERTEX_POINT('',#15007);
#5443=VERTEX_POINT('',#15009);
#5444=VERTEX_POINT('',#15013);
#5445=VERTEX_POINT('',#15015);
#5446=VERTEX_POINT('',#15019);
#5447=VERTEX_POINT('',#15021);
#5448=VERTEX_POINT('',#15025);
#5449=VERTEX_POINT('',#15027);
#5450=VERTEX_POINT('',#15031);
#5451=VERTEX_POINT('',#15033);
#5452=VERTEX_POINT('',#15037);
#5453=VERTEX_POINT('',#15039);
#5454=VERTEX_POINT('',#15043);
#5455=VERTEX_POINT('',#15045);
#5456=VERTEX_POINT('',#15049);
#5457=VERTEX_POINT('',#15051);
#5458=VERTEX_POINT('',#15055);
#5459=VERTEX_POINT('',#15057);
#5460=VERTEX_POINT('',#15061);
#5461=VERTEX_POINT('',#15063);
#5462=VERTEX_POINT('',#15067);
#5463=VERTEX_POINT('',#15069);
#5464=VERTEX_POINT('',#15073);
#5465=VERTEX_POINT('',#15075);
#5466=VERTEX_POINT('',#15079);
#5467=VERTEX_POINT('',#15081);
#5468=VERTEX_POINT('',#15085);
#5469=VERTEX_POINT('',#15087);
#5470=VERTEX_POINT('',#15091);
#5471=VERTEX_POINT('',#15093);
#5472=VERTEX_POINT('',#15097);
#5473=VERTEX_POINT('',#15099);
#5474=VERTEX_POINT('',#15103);
#5475=VERTEX_POINT('',#15105);
#5476=VERTEX_POINT('',#15109);
#5477=VERTEX_POINT('',#15111);
#5478=VERTEX_POINT('',#15115);
#5479=VERTEX_POINT('',#15117);
#5480=VERTEX_POINT('',#15121);
#5481=VERTEX_POINT('',#15123);
#5482=VERTEX_POINT('',#15127);
#5483=VERTEX_POINT('',#15129);
#5484=VERTEX_POINT('',#15133);
#5485=VERTEX_POINT('',#15135);
#5486=VERTEX_POINT('',#15139);
#5487=VERTEX_POINT('',#15141);
#5488=VERTEX_POINT('',#15145);
#5489=VERTEX_POINT('',#15147);
#5490=VERTEX_POINT('',#15151);
#5491=VERTEX_POINT('',#15153);
#5492=VERTEX_POINT('',#15157);
#5493=VERTEX_POINT('',#15159);
#5494=VERTEX_POINT('',#15163);
#5495=VERTEX_POINT('',#15165);
#5496=VERTEX_POINT('',#15169);
#5497=VERTEX_POINT('',#15171);
#5498=VERTEX_POINT('',#15175);
#5499=VERTEX_POINT('',#15177);
#5500=VERTEX_POINT('',#15181);
#5501=VERTEX_POINT('',#15183);
#5502=VERTEX_POINT('',#15187);
#5503=VERTEX_POINT('',#15189);
#5504=VERTEX_POINT('',#15193);
#5505=VERTEX_POINT('',#15195);
#5506=VERTEX_POINT('',#15199);
#5507=VERTEX_POINT('',#15201);
#5508=VERTEX_POINT('',#15205);
#5509=VERTEX_POINT('',#15207);
#5510=VERTEX_POINT('',#15211);
#5511=VERTEX_POINT('',#15213);
#5512=VERTEX_POINT('',#15217);
#5513=VERTEX_POINT('',#15219);
#5514=VERTEX_POINT('',#15223);
#5515=VERTEX_POINT('',#15225);
#5516=VERTEX_POINT('',#15229);
#5517=VERTEX_POINT('',#15231);
#5518=VERTEX_POINT('',#15235);
#5519=VERTEX_POINT('',#15237);
#5520=VERTEX_POINT('',#15241);
#5521=VERTEX_POINT('',#15243);
#5522=VERTEX_POINT('',#15247);
#5523=VERTEX_POINT('',#15249);
#5524=VERTEX_POINT('',#15253);
#5525=VERTEX_POINT('',#15255);
#5526=VERTEX_POINT('',#15259);
#5527=VERTEX_POINT('',#15261);
#5528=VERTEX_POINT('',#15265);
#5529=VERTEX_POINT('',#15267);
#5530=VERTEX_POINT('',#15271);
#5531=VERTEX_POINT('',#15273);
#5532=VERTEX_POINT('',#15277);
#5533=VERTEX_POINT('',#15279);
#5534=VERTEX_POINT('',#15283);
#5535=VERTEX_POINT('',#15285);
#5536=VERTEX_POINT('',#15289);
#5537=VERTEX_POINT('',#15291);
#5538=VERTEX_POINT('',#15295);
#5539=VERTEX_POINT('',#15297);
#5540=VERTEX_POINT('',#15301);
#5541=VERTEX_POINT('',#15303);
#5542=VERTEX_POINT('',#15307);
#5543=VERTEX_POINT('',#15309);
#5544=VERTEX_POINT('',#15313);
#5545=VERTEX_POINT('',#15315);
#5546=VERTEX_POINT('',#15319);
#5547=VERTEX_POINT('',#15321);
#5548=VERTEX_POINT('',#15325);
#5549=VERTEX_POINT('',#15327);
#5550=VERTEX_POINT('',#15331);
#5551=VERTEX_POINT('',#15333);
#5552=VERTEX_POINT('',#15337);
#5553=VERTEX_POINT('',#15339);
#5554=VERTEX_POINT('',#15343);
#5555=VERTEX_POINT('',#15345);
#5556=VERTEX_POINT('',#15349);
#5557=VERTEX_POINT('',#15351);
#5558=VERTEX_POINT('',#15355);
#5559=VERTEX_POINT('',#15357);
#5560=VERTEX_POINT('',#15361);
#5561=VERTEX_POINT('',#15363);
#5562=VERTEX_POINT('',#15367);
#5563=VERTEX_POINT('',#15369);
#5564=VERTEX_POINT('',#15373);
#5565=VERTEX_POINT('',#15375);
#5566=VERTEX_POINT('',#15379);
#5567=VERTEX_POINT('',#15381);
#5568=VERTEX_POINT('',#15385);
#5569=VERTEX_POINT('',#15387);
#5570=VERTEX_POINT('',#15391);
#5571=VERTEX_POINT('',#15393);
#5572=VERTEX_POINT('',#15397);
#5573=VERTEX_POINT('',#15399);
#5574=VERTEX_POINT('',#15403);
#5575=VERTEX_POINT('',#15405);
#5576=VERTEX_POINT('',#15409);
#5577=VERTEX_POINT('',#15411);
#5578=VERTEX_POINT('',#15415);
#5579=VERTEX_POINT('',#15417);
#5580=VERTEX_POINT('',#15421);
#5581=VERTEX_POINT('',#15423);
#5582=VERTEX_POINT('',#15427);
#5583=VERTEX_POINT('',#15429);
#5584=VERTEX_POINT('',#15433);
#5585=VERTEX_POINT('',#15435);
#5586=VERTEX_POINT('',#15439);
#5587=VERTEX_POINT('',#15441);
#5588=VERTEX_POINT('',#15445);
#5589=VERTEX_POINT('',#15447);
#5590=VERTEX_POINT('',#15451);
#5591=VERTEX_POINT('',#15453);
#5592=VERTEX_POINT('',#15457);
#5593=VERTEX_POINT('',#15459);
#5594=VERTEX_POINT('',#15463);
#5595=VERTEX_POINT('',#15465);
#5596=VERTEX_POINT('',#15469);
#5597=VERTEX_POINT('',#15471);
#5598=VERTEX_POINT('',#15475);
#5599=VERTEX_POINT('',#15477);
#5600=VERTEX_POINT('',#15481);
#5601=VERTEX_POINT('',#15483);
#5602=VERTEX_POINT('',#15487);
#5603=VERTEX_POINT('',#15489);
#5604=VERTEX_POINT('',#15493);
#5605=VERTEX_POINT('',#15495);
#5606=VERTEX_POINT('',#15499);
#5607=VERTEX_POINT('',#15501);
#5608=VERTEX_POINT('',#15505);
#5609=VERTEX_POINT('',#15507);
#5610=VERTEX_POINT('',#15511);
#5611=VERTEX_POINT('',#15512);
#5612=VERTEX_POINT('',#15514);
#5613=VERTEX_POINT('',#15516);
#5614=VERTEX_POINT('',#15520);
#5615=VERTEX_POINT('',#15522);
#5616=VERTEX_POINT('',#15526);
#5617=VERTEX_POINT('',#15528);
#5618=VERTEX_POINT('',#15532);
#5619=VERTEX_POINT('',#15534);
#5620=VERTEX_POINT('',#15538);
#5621=VERTEX_POINT('',#15540);
#5622=VERTEX_POINT('',#15544);
#5623=VERTEX_POINT('',#15546);
#5624=VERTEX_POINT('',#15550);
#5625=VERTEX_POINT('',#15552);
#5626=VERTEX_POINT('',#15556);
#5627=VERTEX_POINT('',#15557);
#5628=VERTEX_POINT('',#15559);
#5629=VERTEX_POINT('',#15561);
#5630=VERTEX_POINT('',#15565);
#5631=VERTEX_POINT('',#15567);
#5632=VERTEX_POINT('',#15571);
#5633=VERTEX_POINT('',#15573);
#5634=VERTEX_POINT('',#15577);
#5635=VERTEX_POINT('',#15579);
#5636=VERTEX_POINT('',#15583);
#5637=VERTEX_POINT('',#15585);
#5638=VERTEX_POINT('',#15589);
#5639=VERTEX_POINT('',#15591);
#5640=VERTEX_POINT('',#15595);
#5641=VERTEX_POINT('',#15597);
#5642=VERTEX_POINT('',#15601);
#5643=VERTEX_POINT('',#15602);
#5644=VERTEX_POINT('',#15604);
#5645=VERTEX_POINT('',#15606);
#5646=VERTEX_POINT('',#15610);
#5647=VERTEX_POINT('',#15612);
#5648=VERTEX_POINT('',#15616);
#5649=VERTEX_POINT('',#15618);
#5650=VERTEX_POINT('',#15622);
#5651=VERTEX_POINT('',#15624);
#5652=VERTEX_POINT('',#15628);
#5653=VERTEX_POINT('',#15630);
#5654=VERTEX_POINT('',#15634);
#5655=VERTEX_POINT('',#15636);
#5656=VERTEX_POINT('',#15640);
#5657=VERTEX_POINT('',#15642);
#5658=VERTEX_POINT('',#15646);
#5659=VERTEX_POINT('',#15647);
#5660=VERTEX_POINT('',#15649);
#5661=VERTEX_POINT('',#15651);
#5662=VERTEX_POINT('',#15655);
#5663=VERTEX_POINT('',#15657);
#5664=VERTEX_POINT('',#15661);
#5665=VERTEX_POINT('',#15663);
#5666=VERTEX_POINT('',#15667);
#5667=VERTEX_POINT('',#15669);
#5668=VERTEX_POINT('',#15673);
#5669=VERTEX_POINT('',#15675);
#5670=VERTEX_POINT('',#15679);
#5671=VERTEX_POINT('',#15681);
#5672=VERTEX_POINT('',#15685);
#5673=VERTEX_POINT('',#15687);
#5674=VERTEX_POINT('',#15691);
#5675=VERTEX_POINT('',#15692);
#5676=VERTEX_POINT('',#15694);
#5677=VERTEX_POINT('',#15696);
#5678=VERTEX_POINT('',#15700);
#5679=VERTEX_POINT('',#15702);
#5680=VERTEX_POINT('',#15706);
#5681=VERTEX_POINT('',#15708);
#5682=VERTEX_POINT('',#15712);
#5683=VERTEX_POINT('',#15714);
#5684=VERTEX_POINT('',#15718);
#5685=VERTEX_POINT('',#15720);
#5686=VERTEX_POINT('',#15724);
#5687=VERTEX_POINT('',#15726);
#5688=VERTEX_POINT('',#15730);
#5689=VERTEX_POINT('',#15732);
#5690=VERTEX_POINT('',#15736);
#5691=VERTEX_POINT('',#15738);
#5692=VERTEX_POINT('',#15742);
#5693=VERTEX_POINT('',#15744);
#5694=VERTEX_POINT('',#15748);
#5695=VERTEX_POINT('',#15750);
#5696=VERTEX_POINT('',#15754);
#5697=VERTEX_POINT('',#15756);
#5698=VERTEX_POINT('',#15760);
#5699=VERTEX_POINT('',#15762);
#5700=VERTEX_POINT('',#15766);
#5701=VERTEX_POINT('',#15768);
#5702=VERTEX_POINT('',#15772);
#5703=VERTEX_POINT('',#15774);
#5704=VERTEX_POINT('',#15778);
#5705=VERTEX_POINT('',#15780);
#5706=VERTEX_POINT('',#15784);
#5707=VERTEX_POINT('',#15786);
#5708=VERTEX_POINT('',#15790);
#5709=VERTEX_POINT('',#15792);
#5710=VERTEX_POINT('',#15796);
#5711=VERTEX_POINT('',#15798);
#5712=VERTEX_POINT('',#15802);
#5713=VERTEX_POINT('',#15804);
#5714=VERTEX_POINT('',#15808);
#5715=VERTEX_POINT('',#15810);
#5716=VERTEX_POINT('',#15814);
#5717=VERTEX_POINT('',#15816);
#5718=VERTEX_POINT('',#15820);
#5719=VERTEX_POINT('',#15822);
#5720=VERTEX_POINT('',#15826);
#5721=VERTEX_POINT('',#15828);
#5722=VERTEX_POINT('',#15832);
#5723=VERTEX_POINT('',#15834);
#5724=VERTEX_POINT('',#15838);
#5725=VERTEX_POINT('',#15840);
#5726=VERTEX_POINT('',#15844);
#5727=VERTEX_POINT('',#15846);
#5728=VERTEX_POINT('',#15850);
#5729=VERTEX_POINT('',#15852);
#5730=VERTEX_POINT('',#15856);
#5731=VERTEX_POINT('',#15858);
#5732=VERTEX_POINT('',#15862);
#5733=VERTEX_POINT('',#15864);
#5734=VERTEX_POINT('',#15868);
#5735=VERTEX_POINT('',#15870);
#5736=VERTEX_POINT('',#15874);
#5737=VERTEX_POINT('',#15876);
#5738=VERTEX_POINT('',#15880);
#5739=VERTEX_POINT('',#15882);
#5740=VERTEX_POINT('',#15886);
#5741=VERTEX_POINT('',#15888);
#5742=VERTEX_POINT('',#15892);
#5743=VERTEX_POINT('',#15894);
#5744=VERTEX_POINT('',#15898);
#5745=VERTEX_POINT('',#15900);
#5746=VERTEX_POINT('',#15904);
#5747=VERTEX_POINT('',#15906);
#5748=VERTEX_POINT('',#15910);
#5749=VERTEX_POINT('',#15912);
#5750=VERTEX_POINT('',#15916);
#5751=VERTEX_POINT('',#15918);
#5752=VERTEX_POINT('',#15922);
#5753=VERTEX_POINT('',#15924);
#5754=VERTEX_POINT('',#15949);
#5755=VERTEX_POINT('',#15950);
#5756=VERTEX_POINT('',#15952);
#5757=VERTEX_POINT('',#15954);
#5758=VERTEX_POINT('',#15958);
#5759=VERTEX_POINT('',#15960);
#5760=VERTEX_POINT('',#15964);
#5761=VERTEX_POINT('',#15966);
#5762=VERTEX_POINT('',#15970);
#5763=VERTEX_POINT('',#15972);
#5764=VERTEX_POINT('',#15976);
#5765=VERTEX_POINT('',#15978);
#5766=VERTEX_POINT('',#15982);
#5767=VERTEX_POINT('',#15984);
#5768=VERTEX_POINT('',#15988);
#5769=VERTEX_POINT('',#15990);
#5770=VERTEX_POINT('',#15994);
#5771=VERTEX_POINT('',#15996);
#5772=VERTEX_POINT('',#16000);
#5773=VERTEX_POINT('',#16002);
#5774=VERTEX_POINT('',#16006);
#5775=VERTEX_POINT('',#16008);
#5776=VERTEX_POINT('',#16012);
#5777=VERTEX_POINT('',#16014);
#5778=VERTEX_POINT('',#16018);
#5779=VERTEX_POINT('',#16020);
#5780=VERTEX_POINT('',#16024);
#5781=VERTEX_POINT('',#16026);
#5782=VERTEX_POINT('',#16030);
#5783=VERTEX_POINT('',#16032);
#5784=VERTEX_POINT('',#16036);
#5785=VERTEX_POINT('',#16038);
#5786=VERTEX_POINT('',#16042);
#5787=VERTEX_POINT('',#16044);
#5788=VERTEX_POINT('',#16048);
#5789=VERTEX_POINT('',#16050);
#5790=VERTEX_POINT('',#16054);
#5791=VERTEX_POINT('',#16056);
#5792=VERTEX_POINT('',#16060);
#5793=VERTEX_POINT('',#16062);
#5794=VERTEX_POINT('',#16066);
#5795=VERTEX_POINT('',#16068);
#5796=VERTEX_POINT('',#16072);
#5797=VERTEX_POINT('',#16074);
#5798=VERTEX_POINT('',#16078);
#5799=VERTEX_POINT('',#16080);
#5800=VERTEX_POINT('',#16084);
#5801=VERTEX_POINT('',#16086);
#5802=VERTEX_POINT('',#16090);
#5803=VERTEX_POINT('',#16092);
#5804=VERTEX_POINT('',#16096);
#5805=VERTEX_POINT('',#16098);
#5806=VERTEX_POINT('',#16102);
#5807=VERTEX_POINT('',#16104);
#5808=VERTEX_POINT('',#16108);
#5809=VERTEX_POINT('',#16110);
#5810=VERTEX_POINT('',#16114);
#5811=VERTEX_POINT('',#16116);
#5812=VERTEX_POINT('',#16120);
#5813=VERTEX_POINT('',#16122);
#5814=VERTEX_POINT('',#16126);
#5815=VERTEX_POINT('',#16128);
#5816=VERTEX_POINT('',#16132);
#5817=VERTEX_POINT('',#16134);
#5818=VERTEX_POINT('',#16138);
#5819=VERTEX_POINT('',#16140);
#5820=VERTEX_POINT('',#16144);
#5821=VERTEX_POINT('',#16146);
#5822=VERTEX_POINT('',#16150);
#5823=VERTEX_POINT('',#16152);
#5824=VERTEX_POINT('',#16156);
#5825=VERTEX_POINT('',#16158);
#5826=VERTEX_POINT('',#16162);
#5827=VERTEX_POINT('',#16164);
#5828=VERTEX_POINT('',#16168);
#5829=VERTEX_POINT('',#16170);
#5830=VERTEX_POINT('',#16174);
#5831=VERTEX_POINT('',#16176);
#5832=VERTEX_POINT('',#16180);
#5833=VERTEX_POINT('',#16182);
#5834=VERTEX_POINT('',#16186);
#5835=VERTEX_POINT('',#16188);
#5836=VERTEX_POINT('',#16192);
#5837=VERTEX_POINT('',#16194);
#5838=VERTEX_POINT('',#16198);
#5839=VERTEX_POINT('',#16200);
#5840=VERTEX_POINT('',#16204);
#5841=VERTEX_POINT('',#16206);
#5842=VERTEX_POINT('',#16210);
#5843=VERTEX_POINT('',#16212);
#5844=VERTEX_POINT('',#16216);
#5845=VERTEX_POINT('',#16218);
#5846=VERTEX_POINT('',#16222);
#5847=VERTEX_POINT('',#16224);
#5848=VERTEX_POINT('',#16228);
#5849=VERTEX_POINT('',#16230);
#5850=VERTEX_POINT('',#16234);
#5851=VERTEX_POINT('',#16236);
#5852=VERTEX_POINT('',#16240);
#5853=VERTEX_POINT('',#16242);
#5854=VERTEX_POINT('',#16246);
#5855=VERTEX_POINT('',#16248);
#5856=VERTEX_POINT('',#16252);
#5857=VERTEX_POINT('',#16254);
#5858=VERTEX_POINT('',#16258);
#5859=VERTEX_POINT('',#16260);
#5860=VERTEX_POINT('',#16264);
#5861=VERTEX_POINT('',#16266);
#5862=VERTEX_POINT('',#16270);
#5863=VERTEX_POINT('',#16272);
#5864=VERTEX_POINT('',#16276);
#5865=VERTEX_POINT('',#16278);
#5866=VERTEX_POINT('',#16282);
#5867=VERTEX_POINT('',#16284);
#5868=VERTEX_POINT('',#16288);
#5869=VERTEX_POINT('',#16290);
#5870=VERTEX_POINT('',#16294);
#5871=VERTEX_POINT('',#16296);
#5872=VERTEX_POINT('',#16300);
#5873=VERTEX_POINT('',#16302);
#5874=VERTEX_POINT('',#16306);
#5875=VERTEX_POINT('',#16308);
#5876=VERTEX_POINT('',#16312);
#5877=VERTEX_POINT('',#16314);
#5878=VERTEX_POINT('',#16318);
#5879=VERTEX_POINT('',#16320);
#5880=VERTEX_POINT('',#16324);
#5881=VERTEX_POINT('',#16326);
#5882=VERTEX_POINT('',#16330);
#5883=VERTEX_POINT('',#16332);
#5884=VERTEX_POINT('',#16336);
#5885=VERTEX_POINT('',#16338);
#5886=VERTEX_POINT('',#16342);
#5887=VERTEX_POINT('',#16344);
#5888=VERTEX_POINT('',#16348);
#5889=VERTEX_POINT('',#16350);
#5890=VERTEX_POINT('',#16354);
#5891=VERTEX_POINT('',#16356);
#5892=VERTEX_POINT('',#16360);
#5893=VERTEX_POINT('',#16362);
#5894=VERTEX_POINT('',#16366);
#5895=VERTEX_POINT('',#16368);
#5896=VERTEX_POINT('',#16372);
#5897=VERTEX_POINT('',#16374);
#5898=VERTEX_POINT('',#16378);
#5899=VERTEX_POINT('',#16380);
#5900=VERTEX_POINT('',#16384);
#5901=VERTEX_POINT('',#16386);
#5902=VERTEX_POINT('',#16390);
#5903=VERTEX_POINT('',#16392);
#5904=VERTEX_POINT('',#16396);
#5905=VERTEX_POINT('',#16398);
#5906=VERTEX_POINT('',#16402);
#5907=VERTEX_POINT('',#16404);
#5908=VERTEX_POINT('',#16408);
#5909=VERTEX_POINT('',#16410);
#5910=VERTEX_POINT('',#16414);
#5911=VERTEX_POINT('',#16416);
#5912=VERTEX_POINT('',#16420);
#5913=VERTEX_POINT('',#16422);
#5914=VERTEX_POINT('',#16426);
#5915=VERTEX_POINT('',#16428);
#5916=VERTEX_POINT('',#16432);
#5917=VERTEX_POINT('',#16434);
#5918=VERTEX_POINT('',#16438);
#5919=VERTEX_POINT('',#16440);
#5920=VERTEX_POINT('',#16444);
#5921=VERTEX_POINT('',#16446);
#5922=VERTEX_POINT('',#16450);
#5923=VERTEX_POINT('',#16452);
#5924=VERTEX_POINT('',#16456);
#5925=VERTEX_POINT('',#16458);
#5926=VERTEX_POINT('',#16462);
#5927=VERTEX_POINT('',#16464);
#5928=VERTEX_POINT('',#16468);
#5929=VERTEX_POINT('',#16470);
#5930=VERTEX_POINT('',#16474);
#5931=VERTEX_POINT('',#16476);
#5932=VERTEX_POINT('',#16480);
#5933=VERTEX_POINT('',#16482);
#5934=VERTEX_POINT('',#16486);
#5935=VERTEX_POINT('',#16488);
#5936=VERTEX_POINT('',#16492);
#5937=VERTEX_POINT('',#16494);
#5938=VERTEX_POINT('',#16498);
#5939=VERTEX_POINT('',#16500);
#5940=VERTEX_POINT('',#16504);
#5941=VERTEX_POINT('',#16506);
#5942=VERTEX_POINT('',#16510);
#5943=VERTEX_POINT('',#16512);
#5944=VERTEX_POINT('',#16516);
#5945=VERTEX_POINT('',#16518);
#5946=VERTEX_POINT('',#16522);
#5947=VERTEX_POINT('',#16524);
#5948=VERTEX_POINT('',#16528);
#5949=VERTEX_POINT('',#16530);
#5950=VERTEX_POINT('',#16534);
#5951=VERTEX_POINT('',#16536);
#5952=VERTEX_POINT('',#16540);
#5953=VERTEX_POINT('',#16542);
#5954=VERTEX_POINT('',#16546);
#5955=VERTEX_POINT('',#16548);
#5956=VERTEX_POINT('',#16552);
#5957=VERTEX_POINT('',#16554);
#5958=VERTEX_POINT('',#16558);
#5959=VERTEX_POINT('',#16560);
#5960=VERTEX_POINT('',#16564);
#5961=VERTEX_POINT('',#16566);
#5962=VERTEX_POINT('',#16570);
#5963=VERTEX_POINT('',#16572);
#5964=VERTEX_POINT('',#16576);
#5965=VERTEX_POINT('',#16578);
#5966=VERTEX_POINT('',#16582);
#5967=VERTEX_POINT('',#16584);
#5968=VERTEX_POINT('',#16588);
#5969=VERTEX_POINT('',#16590);
#5970=VERTEX_POINT('',#16594);
#5971=VERTEX_POINT('',#16596);
#5972=VERTEX_POINT('',#16600);
#5973=VERTEX_POINT('',#16602);
#5974=VERTEX_POINT('',#16606);
#5975=VERTEX_POINT('',#16608);
#5976=VERTEX_POINT('',#16612);
#5977=VERTEX_POINT('',#16614);
#5978=VERTEX_POINT('',#16618);
#5979=VERTEX_POINT('',#16620);
#5980=VERTEX_POINT('',#16624);
#5981=VERTEX_POINT('',#16626);
#5982=VERTEX_POINT('',#16630);
#5983=VERTEX_POINT('',#16632);
#5984=VERTEX_POINT('',#16636);
#5985=VERTEX_POINT('',#16638);
#5986=VERTEX_POINT('',#16642);
#5987=VERTEX_POINT('',#16644);
#5988=VERTEX_POINT('',#16648);
#5989=VERTEX_POINT('',#16650);
#5990=VERTEX_POINT('',#16654);
#5991=VERTEX_POINT('',#16656);
#5992=VERTEX_POINT('',#16660);
#5993=VERTEX_POINT('',#16662);
#5994=VERTEX_POINT('',#16666);
#5995=VERTEX_POINT('',#16667);
#5996=VERTEX_POINT('',#16669);
#5997=VERTEX_POINT('',#16671);
#5998=VERTEX_POINT('',#16675);
#5999=VERTEX_POINT('',#16677);
#6000=VERTEX_POINT('',#16681);
#6001=VERTEX_POINT('',#16683);
#6002=VERTEX_POINT('',#16687);
#6003=VERTEX_POINT('',#16689);
#6004=VERTEX_POINT('',#16693);
#6005=VERTEX_POINT('',#16695);
#6006=VERTEX_POINT('',#16699);
#6007=VERTEX_POINT('',#16701);
#6008=VERTEX_POINT('',#16705);
#6009=VERTEX_POINT('',#16707);
#6010=VERTEX_POINT('',#16711);
#6011=VERTEX_POINT('',#16712);
#6012=VERTEX_POINT('',#16714);
#6013=VERTEX_POINT('',#16716);
#6014=VERTEX_POINT('',#16720);
#6015=VERTEX_POINT('',#16722);
#6016=VERTEX_POINT('',#16726);
#6017=VERTEX_POINT('',#16728);
#6018=VERTEX_POINT('',#16732);
#6019=VERTEX_POINT('',#16734);
#6020=VERTEX_POINT('',#16738);
#6021=VERTEX_POINT('',#16740);
#6022=VERTEX_POINT('',#16744);
#6023=VERTEX_POINT('',#16746);
#6024=VERTEX_POINT('',#16750);
#6025=VERTEX_POINT('',#16752);
#6026=VERTEX_POINT('',#16756);
#6027=VERTEX_POINT('',#16757);
#6028=VERTEX_POINT('',#16759);
#6029=VERTEX_POINT('',#16761);
#6030=VERTEX_POINT('',#16765);
#6031=VERTEX_POINT('',#16767);
#6032=VERTEX_POINT('',#16771);
#6033=VERTEX_POINT('',#16773);
#6034=VERTEX_POINT('',#16777);
#6035=VERTEX_POINT('',#16779);
#6036=VERTEX_POINT('',#16783);
#6037=VERTEX_POINT('',#16785);
#6038=VERTEX_POINT('',#16789);
#6039=VERTEX_POINT('',#16791);
#6040=VERTEX_POINT('',#16795);
#6041=VERTEX_POINT('',#16797);
#6042=VERTEX_POINT('',#16801);
#6043=VERTEX_POINT('',#16802);
#6044=VERTEX_POINT('',#16804);
#6045=VERTEX_POINT('',#16806);
#6046=VERTEX_POINT('',#16810);
#6047=VERTEX_POINT('',#16812);
#6048=VERTEX_POINT('',#16816);
#6049=VERTEX_POINT('',#16818);
#6050=VERTEX_POINT('',#16822);
#6051=VERTEX_POINT('',#16824);
#6052=VERTEX_POINT('',#16828);
#6053=VERTEX_POINT('',#16830);
#6054=VERTEX_POINT('',#16834);
#6055=VERTEX_POINT('',#16836);
#6056=VERTEX_POINT('',#16840);
#6057=VERTEX_POINT('',#16842);
#6058=VERTEX_POINT('',#16846);
#6059=VERTEX_POINT('',#16847);
#6060=VERTEX_POINT('',#16849);
#6061=VERTEX_POINT('',#16851);
#6062=VERTEX_POINT('',#16855);
#6063=VERTEX_POINT('',#16857);
#6064=VERTEX_POINT('',#16861);
#6065=VERTEX_POINT('',#16863);
#6066=VERTEX_POINT('',#16867);
#6067=VERTEX_POINT('',#16869);
#6068=VERTEX_POINT('',#16873);
#6069=VERTEX_POINT('',#16875);
#6070=VERTEX_POINT('',#16879);
#6071=VERTEX_POINT('',#16881);
#6072=VERTEX_POINT('',#16885);
#6073=VERTEX_POINT('',#16887);
#6074=VERTEX_POINT('',#16891);
#6075=VERTEX_POINT('',#16893);
#6076=VERTEX_POINT('',#16897);
#6077=VERTEX_POINT('',#16899);
#6078=VERTEX_POINT('',#16903);
#6079=VERTEX_POINT('',#16905);
#6080=VERTEX_POINT('',#16909);
#6081=VERTEX_POINT('',#16911);
#6082=VERTEX_POINT('',#16915);
#6083=VERTEX_POINT('',#16917);
#6084=VERTEX_POINT('',#16921);
#6085=VERTEX_POINT('',#16923);
#6086=VERTEX_POINT('',#16927);
#6087=VERTEX_POINT('',#16929);
#6088=VERTEX_POINT('',#16933);
#6089=VERTEX_POINT('',#16935);
#6090=VERTEX_POINT('',#16939);
#6091=VERTEX_POINT('',#16941);
#6092=VERTEX_POINT('',#16945);
#6093=VERTEX_POINT('',#16947);
#6094=VERTEX_POINT('',#16951);
#6095=VERTEX_POINT('',#16953);
#6096=VERTEX_POINT('',#16957);
#6097=VERTEX_POINT('',#16959);
#6098=VERTEX_POINT('',#16963);
#6099=VERTEX_POINT('',#16965);
#6100=VERTEX_POINT('',#16969);
#6101=VERTEX_POINT('',#16971);
#6102=VERTEX_POINT('',#16975);
#6103=VERTEX_POINT('',#16977);
#6104=VERTEX_POINT('',#16981);
#6105=VERTEX_POINT('',#16983);
#6106=VERTEX_POINT('',#16987);
#6107=VERTEX_POINT('',#16989);
#6108=VERTEX_POINT('',#16993);
#6109=VERTEX_POINT('',#16995);
#6110=VERTEX_POINT('',#16999);
#6111=VERTEX_POINT('',#17001);
#6112=VERTEX_POINT('',#17005);
#6113=VERTEX_POINT('',#17007);
#6114=VERTEX_POINT('',#17011);
#6115=VERTEX_POINT('',#17013);
#6116=VERTEX_POINT('',#17017);
#6117=VERTEX_POINT('',#17019);
#6118=VERTEX_POINT('',#17023);
#6119=VERTEX_POINT('',#17025);
#6120=VERTEX_POINT('',#17029);
#6121=VERTEX_POINT('',#17031);
#6122=VERTEX_POINT('',#17035);
#6123=VERTEX_POINT('',#17037);
#6124=VERTEX_POINT('',#17041);
#6125=VERTEX_POINT('',#17043);
#6126=VERTEX_POINT('',#17047);
#6127=VERTEX_POINT('',#17049);
#6128=VERTEX_POINT('',#17053);
#6129=VERTEX_POINT('',#17055);
#6130=VERTEX_POINT('',#17059);
#6131=VERTEX_POINT('',#17061);
#6132=VERTEX_POINT('',#17065);
#6133=VERTEX_POINT('',#17067);
#6134=VERTEX_POINT('',#17071);
#6135=VERTEX_POINT('',#17073);
#6136=VERTEX_POINT('',#17077);
#6137=VERTEX_POINT('',#17079);
#6138=VERTEX_POINT('',#17104);
#6139=VERTEX_POINT('',#17105);
#6140=VERTEX_POINT('',#17107);
#6141=VERTEX_POINT('',#17109);
#6142=VERTEX_POINT('',#17113);
#6143=VERTEX_POINT('',#17115);
#6144=VERTEX_POINT('',#17119);
#6145=VERTEX_POINT('',#17121);
#6146=VERTEX_POINT('',#17125);
#6147=VERTEX_POINT('',#17126);
#6148=VERTEX_POINT('',#17128);
#6149=VERTEX_POINT('',#17130);
#6150=VERTEX_POINT('',#17134);
#6151=VERTEX_POINT('',#17136);
#6152=VERTEX_POINT('',#17140);
#6153=VERTEX_POINT('',#17142);
#6154=VERTEX_POINT('',#17146);
#6155=VERTEX_POINT('',#17147);
#6156=VERTEX_POINT('',#17149);
#6157=VERTEX_POINT('',#17151);
#6158=VERTEX_POINT('',#17155);
#6159=VERTEX_POINT('',#17157);
#6160=VERTEX_POINT('',#17161);
#6161=VERTEX_POINT('',#17163);
#6162=VERTEX_POINT('',#17167);
#6163=VERTEX_POINT('',#17168);
#6164=VERTEX_POINT('',#17170);
#6165=VERTEX_POINT('',#17172);
#6166=VERTEX_POINT('',#17176);
#6167=VERTEX_POINT('',#17178);
#6168=VERTEX_POINT('',#17182);
#6169=VERTEX_POINT('',#17184);
#6170=VERTEX_POINT('',#17188);
#6171=VERTEX_POINT('',#17189);
#6172=VERTEX_POINT('',#17191);
#6173=VERTEX_POINT('',#17193);
#6174=VERTEX_POINT('',#17197);
#6175=VERTEX_POINT('',#17199);
#6176=VERTEX_POINT('',#17203);
#6177=VERTEX_POINT('',#17205);
#6178=VERTEX_POINT('',#17209);
#6179=VERTEX_POINT('',#17211);
#6180=VERTEX_POINT('',#17215);
#6181=VERTEX_POINT('',#17217);
#6182=VERTEX_POINT('',#17221);
#6183=VERTEX_POINT('',#17223);
#6184=VERTEX_POINT('',#17227);
#6185=VERTEX_POINT('',#17229);
#6186=VERTEX_POINT('',#17233);
#6187=VERTEX_POINT('',#17235);
#6188=VERTEX_POINT('',#17239);
#6189=VERTEX_POINT('',#17241);
#6190=VERTEX_POINT('',#17245);
#6191=VERTEX_POINT('',#17247);
#6192=VERTEX_POINT('',#17251);
#6193=VERTEX_POINT('',#17253);
#6194=VERTEX_POINT('',#17257);
#6195=VERTEX_POINT('',#17259);
#6196=VERTEX_POINT('',#17263);
#6197=VERTEX_POINT('',#17265);
#6198=VERTEX_POINT('',#17269);
#6199=VERTEX_POINT('',#17271);
#6200=VERTEX_POINT('',#17275);
#6201=VERTEX_POINT('',#17277);
#6202=VERTEX_POINT('',#17281);
#6203=VERTEX_POINT('',#17283);
#6204=VERTEX_POINT('',#17287);
#6205=VERTEX_POINT('',#17288);
#6206=VERTEX_POINT('',#17290);
#6207=VERTEX_POINT('',#17292);
#6208=VERTEX_POINT('',#17296);
#6209=VERTEX_POINT('',#17298);
#6210=VERTEX_POINT('',#17302);
#6211=VERTEX_POINT('',#17304);
#6212=VERTEX_POINT('',#17308);
#6213=VERTEX_POINT('',#17309);
#6214=VERTEX_POINT('',#17311);
#6215=VERTEX_POINT('',#17313);
#6216=VERTEX_POINT('',#17317);
#6217=VERTEX_POINT('',#17319);
#6218=VERTEX_POINT('',#17323);
#6219=VERTEX_POINT('',#17325);
#6220=VERTEX_POINT('',#17335);
#6221=VERTEX_POINT('',#17337);
#6222=VERTEX_POINT('',#17341);
#6223=VERTEX_POINT('',#17343);
#6224=VERTEX_POINT('',#17346);
#6225=VERTEX_POINT('',#17348);
#6226=VERTEX_POINT('',#17351);
#6227=VERTEX_POINT('',#17353);
#6228=VERTEX_POINT('',#17356);
#6229=VERTEX_POINT('',#17358);
#6230=VERTEX_POINT('',#17361);
#6231=VERTEX_POINT('',#17363);
#6232=VERTEX_POINT('',#17366);
#6233=VERTEX_POINT('',#17368);
#6234=VERTEX_POINT('',#17387);
#6235=VERTEX_POINT('',#17388);
#6236=VERTEX_POINT('',#17390);
#6237=VERTEX_POINT('',#17392);
#6238=VERTEX_POINT('',#17396);
#6239=VERTEX_POINT('',#17397);
#6240=VERTEX_POINT('',#17399);
#6241=VERTEX_POINT('',#17401);
#6242=VERTEX_POINT('',#17405);
#6243=VERTEX_POINT('',#17407);
#6244=VERTEX_POINT('',#17410);
#6245=VERTEX_POINT('',#17412);
#6246=VERTEX_POINT('',#17415);
#6247=VERTEX_POINT('',#17417);
#6248=VERTEX_POINT('',#17420);
#6249=VERTEX_POINT('',#17422);
#6250=VERTEX_POINT('',#17425);
#6251=VERTEX_POINT('',#17427);
#6252=VERTEX_POINT('',#17430);
#6253=VERTEX_POINT('',#17432);
#6254=VERTEX_POINT('',#17435);
#6255=VERTEX_POINT('',#17437);
#6256=VERTEX_POINT('',#17440);
#6257=VERTEX_POINT('',#17441);
#6258=VERTEX_POINT('',#17443);
#6259=VERTEX_POINT('',#17445);
#6260=VERTEX_POINT('',#17469);
#6261=VERTEX_POINT('',#17470);
#6262=VERTEX_POINT('',#17472);
#6263=VERTEX_POINT('',#17474);
#6264=VERTEX_POINT('',#17478);
#6265=VERTEX_POINT('',#17480);
#6266=VERTEX_POINT('',#17484);
#6267=VERTEX_POINT('',#17486);
#6268=VERTEX_POINT('',#17490);
#6269=VERTEX_POINT('',#17492);
#6270=VERTEX_POINT('',#17496);
#6271=VERTEX_POINT('',#17498);
#6272=VERTEX_POINT('',#17502);
#6273=VERTEX_POINT('',#17504);
#6274=VERTEX_POINT('',#17508);
#6275=VERTEX_POINT('',#17509);
#6276=VERTEX_POINT('',#17511);
#6277=VERTEX_POINT('',#17513);
#6278=VERTEX_POINT('',#17517);
#6279=VERTEX_POINT('',#17519);
#6280=VERTEX_POINT('',#17523);
#6281=VERTEX_POINT('',#17525);
#6282=VERTEX_POINT('',#17529);
#6283=VERTEX_POINT('',#17531);
#6284=VERTEX_POINT('',#17535);
#6285=VERTEX_POINT('',#17537);
#6286=VERTEX_POINT('',#17540);
#6287=VERTEX_POINT('',#17542);
#6288=VERTEX_POINT('',#17545);
#6289=VERTEX_POINT('',#17547);
#6290=VERTEX_POINT('',#17550);
#6291=VERTEX_POINT('',#17552);
#6292=VERTEX_POINT('',#17558);
#6293=VERTEX_POINT('',#17560);
#6294=VERTEX_POINT('',#17563);
#6295=VERTEX_POINT('',#17565);
#6296=VERTEX_POINT('',#17575);
#6297=VERTEX_POINT('',#17576);
#6298=VERTEX_POINT('',#17578);
#6299=VERTEX_POINT('',#17580);
#6300=VERTEX_POINT('',#17584);
#6301=VERTEX_POINT('',#17585);
#6302=VERTEX_POINT('',#17587);
#6303=VERTEX_POINT('',#17589);
#6304=VERTEX_POINT('',#17593);
#6305=VERTEX_POINT('',#17595);
#6306=VERTEX_POINT('',#17599);
#6307=VERTEX_POINT('',#17601);
#6308=VERTEX_POINT('',#17605);
#6309=VERTEX_POINT('',#17607);
#6310=VERTEX_POINT('',#17611);
#6311=VERTEX_POINT('',#17613);
#6312=VERTEX_POINT('',#17617);
#6313=VERTEX_POINT('',#17619);
#6314=VERTEX_POINT('',#17623);
#6315=VERTEX_POINT('',#17625);
#6316=VERTEX_POINT('',#17629);
#6317=VERTEX_POINT('',#17631);
#6318=VERTEX_POINT('',#17635);
#6319=VERTEX_POINT('',#17637);
#6320=VERTEX_POINT('',#17641);
#6321=VERTEX_POINT('',#17643);
#6322=VERTEX_POINT('',#17647);
#6323=VERTEX_POINT('',#17649);
#6324=VERTEX_POINT('',#17653);
#6325=VERTEX_POINT('',#17655);
#6326=VERTEX_POINT('',#17659);
#6327=VERTEX_POINT('',#17661);
#6328=VERTEX_POINT('',#17665);
#6329=VERTEX_POINT('',#17667);
#6330=VERTEX_POINT('',#17671);
#6331=VERTEX_POINT('',#17673);
#6332=VERTEX_POINT('',#17677);
#6333=VERTEX_POINT('',#17678);
#6334=VERTEX_POINT('',#17680);
#6335=VERTEX_POINT('',#17682);
#6336=VERTEX_POINT('',#17686);
#6337=VERTEX_POINT('',#17688);
#6338=VERTEX_POINT('',#17692);
#6339=VERTEX_POINT('',#17694);
#6340=VERTEX_POINT('',#17698);
#6341=VERTEX_POINT('',#17700);
#6342=VERTEX_POINT('',#17703);
#6343=VERTEX_POINT('',#17705);
#6344=VERTEX_POINT('',#17708);
#6345=VERTEX_POINT('',#17710);
#6346=VERTEX_POINT('',#17713);
#6347=VERTEX_POINT('',#17715);
#6348=VERTEX_POINT('',#17718);
#6349=VERTEX_POINT('',#17720);
#6350=VERTEX_POINT('',#17723);
#6351=VERTEX_POINT('',#17725);
#6352=VERTEX_POINT('',#17731);
#6353=VERTEX_POINT('',#17733);
#6354=VERTEX_POINT('',#17736);
#6355=VERTEX_POINT('',#17738);
#6356=VERTEX_POINT('',#17741);
#6357=VERTEX_POINT('',#17743);
#6358=VERTEX_POINT('',#17746);
#6359=VERTEX_POINT('',#17748);
#6360=VERTEX_POINT('',#17751);
#6361=VERTEX_POINT('',#17753);
#6362=VERTEX_POINT('',#17767);
#6363=VERTEX_POINT('',#17768);
#6364=VERTEX_POINT('',#17770);
#6365=VERTEX_POINT('',#17772);
#6366=VERTEX_POINT('',#17776);
#6367=VERTEX_POINT('',#17778);
#6368=VERTEX_POINT('',#17782);
#6369=VERTEX_POINT('',#17784);
#6370=VERTEX_POINT('',#17788);
#6371=VERTEX_POINT('',#17790);
#6372=VERTEX_POINT('',#17794);
#6373=VERTEX_POINT('',#17796);
#6374=VERTEX_POINT('',#17800);
#6375=VERTEX_POINT('',#17802);
#6376=VERTEX_POINT('',#17806);
#6377=VERTEX_POINT('',#17808);
#6378=VERTEX_POINT('',#17812);
#6379=VERTEX_POINT('',#17814);
#6380=VERTEX_POINT('',#17818);
#6381=VERTEX_POINT('',#17820);
#6382=VERTEX_POINT('',#17824);
#6383=VERTEX_POINT('',#17826);
#6384=VERTEX_POINT('',#17830);
#6385=VERTEX_POINT('',#17832);
#6386=VERTEX_POINT('',#17836);
#6387=VERTEX_POINT('',#17838);
#6388=VERTEX_POINT('',#17842);
#6389=VERTEX_POINT('',#17844);
#6390=VERTEX_POINT('',#17848);
#6391=VERTEX_POINT('',#17850);
#6392=VERTEX_POINT('',#17854);
#6393=VERTEX_POINT('',#17856);
#6394=VERTEX_POINT('',#17860);
#6395=VERTEX_POINT('',#17862);
#6396=LINE('',#14793,#7431);
#6397=LINE('',#14796,#7432);
#6398=LINE('',#14798,#7433);
#6399=LINE('',#14800,#7434);
#6400=LINE('',#14804,#7435);
#6401=LINE('',#14808,#7436);
#6402=LINE('',#14810,#7437);
#6403=LINE('',#14812,#7438);
#6404=LINE('',#14816,#7439);
#6405=LINE('',#14820,#7440);
#6406=LINE('',#14822,#7441);
#6407=LINE('',#14824,#7442);
#6408=LINE('',#14828,#7443);
#6409=LINE('',#14832,#7444);
#6410=LINE('',#14834,#7445);
#6411=LINE('',#14836,#7446);
#6412=LINE('',#14840,#7447);
#6413=LINE('',#14844,#7448);
#6414=LINE('',#14846,#7449);
#6415=LINE('',#14848,#7450);
#6416=LINE('',#14852,#7451);
#6417=LINE('',#14856,#7452);
#6418=LINE('',#14858,#7453);
#6419=LINE('',#14860,#7454);
#6420=LINE('',#14864,#7455);
#6421=LINE('',#14868,#7456);
#6422=LINE('',#14870,#7457);
#6423=LINE('',#14872,#7458);
#6424=LINE('',#14876,#7459);
#6425=LINE('',#14880,#7460);
#6426=LINE('',#14882,#7461);
#6427=LINE('',#14884,#7462);
#6428=LINE('',#14888,#7463);
#6429=LINE('',#14892,#7464);
#6430=LINE('',#14894,#7465);
#6431=LINE('',#14896,#7466);
#6432=LINE('',#14900,#7467);
#6433=LINE('',#14904,#7468);
#6434=LINE('',#14906,#7469);
#6435=LINE('',#14908,#7470);
#6436=LINE('',#14912,#7471);
#6437=LINE('',#14916,#7472);
#6438=LINE('',#14918,#7473);
#6439=LINE('',#14920,#7474);
#6440=LINE('',#14924,#7475);
#6441=LINE('',#14928,#7476);
#6442=LINE('',#14930,#7477);
#6443=LINE('',#14932,#7478);
#6444=LINE('',#14936,#7479);
#6445=LINE('',#14940,#7480);
#6446=LINE('',#14942,#7481);
#6447=LINE('',#14944,#7482);
#6448=LINE('',#14948,#7483);
#6449=LINE('',#14952,#7484);
#6450=LINE('',#14954,#7485);
#6451=LINE('',#14956,#7486);
#6452=LINE('',#14960,#7487);
#6453=LINE('',#14964,#7488);
#6454=LINE('',#14966,#7489);
#6455=LINE('',#14968,#7490);
#6456=LINE('',#14972,#7491);
#6457=LINE('',#14976,#7492);
#6458=LINE('',#14978,#7493);
#6459=LINE('',#14980,#7494);
#6460=LINE('',#14984,#7495);
#6461=LINE('',#14988,#7496);
#6462=LINE('',#14990,#7497);
#6463=LINE('',#14992,#7498);
#6464=LINE('',#14996,#7499);
#6465=LINE('',#15000,#7500);
#6466=LINE('',#15002,#7501);
#6467=LINE('',#15004,#7502);
#6468=LINE('',#15008,#7503);
#6469=LINE('',#15012,#7504);
#6470=LINE('',#15014,#7505);
#6471=LINE('',#15016,#7506);
#6472=LINE('',#15020,#7507);
#6473=LINE('',#15024,#7508);
#6474=LINE('',#15026,#7509);
#6475=LINE('',#15028,#7510);
#6476=LINE('',#15032,#7511);
#6477=LINE('',#15036,#7512);
#6478=LINE('',#15038,#7513);
#6479=LINE('',#15040,#7514);
#6480=LINE('',#15044,#7515);
#6481=LINE('',#15048,#7516);
#6482=LINE('',#15050,#7517);
#6483=LINE('',#15052,#7518);
#6484=LINE('',#15056,#7519);
#6485=LINE('',#15060,#7520);
#6486=LINE('',#15062,#7521);
#6487=LINE('',#15064,#7522);
#6488=LINE('',#15068,#7523);
#6489=LINE('',#15072,#7524);
#6490=LINE('',#15074,#7525);
#6491=LINE('',#15076,#7526);
#6492=LINE('',#15080,#7527);
#6493=LINE('',#15084,#7528);
#6494=LINE('',#15086,#7529);
#6495=LINE('',#15088,#7530);
#6496=LINE('',#15092,#7531);
#6497=LINE('',#15096,#7532);
#6498=LINE('',#15098,#7533);
#6499=LINE('',#15100,#7534);
#6500=LINE('',#15104,#7535);
#6501=LINE('',#15108,#7536);
#6502=LINE('',#15110,#7537);
#6503=LINE('',#15112,#7538);
#6504=LINE('',#15116,#7539);
#6505=LINE('',#15120,#7540);
#6506=LINE('',#15122,#7541);
#6507=LINE('',#15124,#7542);
#6508=LINE('',#15128,#7543);
#6509=LINE('',#15132,#7544);
#6510=LINE('',#15134,#7545);
#6511=LINE('',#15136,#7546);
#6512=LINE('',#15140,#7547);
#6513=LINE('',#15144,#7548);
#6514=LINE('',#15146,#7549);
#6515=LINE('',#15148,#7550);
#6516=LINE('',#15152,#7551);
#6517=LINE('',#15156,#7552);
#6518=LINE('',#15158,#7553);
#6519=LINE('',#15160,#7554);
#6520=LINE('',#15164,#7555);
#6521=LINE('',#15168,#7556);
#6522=LINE('',#15170,#7557);
#6523=LINE('',#15172,#7558);
#6524=LINE('',#15176,#7559);
#6525=LINE('',#15180,#7560);
#6526=LINE('',#15182,#7561);
#6527=LINE('',#15184,#7562);
#6528=LINE('',#15188,#7563);
#6529=LINE('',#15192,#7564);
#6530=LINE('',#15194,#7565);
#6531=LINE('',#15196,#7566);
#6532=LINE('',#15200,#7567);
#6533=LINE('',#15204,#7568);
#6534=LINE('',#15206,#7569);
#6535=LINE('',#15208,#7570);
#6536=LINE('',#15212,#7571);
#6537=LINE('',#15216,#7572);
#6538=LINE('',#15218,#7573);
#6539=LINE('',#15220,#7574);
#6540=LINE('',#15224,#7575);
#6541=LINE('',#15228,#7576);
#6542=LINE('',#15230,#7577);
#6543=LINE('',#15232,#7578);
#6544=LINE('',#15236,#7579);
#6545=LINE('',#15240,#7580);
#6546=LINE('',#15242,#7581);
#6547=LINE('',#15244,#7582);
#6548=LINE('',#15248,#7583);
#6549=LINE('',#15252,#7584);
#6550=LINE('',#15254,#7585);
#6551=LINE('',#15256,#7586);
#6552=LINE('',#15260,#7587);
#6553=LINE('',#15264,#7588);
#6554=LINE('',#15266,#7589);
#6555=LINE('',#15268,#7590);
#6556=LINE('',#15272,#7591);
#6557=LINE('',#15276,#7592);
#6558=LINE('',#15278,#7593);
#6559=LINE('',#15280,#7594);
#6560=LINE('',#15284,#7595);
#6561=LINE('',#15288,#7596);
#6562=LINE('',#15290,#7597);
#6563=LINE('',#15292,#7598);
#6564=LINE('',#15296,#7599);
#6565=LINE('',#15300,#7600);
#6566=LINE('',#15302,#7601);
#6567=LINE('',#15304,#7602);
#6568=LINE('',#15308,#7603);
#6569=LINE('',#15312,#7604);
#6570=LINE('',#15314,#7605);
#6571=LINE('',#15316,#7606);
#6572=LINE('',#15320,#7607);
#6573=LINE('',#15324,#7608);
#6574=LINE('',#15326,#7609);
#6575=LINE('',#15328,#7610);
#6576=LINE('',#15332,#7611);
#6577=LINE('',#15336,#7612);
#6578=LINE('',#15338,#7613);
#6579=LINE('',#15340,#7614);
#6580=LINE('',#15344,#7615);
#6581=LINE('',#15348,#7616);
#6582=LINE('',#15350,#7617);
#6583=LINE('',#15352,#7618);
#6584=LINE('',#15356,#7619);
#6585=LINE('',#15360,#7620);
#6586=LINE('',#15362,#7621);
#6587=LINE('',#15364,#7622);
#6588=LINE('',#15368,#7623);
#6589=LINE('',#15372,#7624);
#6590=LINE('',#15374,#7625);
#6591=LINE('',#15376,#7626);
#6592=LINE('',#15380,#7627);
#6593=LINE('',#15384,#7628);
#6594=LINE('',#15386,#7629);
#6595=LINE('',#15388,#7630);
#6596=LINE('',#15392,#7631);
#6597=LINE('',#15396,#7632);
#6598=LINE('',#15398,#7633);
#6599=LINE('',#15400,#7634);
#6600=LINE('',#15404,#7635);
#6601=LINE('',#15408,#7636);
#6602=LINE('',#15410,#7637);
#6603=LINE('',#15412,#7638);
#6604=LINE('',#15416,#7639);
#6605=LINE('',#15420,#7640);
#6606=LINE('',#15422,#7641);
#6607=LINE('',#15424,#7642);
#6608=LINE('',#15428,#7643);
#6609=LINE('',#15432,#7644);
#6610=LINE('',#15434,#7645);
#6611=LINE('',#15436,#7646);
#6612=LINE('',#15440,#7647);
#6613=LINE('',#15444,#7648);
#6614=LINE('',#15446,#7649);
#6615=LINE('',#15448,#7650);
#6616=LINE('',#15452,#7651);
#6617=LINE('',#15456,#7652);
#6618=LINE('',#15458,#7653);
#6619=LINE('',#15460,#7654);
#6620=LINE('',#15464,#7655);
#6621=LINE('',#15468,#7656);
#6622=LINE('',#15470,#7657);
#6623=LINE('',#15472,#7658);
#6624=LINE('',#15476,#7659);
#6625=LINE('',#15480,#7660);
#6626=LINE('',#15482,#7661);
#6627=LINE('',#15484,#7662);
#6628=LINE('',#15488,#7663);
#6629=LINE('',#15492,#7664);
#6630=LINE('',#15494,#7665);
#6631=LINE('',#15496,#7666);
#6632=LINE('',#15500,#7667);
#6633=LINE('',#15504,#7668);
#6634=LINE('',#15506,#7669);
#6635=LINE('',#15508,#7670);
#6636=LINE('',#15513,#7671);
#6637=LINE('',#15517,#7672);
#6638=LINE('',#15519,#7673);
#6639=LINE('',#15521,#7674);
#6640=LINE('',#15523,#7675);
#6641=LINE('',#15527,#7676);
#6642=LINE('',#15531,#7677);
#6643=LINE('',#15533,#7678);
#6644=LINE('',#15535,#7679);
#6645=LINE('',#15539,#7680);
#6646=LINE('',#15543,#7681);
#6647=LINE('',#15545,#7682);
#6648=LINE('',#15547,#7683);
#6649=LINE('',#15551,#7684);
#6650=LINE('',#15558,#7685);
#6651=LINE('',#15562,#7686);
#6652=LINE('',#15564,#7687);
#6653=LINE('',#15566,#7688);
#6654=LINE('',#15568,#7689);
#6655=LINE('',#15572,#7690);
#6656=LINE('',#15576,#7691);
#6657=LINE('',#15578,#7692);
#6658=LINE('',#15580,#7693);
#6659=LINE('',#15584,#7694);
#6660=LINE('',#15588,#7695);
#6661=LINE('',#15590,#7696);
#6662=LINE('',#15592,#7697);
#6663=LINE('',#15596,#7698);
#6664=LINE('',#15603,#7699);
#6665=LINE('',#15607,#7700);
#6666=LINE('',#15609,#7701);
#6667=LINE('',#15611,#7702);
#6668=LINE('',#15613,#7703);
#6669=LINE('',#15617,#7704);
#6670=LINE('',#15621,#7705);
#6671=LINE('',#15623,#7706);
#6672=LINE('',#15625,#7707);
#6673=LINE('',#15629,#7708);
#6674=LINE('',#15633,#7709);
#6675=LINE('',#15635,#7710);
#6676=LINE('',#15637,#7711);
#6677=LINE('',#15641,#7712);
#6678=LINE('',#15648,#7713);
#6679=LINE('',#15652,#7714);
#6680=LINE('',#15654,#7715);
#6681=LINE('',#15656,#7716);
#6682=LINE('',#15658,#7717);
#6683=LINE('',#15662,#7718);
#6684=LINE('',#15666,#7719);
#6685=LINE('',#15668,#7720);
#6686=LINE('',#15670,#7721);
#6687=LINE('',#15674,#7722);
#6688=LINE('',#15678,#7723);
#6689=LINE('',#15680,#7724);
#6690=LINE('',#15682,#7725);
#6691=LINE('',#15686,#7726);
#6692=LINE('',#15693,#7727);
#6693=LINE('',#15697,#7728);
#6694=LINE('',#15699,#7729);
#6695=LINE('',#15701,#7730);
#6696=LINE('',#15703,#7731);
#6697=LINE('',#15705,#7732);
#6698=LINE('',#15707,#7733);
#6699=LINE('',#15709,#7734);
#6700=LINE('',#15713,#7735);
#6701=LINE('',#15717,#7736);
#6702=LINE('',#15719,#7737);
#6703=LINE('',#15721,#7738);
#6704=LINE('',#15725,#7739);
#6705=LINE('',#15729,#7740);
#6706=LINE('',#15731,#7741);
#6707=LINE('',#15733,#7742);
#6708=LINE('',#15737,#7743);
#6709=LINE('',#15741,#7744);
#6710=LINE('',#15743,#7745);
#6711=LINE('',#15745,#7746);
#6712=LINE('',#15747,#7747);
#6713=LINE('',#15749,#7748);
#6714=LINE('',#15751,#7749);
#6715=LINE('',#15755,#7750);
#6716=LINE('',#15759,#7751);
#6717=LINE('',#15761,#7752);
#6718=LINE('',#15763,#7753);
#6719=LINE('',#15765,#7754);
#6720=LINE('',#15767,#7755);
#6721=LINE('',#15769,#7756);
#6722=LINE('',#15773,#7757);
#6723=LINE('',#15777,#7758);
#6724=LINE('',#15779,#7759);
#6725=LINE('',#15781,#7760);
#6726=LINE('',#15785,#7761);
#6727=LINE('',#15789,#7762);
#6728=LINE('',#15791,#7763);
#6729=LINE('',#15793,#7764);
#6730=LINE('',#15797,#7765);
#6731=LINE('',#15801,#7766);
#6732=LINE('',#15803,#7767);
#6733=LINE('',#15805,#7768);
#6734=LINE('',#15807,#7769);
#6735=LINE('',#15809,#7770);
#6736=LINE('',#15811,#7771);
#6737=LINE('',#15815,#7772);
#6738=LINE('',#15819,#7773);
#6739=LINE('',#15821,#7774);
#6740=LINE('',#15823,#7775);
#6741=LINE('',#15825,#7776);
#6742=LINE('',#15827,#7777);
#6743=LINE('',#15829,#7778);
#6744=LINE('',#15833,#7779);
#6745=LINE('',#15837,#7780);
#6746=LINE('',#15839,#7781);
#6747=LINE('',#15841,#7782);
#6748=LINE('',#15845,#7783);
#6749=LINE('',#15849,#7784);
#6750=LINE('',#15851,#7785);
#6751=LINE('',#15853,#7786);
#6752=LINE('',#15857,#7787);
#6753=LINE('',#15861,#7788);
#6754=LINE('',#15863,#7789);
#6755=LINE('',#15865,#7790);
#6756=LINE('',#15867,#7791);
#6757=LINE('',#15869,#7792);
#6758=LINE('',#15871,#7793);
#6759=LINE('',#15875,#7794);
#6760=LINE('',#15879,#7795);
#6761=LINE('',#15881,#7796);
#6762=LINE('',#15883,#7797);
#6763=LINE('',#15885,#7798);
#6764=LINE('',#15887,#7799);
#6765=LINE('',#15889,#7800);
#6766=LINE('',#15893,#7801);
#6767=LINE('',#15897,#7802);
#6768=LINE('',#15899,#7803);
#6769=LINE('',#15901,#7804);
#6770=LINE('',#15905,#7805);
#6771=LINE('',#15909,#7806);
#6772=LINE('',#15911,#7807);
#6773=LINE('',#15913,#7808);
#6774=LINE('',#15917,#7809);
#6775=LINE('',#15921,#7810);
#6776=LINE('',#15923,#7811);
#6777=LINE('',#15925,#7812);
#6778=LINE('',#15927,#7813);
#6779=LINE('',#15928,#7814);
#6780=LINE('',#15930,#7815);
#6781=LINE('',#15931,#7816);
#6782=LINE('',#15933,#7817);
#6783=LINE('',#15934,#7818);
#6784=LINE('',#15936,#7819);
#6785=LINE('',#15937,#7820);
#6786=LINE('',#15939,#7821);
#6787=LINE('',#15940,#7822);
#6788=LINE('',#15948,#7823);
#6789=LINE('',#15951,#7824);
#6790=LINE('',#15953,#7825);
#6791=LINE('',#15955,#7826);
#6792=LINE('',#15959,#7827);
#6793=LINE('',#15963,#7828);
#6794=LINE('',#15965,#7829);
#6795=LINE('',#15967,#7830);
#6796=LINE('',#15971,#7831);
#6797=LINE('',#15975,#7832);
#6798=LINE('',#15977,#7833);
#6799=LINE('',#15979,#7834);
#6800=LINE('',#15983,#7835);
#6801=LINE('',#15987,#7836);
#6802=LINE('',#15989,#7837);
#6803=LINE('',#15991,#7838);
#6804=LINE('',#15995,#7839);
#6805=LINE('',#15999,#7840);
#6806=LINE('',#16001,#7841);
#6807=LINE('',#16003,#7842);
#6808=LINE('',#16007,#7843);
#6809=LINE('',#16011,#7844);
#6810=LINE('',#16013,#7845);
#6811=LINE('',#16015,#7846);
#6812=LINE('',#16019,#7847);
#6813=LINE('',#16023,#7848);
#6814=LINE('',#16025,#7849);
#6815=LINE('',#16027,#7850);
#6816=LINE('',#16031,#7851);
#6817=LINE('',#16035,#7852);
#6818=LINE('',#16037,#7853);
#6819=LINE('',#16039,#7854);
#6820=LINE('',#16043,#7855);
#6821=LINE('',#16047,#7856);
#6822=LINE('',#16049,#7857);
#6823=LINE('',#16051,#7858);
#6824=LINE('',#16055,#7859);
#6825=LINE('',#16059,#7860);
#6826=LINE('',#16061,#7861);
#6827=LINE('',#16063,#7862);
#6828=LINE('',#16067,#7863);
#6829=LINE('',#16071,#7864);
#6830=LINE('',#16073,#7865);
#6831=LINE('',#16075,#7866);
#6832=LINE('',#16079,#7867);
#6833=LINE('',#16083,#7868);
#6834=LINE('',#16085,#7869);
#6835=LINE('',#16087,#7870);
#6836=LINE('',#16091,#7871);
#6837=LINE('',#16095,#7872);
#6838=LINE('',#16097,#7873);
#6839=LINE('',#16099,#7874);
#6840=LINE('',#16103,#7875);
#6841=LINE('',#16107,#7876);
#6842=LINE('',#16109,#7877);
#6843=LINE('',#16111,#7878);
#6844=LINE('',#16115,#7879);
#6845=LINE('',#16119,#7880);
#6846=LINE('',#16121,#7881);
#6847=LINE('',#16123,#7882);
#6848=LINE('',#16127,#7883);
#6849=LINE('',#16131,#7884);
#6850=LINE('',#16133,#7885);
#6851=LINE('',#16135,#7886);
#6852=LINE('',#16139,#7887);
#6853=LINE('',#16143,#7888);
#6854=LINE('',#16145,#7889);
#6855=LINE('',#16147,#7890);
#6856=LINE('',#16151,#7891);
#6857=LINE('',#16155,#7892);
#6858=LINE('',#16157,#7893);
#6859=LINE('',#16159,#7894);
#6860=LINE('',#16163,#7895);
#6861=LINE('',#16167,#7896);
#6862=LINE('',#16169,#7897);
#6863=LINE('',#16171,#7898);
#6864=LINE('',#16175,#7899);
#6865=LINE('',#16179,#7900);
#6866=LINE('',#16181,#7901);
#6867=LINE('',#16183,#7902);
#6868=LINE('',#16187,#7903);
#6869=LINE('',#16191,#7904);
#6870=LINE('',#16193,#7905);
#6871=LINE('',#16195,#7906);
#6872=LINE('',#16199,#7907);
#6873=LINE('',#16203,#7908);
#6874=LINE('',#16205,#7909);
#6875=LINE('',#16207,#7910);
#6876=LINE('',#16211,#7911);
#6877=LINE('',#16215,#7912);
#6878=LINE('',#16217,#7913);
#6879=LINE('',#16219,#7914);
#6880=LINE('',#16223,#7915);
#6881=LINE('',#16227,#7916);
#6882=LINE('',#16229,#7917);
#6883=LINE('',#16231,#7918);
#6884=LINE('',#16235,#7919);
#6885=LINE('',#16239,#7920);
#6886=LINE('',#16241,#7921);
#6887=LINE('',#16243,#7922);
#6888=LINE('',#16247,#7923);
#6889=LINE('',#16251,#7924);
#6890=LINE('',#16253,#7925);
#6891=LINE('',#16255,#7926);
#6892=LINE('',#16259,#7927);
#6893=LINE('',#16263,#7928);
#6894=LINE('',#16265,#7929);
#6895=LINE('',#16267,#7930);
#6896=LINE('',#16271,#7931);
#6897=LINE('',#16275,#7932);
#6898=LINE('',#16277,#7933);
#6899=LINE('',#16279,#7934);
#6900=LINE('',#16283,#7935);
#6901=LINE('',#16287,#7936);
#6902=LINE('',#16289,#7937);
#6903=LINE('',#16291,#7938);
#6904=LINE('',#16295,#7939);
#6905=LINE('',#16299,#7940);
#6906=LINE('',#16301,#7941);
#6907=LINE('',#16303,#7942);
#6908=LINE('',#16307,#7943);
#6909=LINE('',#16311,#7944);
#6910=LINE('',#16313,#7945);
#6911=LINE('',#16315,#7946);
#6912=LINE('',#16319,#7947);
#6913=LINE('',#16323,#7948);
#6914=LINE('',#16325,#7949);
#6915=LINE('',#16327,#7950);
#6916=LINE('',#16331,#7951);
#6917=LINE('',#16335,#7952);
#6918=LINE('',#16337,#7953);
#6919=LINE('',#16339,#7954);
#6920=LINE('',#16343,#7955);
#6921=LINE('',#16347,#7956);
#6922=LINE('',#16349,#7957);
#6923=LINE('',#16351,#7958);
#6924=LINE('',#16355,#7959);
#6925=LINE('',#16359,#7960);
#6926=LINE('',#16361,#7961);
#6927=LINE('',#16363,#7962);
#6928=LINE('',#16367,#7963);
#6929=LINE('',#16371,#7964);
#6930=LINE('',#16373,#7965);
#6931=LINE('',#16375,#7966);
#6932=LINE('',#16379,#7967);
#6933=LINE('',#16383,#7968);
#6934=LINE('',#16385,#7969);
#6935=LINE('',#16387,#7970);
#6936=LINE('',#16391,#7971);
#6937=LINE('',#16395,#7972);
#6938=LINE('',#16397,#7973);
#6939=LINE('',#16399,#7974);
#6940=LINE('',#16403,#7975);
#6941=LINE('',#16407,#7976);
#6942=LINE('',#16409,#7977);
#6943=LINE('',#16411,#7978);
#6944=LINE('',#16415,#7979);
#6945=LINE('',#16419,#7980);
#6946=LINE('',#16421,#7981);
#6947=LINE('',#16423,#7982);
#6948=LINE('',#16427,#7983);
#6949=LINE('',#16431,#7984);
#6950=LINE('',#16433,#7985);
#6951=LINE('',#16435,#7986);
#6952=LINE('',#16439,#7987);
#6953=LINE('',#16443,#7988);
#6954=LINE('',#16445,#7989);
#6955=LINE('',#16447,#7990);
#6956=LINE('',#16451,#7991);
#6957=LINE('',#16455,#7992);
#6958=LINE('',#16457,#7993);
#6959=LINE('',#16459,#7994);
#6960=LINE('',#16463,#7995);
#6961=LINE('',#16467,#7996);
#6962=LINE('',#16469,#7997);
#6963=LINE('',#16471,#7998);
#6964=LINE('',#16475,#7999);
#6965=LINE('',#16479,#8000);
#6966=LINE('',#16481,#8001);
#6967=LINE('',#16483,#8002);
#6968=LINE('',#16487,#8003);
#6969=LINE('',#16491,#8004);
#6970=LINE('',#16493,#8005);
#6971=LINE('',#16495,#8006);
#6972=LINE('',#16499,#8007);
#6973=LINE('',#16503,#8008);
#6974=LINE('',#16505,#8009);
#6975=LINE('',#16507,#8010);
#6976=LINE('',#16511,#8011);
#6977=LINE('',#16515,#8012);
#6978=LINE('',#16517,#8013);
#6979=LINE('',#16519,#8014);
#6980=LINE('',#16523,#8015);
#6981=LINE('',#16527,#8016);
#6982=LINE('',#16529,#8017);
#6983=LINE('',#16531,#8018);
#6984=LINE('',#16535,#8019);
#6985=LINE('',#16539,#8020);
#6986=LINE('',#16541,#8021);
#6987=LINE('',#16543,#8022);
#6988=LINE('',#16547,#8023);
#6989=LINE('',#16551,#8024);
#6990=LINE('',#16553,#8025);
#6991=LINE('',#16555,#8026);
#6992=LINE('',#16559,#8027);
#6993=LINE('',#16563,#8028);
#6994=LINE('',#16565,#8029);
#6995=LINE('',#16567,#8030);
#6996=LINE('',#16571,#8031);
#6997=LINE('',#16575,#8032);
#6998=LINE('',#16577,#8033);
#6999=LINE('',#16579,#8034);
#7000=LINE('',#16583,#8035);
#7001=LINE('',#16587,#8036);
#7002=LINE('',#16589,#8037);
#7003=LINE('',#16591,#8038);
#7004=LINE('',#16595,#8039);
#7005=LINE('',#16599,#8040);
#7006=LINE('',#16601,#8041);
#7007=LINE('',#16603,#8042);
#7008=LINE('',#16607,#8043);
#7009=LINE('',#16611,#8044);
#7010=LINE('',#16613,#8045);
#7011=LINE('',#16615,#8046);
#7012=LINE('',#16619,#8047);
#7013=LINE('',#16623,#8048);
#7014=LINE('',#16625,#8049);
#7015=LINE('',#16627,#8050);
#7016=LINE('',#16631,#8051);
#7017=LINE('',#16635,#8052);
#7018=LINE('',#16637,#8053);
#7019=LINE('',#16639,#8054);
#7020=LINE('',#16643,#8055);
#7021=LINE('',#16647,#8056);
#7022=LINE('',#16649,#8057);
#7023=LINE('',#16651,#8058);
#7024=LINE('',#16655,#8059);
#7025=LINE('',#16659,#8060);
#7026=LINE('',#16661,#8061);
#7027=LINE('',#16663,#8062);
#7028=LINE('',#16668,#8063);
#7029=LINE('',#16672,#8064);
#7030=LINE('',#16674,#8065);
#7031=LINE('',#16676,#8066);
#7032=LINE('',#16678,#8067);
#7033=LINE('',#16682,#8068);
#7034=LINE('',#16686,#8069);
#7035=LINE('',#16688,#8070);
#7036=LINE('',#16690,#8071);
#7037=LINE('',#16694,#8072);
#7038=LINE('',#16698,#8073);
#7039=LINE('',#16700,#8074);
#7040=LINE('',#16702,#8075);
#7041=LINE('',#16706,#8076);
#7042=LINE('',#16713,#8077);
#7043=LINE('',#16717,#8078);
#7044=LINE('',#16719,#8079);
#7045=LINE('',#16721,#8080);
#7046=LINE('',#16723,#8081);
#7047=LINE('',#16727,#8082);
#7048=LINE('',#16731,#8083);
#7049=LINE('',#16733,#8084);
#7050=LINE('',#16735,#8085);
#7051=LINE('',#16739,#8086);
#7052=LINE('',#16743,#8087);
#7053=LINE('',#16745,#8088);
#7054=LINE('',#16747,#8089);
#7055=LINE('',#16751,#8090);
#7056=LINE('',#16758,#8091);
#7057=LINE('',#16762,#8092);
#7058=LINE('',#16764,#8093);
#7059=LINE('',#16766,#8094);
#7060=LINE('',#16768,#8095);
#7061=LINE('',#16772,#8096);
#7062=LINE('',#16776,#8097);
#7063=LINE('',#16778,#8098);
#7064=LINE('',#16780,#8099);
#7065=LINE('',#16784,#8100);
#7066=LINE('',#16788,#8101);
#7067=LINE('',#16790,#8102);
#7068=LINE('',#16792,#8103);
#7069=LINE('',#16796,#8104);
#7070=LINE('',#16803,#8105);
#7071=LINE('',#16807,#8106);
#7072=LINE('',#16809,#8107);
#7073=LINE('',#16811,#8108);
#7074=LINE('',#16813,#8109);
#7075=LINE('',#16817,#8110);
#7076=LINE('',#16821,#8111);
#7077=LINE('',#16823,#8112);
#7078=LINE('',#16825,#8113);
#7079=LINE('',#16829,#8114);
#7080=LINE('',#16833,#8115);
#7081=LINE('',#16835,#8116);
#7082=LINE('',#16837,#8117);
#7083=LINE('',#16841,#8118);
#7084=LINE('',#16848,#8119);
#7085=LINE('',#16852,#8120);
#7086=LINE('',#16854,#8121);
#7087=LINE('',#16856,#8122);
#7088=LINE('',#16858,#8123);
#7089=LINE('',#16860,#8124);
#7090=LINE('',#16862,#8125);
#7091=LINE('',#16864,#8126);
#7092=LINE('',#16868,#8127);
#7093=LINE('',#16872,#8128);
#7094=LINE('',#16874,#8129);
#7095=LINE('',#16876,#8130);
#7096=LINE('',#16880,#8131);
#7097=LINE('',#16884,#8132);
#7098=LINE('',#16886,#8133);
#7099=LINE('',#16888,#8134);
#7100=LINE('',#16892,#8135);
#7101=LINE('',#16896,#8136);
#7102=LINE('',#16898,#8137);
#7103=LINE('',#16900,#8138);
#7104=LINE('',#16902,#8139);
#7105=LINE('',#16904,#8140);
#7106=LINE('',#16906,#8141);
#7107=LINE('',#16910,#8142);
#7108=LINE('',#16914,#8143);
#7109=LINE('',#16916,#8144);
#7110=LINE('',#16918,#8145);
#7111=LINE('',#16920,#8146);
#7112=LINE('',#16922,#8147);
#7113=LINE('',#16924,#8148);
#7114=LINE('',#16928,#8149);
#7115=LINE('',#16932,#8150);
#7116=LINE('',#16934,#8151);
#7117=LINE('',#16936,#8152);
#7118=LINE('',#16940,#8153);
#7119=LINE('',#16944,#8154);
#7120=LINE('',#16946,#8155);
#7121=LINE('',#16948,#8156);
#7122=LINE('',#16952,#8157);
#7123=LINE('',#16956,#8158);
#7124=LINE('',#16958,#8159);
#7125=LINE('',#16960,#8160);
#7126=LINE('',#16962,#8161);
#7127=LINE('',#16964,#8162);
#7128=LINE('',#16966,#8163);
#7129=LINE('',#16970,#8164);
#7130=LINE('',#16974,#8165);
#7131=LINE('',#16976,#8166);
#7132=LINE('',#16978,#8167);
#7133=LINE('',#16980,#8168);
#7134=LINE('',#16982,#8169);
#7135=LINE('',#16984,#8170);
#7136=LINE('',#16988,#8171);
#7137=LINE('',#16992,#8172);
#7138=LINE('',#16994,#8173);
#7139=LINE('',#16996,#8174);
#7140=LINE('',#17000,#8175);
#7141=LINE('',#17004,#8176);
#7142=LINE('',#17006,#8177);
#7143=LINE('',#17008,#8178);
#7144=LINE('',#17012,#8179);
#7145=LINE('',#17016,#8180);
#7146=LINE('',#17018,#8181);
#7147=LINE('',#17020,#8182);
#7148=LINE('',#17022,#8183);
#7149=LINE('',#17024,#8184);
#7150=LINE('',#17026,#8185);
#7151=LINE('',#17030,#8186);
#7152=LINE('',#17034,#8187);
#7153=LINE('',#17036,#8188);
#7154=LINE('',#17038,#8189);
#7155=LINE('',#17040,#8190);
#7156=LINE('',#17042,#8191);
#7157=LINE('',#17044,#8192);
#7158=LINE('',#17048,#8193);
#7159=LINE('',#17052,#8194);
#7160=LINE('',#17054,#8195);
#7161=LINE('',#17056,#8196);
#7162=LINE('',#17060,#8197);
#7163=LINE('',#17064,#8198);
#7164=LINE('',#17066,#8199);
#7165=LINE('',#17068,#8200);
#7166=LINE('',#17072,#8201);
#7167=LINE('',#17076,#8202);
#7168=LINE('',#17078,#8203);
#7169=LINE('',#17080,#8204);
#7170=LINE('',#17082,#8205);
#7171=LINE('',#17083,#8206);
#7172=LINE('',#17085,#8207);
#7173=LINE('',#17086,#8208);
#7174=LINE('',#17088,#8209);
#7175=LINE('',#17089,#8210);
#7176=LINE('',#17091,#8211);
#7177=LINE('',#17092,#8212);
#7178=LINE('',#17094,#8213);
#7179=LINE('',#17095,#8214);
#7180=LINE('',#17103,#8215);
#7181=LINE('',#17106,#8216);
#7182=LINE('',#17108,#8217);
#7183=LINE('',#17110,#8218);
#7184=LINE('',#17112,#8219);
#7185=LINE('',#17114,#8220);
#7186=LINE('',#17116,#8221);
#7187=LINE('',#17118,#8222);
#7188=LINE('',#17120,#8223);
#7189=LINE('',#17122,#8224);
#7190=LINE('',#17124,#8225);
#7191=LINE('',#17127,#8226);
#7192=LINE('',#17129,#8227);
#7193=LINE('',#17131,#8228);
#7194=LINE('',#17133,#8229);
#7195=LINE('',#17135,#8230);
#7196=LINE('',#17137,#8231);
#7197=LINE('',#17139,#8232);
#7198=LINE('',#17141,#8233);
#7199=LINE('',#17143,#8234);
#7200=LINE('',#17145,#8235);
#7201=LINE('',#17148,#8236);
#7202=LINE('',#17150,#8237);
#7203=LINE('',#17152,#8238);
#7204=LINE('',#17154,#8239);
#7205=LINE('',#17156,#8240);
#7206=LINE('',#17158,#8241);
#7207=LINE('',#17160,#8242);
#7208=LINE('',#17162,#8243);
#7209=LINE('',#17164,#8244);
#7210=LINE('',#17166,#8245);
#7211=LINE('',#17169,#8246);
#7212=LINE('',#17171,#8247);
#7213=LINE('',#17173,#8248);
#7214=LINE('',#17175,#8249);
#7215=LINE('',#17177,#8250);
#7216=LINE('',#17179,#8251);
#7217=LINE('',#17181,#8252);
#7218=LINE('',#17183,#8253);
#7219=LINE('',#17185,#8254);
#7220=LINE('',#17187,#8255);
#7221=LINE('',#17190,#8256);
#7222=LINE('',#17192,#8257);
#7223=LINE('',#17194,#8258);
#7224=LINE('',#17196,#8259);
#7225=LINE('',#17198,#8260);
#7226=LINE('',#17200,#8261);
#7227=LINE('',#17202,#8262);
#7228=LINE('',#17204,#8263);
#7229=LINE('',#17206,#8264);
#7230=LINE('',#17210,#8265);
#7231=LINE('',#17214,#8266);
#7232=LINE('',#17216,#8267);
#7233=LINE('',#17218,#8268);
#7234=LINE('',#17222,#8269);
#7235=LINE('',#17226,#8270);
#7236=LINE('',#17228,#8271);
#7237=LINE('',#17230,#8272);
#7238=LINE('',#17234,#8273);
#7239=LINE('',#17238,#8274);
#7240=LINE('',#17240,#8275);
#7241=LINE('',#17242,#8276);
#7242=LINE('',#17246,#8277);
#7243=LINE('',#17250,#8278);
#7244=LINE('',#17252,#8279);
#7245=LINE('',#17254,#8280);
#7246=LINE('',#17258,#8281);
#7247=LINE('',#17262,#8282);
#7248=LINE('',#17264,#8283);
#7249=LINE('',#17266,#8284);
#7250=LINE('',#17270,#8285);
#7251=LINE('',#17274,#8286);
#7252=LINE('',#17276,#8287);
#7253=LINE('',#17278,#8288);
#7254=LINE('',#17280,#8289);
#7255=LINE('',#17282,#8290);
#7256=LINE('',#17284,#8291);
#7257=LINE('',#17286,#8292);
#7258=LINE('',#17289,#8293);
#7259=LINE('',#17291,#8294);
#7260=LINE('',#17293,#8295);
#7261=LINE('',#17295,#8296);
#7262=LINE('',#17297,#8297);
#7263=LINE('',#17299,#8298);
#7264=LINE('',#17301,#8299);
#7265=LINE('',#17303,#8300);
#7266=LINE('',#17305,#8301);
#7267=LINE('',#17307,#8302);
#7268=LINE('',#17310,#8303);
#7269=LINE('',#17312,#8304);
#7270=LINE('',#17314,#8305);
#7271=LINE('',#17316,#8306);
#7272=LINE('',#17318,#8307);
#7273=LINE('',#17320,#8308);
#7274=LINE('',#17322,#8309);
#7275=LINE('',#17324,#8310);
#7276=LINE('',#17326,#8311);
#7277=LINE('',#17328,#8312);
#7278=LINE('',#17329,#8313);
#7279=LINE('',#17331,#8314);
#7280=LINE('',#17332,#8315);
#7281=LINE('',#17334,#8316);
#7282=LINE('',#17336,#8317);
#7283=LINE('',#17338,#8318);
#7284=LINE('',#17370,#8319);
#7285=LINE('',#17371,#8320);
#7286=LINE('',#17373,#8321);
#7287=LINE('',#17374,#8322);
#7288=LINE('',#17376,#8323);
#7289=LINE('',#17377,#8324);
#7290=LINE('',#17379,#8325);
#7291=LINE('',#17380,#8326);
#7292=LINE('',#17382,#8327);
#7293=LINE('',#17384,#8328);
#7294=LINE('',#17386,#8329);
#7295=LINE('',#17389,#8330);
#7296=LINE('',#17391,#8331);
#7297=LINE('',#17393,#8332);
#7298=LINE('',#17395,#8333);
#7299=LINE('',#17398,#8334);
#7300=LINE('',#17400,#8335);
#7301=LINE('',#17402,#8336);
#7302=LINE('',#17439,#8337);
#7303=LINE('',#17442,#8338);
#7304=LINE('',#17444,#8339);
#7305=LINE('',#17446,#8340);
#7306=LINE('',#17450,#8341);
#7307=LINE('',#17453,#8342);
#7308=LINE('',#17471,#8343);
#7309=LINE('',#17475,#8344);
#7310=LINE('',#17477,#8345);
#7311=LINE('',#17479,#8346);
#7312=LINE('',#17481,#8347);
#7313=LINE('',#17485,#8348);
#7314=LINE('',#17489,#8349);
#7315=LINE('',#17491,#8350);
#7316=LINE('',#17493,#8351);
#7317=LINE('',#17497,#8352);
#7318=LINE('',#17501,#8353);
#7319=LINE('',#17503,#8354);
#7320=LINE('',#17505,#8355);
#7321=LINE('',#17507,#8356);
#7322=LINE('',#17510,#8357);
#7323=LINE('',#17512,#8358);
#7324=LINE('',#17514,#8359);
#7325=LINE('',#17518,#8360);
#7326=LINE('',#17522,#8361);
#7327=LINE('',#17524,#8362);
#7328=LINE('',#17526,#8363);
#7329=LINE('',#17530,#8364);
#7330=LINE('',#17554,#8365);
#7331=LINE('',#17555,#8366);
#7332=LINE('',#17567,#8367);
#7333=LINE('',#17569,#8368);
#7334=LINE('',#17574,#8369);
#7335=LINE('',#17577,#8370);
#7336=LINE('',#17579,#8371);
#7337=LINE('',#17581,#8372);
#7338=LINE('',#17583,#8373);
#7339=LINE('',#17586,#8374);
#7340=LINE('',#17588,#8375);
#7341=LINE('',#17590,#8376);
#7342=LINE('',#17592,#8377);
#7343=LINE('',#17594,#8378);
#7344=LINE('',#17596,#8379);
#7345=LINE('',#17600,#8380);
#7346=LINE('',#17604,#8381);
#7347=LINE('',#17606,#8382);
#7348=LINE('',#17608,#8383);
#7349=LINE('',#17612,#8384);
#7350=LINE('',#17616,#8385);
#7351=LINE('',#17618,#8386);
#7352=LINE('',#17620,#8387);
#7353=LINE('',#17624,#8388);
#7354=LINE('',#17628,#8389);
#7355=LINE('',#17630,#8390);
#7356=LINE('',#17632,#8391);
#7357=LINE('',#17636,#8392);
#7358=LINE('',#17640,#8393);
#7359=LINE('',#17642,#8394);
#7360=LINE('',#17644,#8395);
#7361=LINE('',#17648,#8396);
#7362=LINE('',#17652,#8397);
#7363=LINE('',#17654,#8398);
#7364=LINE('',#17656,#8399);
#7365=LINE('',#17660,#8400);
#7366=LINE('',#17664,#8401);
#7367=LINE('',#17666,#8402);
#7368=LINE('',#17668,#8403);
#7369=LINE('',#17670,#8404);
#7370=LINE('',#17672,#8405);
#7371=LINE('',#17674,#8406);
#7372=LINE('',#17676,#8407);
#7373=LINE('',#17679,#8408);
#7374=LINE('',#17681,#8409);
#7375=LINE('',#17683,#8410);
#7376=LINE('',#17687,#8411);
#7377=LINE('',#17691,#8412);
#7378=LINE('',#17693,#8413);
#7379=LINE('',#17695,#8414);
#7380=LINE('',#17766,#8415);
#7381=LINE('',#17769,#8416);
#7382=LINE('',#17771,#8417);
#7383=LINE('',#17773,#8418);
#7384=LINE('',#17775,#8419);
#7385=LINE('',#17777,#8420);
#7386=LINE('',#17779,#8421);
#7387=LINE('',#17781,#8422);
#7388=LINE('',#17783,#8423);
#7389=LINE('',#17785,#8424);
#7390=LINE('',#17787,#8425);
#7391=LINE('',#17789,#8426);
#7392=LINE('',#17791,#8427);
#7393=LINE('',#17793,#8428);
#7394=LINE('',#17795,#8429);
#7395=LINE('',#17797,#8430);
#7396=LINE('',#17799,#8431);
#7397=LINE('',#17801,#8432);
#7398=LINE('',#17803,#8433);
#7399=LINE('',#17805,#8434);
#7400=LINE('',#17807,#8435);
#7401=LINE('',#17809,#8436);
#7402=LINE('',#17811,#8437);
#7403=LINE('',#17813,#8438);
#7404=LINE('',#17815,#8439);
#7405=LINE('',#17817,#8440);
#7406=LINE('',#17819,#8441);
#7407=LINE('',#17821,#8442);
#7408=LINE('',#17823,#8443);
#7409=LINE('',#17825,#8444);
#7410=LINE('',#17827,#8445);
#7411=LINE('',#17829,#8446);
#7412=LINE('',#17831,#8447);
#7413=LINE('',#17833,#8448);
#7414=LINE('',#17835,#8449);
#7415=LINE('',#17837,#8450);
#7416=LINE('',#17839,#8451);
#7417=LINE('',#17841,#8452);
#7418=LINE('',#17843,#8453);
#7419=LINE('',#17845,#8454);
#7420=LINE('',#17847,#8455);
#7421=LINE('',#17849,#8456);
#7422=LINE('',#17851,#8457);
#7423=LINE('',#17853,#8458);
#7424=LINE('',#17855,#8459);
#7425=LINE('',#17857,#8460);
#7426=LINE('',#17859,#8461);
#7427=LINE('',#17861,#8462);
#7428=LINE('',#17863,#8463);
#7429=LINE('',#17865,#8464);
#7430=LINE('',#17866,#8465);
#7431=VECTOR('',#11698,1.);
#7432=VECTOR('',#11699,1.);
#7433=VECTOR('',#11700,1.);
#7434=VECTOR('',#11701,1.);
#7435=VECTOR('',#11706,1.);
#7436=VECTOR('',#11711,1.);
#7437=VECTOR('',#11712,1.);
#7438=VECTOR('',#11713,1.);
#7439=VECTOR('',#11718,1.);
#7440=VECTOR('',#11723,1.);
#7441=VECTOR('',#11724,1.);
#7442=VECTOR('',#11725,1.);
#7443=VECTOR('',#11730,1.);
#7444=VECTOR('',#11735,1.);
#7445=VECTOR('',#11736,1.);
#7446=VECTOR('',#11737,1.);
#7447=VECTOR('',#11742,1.);
#7448=VECTOR('',#11747,1.);
#7449=VECTOR('',#11748,1.);
#7450=VECTOR('',#11749,1.);
#7451=VECTOR('',#11754,1.);
#7452=VECTOR('',#11759,1.);
#7453=VECTOR('',#11760,1.);
#7454=VECTOR('',#11761,1.);
#7455=VECTOR('',#11766,1.);
#7456=VECTOR('',#11771,1.);
#7457=VECTOR('',#11772,1.);
#7458=VECTOR('',#11773,1.);
#7459=VECTOR('',#11778,1.);
#7460=VECTOR('',#11783,1.);
#7461=VECTOR('',#11784,1.);
#7462=VECTOR('',#11785,1.);
#7463=VECTOR('',#11790,1.);
#7464=VECTOR('',#11795,1.);
#7465=VECTOR('',#11796,1.);
#7466=VECTOR('',#11797,1.);
#7467=VECTOR('',#11802,1.);
#7468=VECTOR('',#11807,1.);
#7469=VECTOR('',#11808,1.);
#7470=VECTOR('',#11809,1.);
#7471=VECTOR('',#11814,1.);
#7472=VECTOR('',#11819,1.);
#7473=VECTOR('',#11820,1.);
#7474=VECTOR('',#11821,1.);
#7475=VECTOR('',#11826,1.);
#7476=VECTOR('',#11831,1.);
#7477=VECTOR('',#11832,1.);
#7478=VECTOR('',#11833,1.);
#7479=VECTOR('',#11838,1.);
#7480=VECTOR('',#11843,1.);
#7481=VECTOR('',#11844,1.);
#7482=VECTOR('',#11845,1.);
#7483=VECTOR('',#11850,1.);
#7484=VECTOR('',#11855,1.);
#7485=VECTOR('',#11856,1.);
#7486=VECTOR('',#11857,1.);
#7487=VECTOR('',#11862,1.);
#7488=VECTOR('',#11867,1.);
#7489=VECTOR('',#11868,1.);
#7490=VECTOR('',#11869,1.);
#7491=VECTOR('',#11874,1.);
#7492=VECTOR('',#11879,1.);
#7493=VECTOR('',#11880,1.);
#7494=VECTOR('',#11881,1.);
#7495=VECTOR('',#11886,1.);
#7496=VECTOR('',#11891,1.);
#7497=VECTOR('',#11892,1.);
#7498=VECTOR('',#11893,1.);
#7499=VECTOR('',#11898,1.);
#7500=VECTOR('',#11903,1.);
#7501=VECTOR('',#11904,1.);
#7502=VECTOR('',#11905,1.);
#7503=VECTOR('',#11910,1.);
#7504=VECTOR('',#11915,1.);
#7505=VECTOR('',#11916,1.);
#7506=VECTOR('',#11917,1.);
#7507=VECTOR('',#11922,1.);
#7508=VECTOR('',#11927,1.);
#7509=VECTOR('',#11928,1.);
#7510=VECTOR('',#11929,1.);
#7511=VECTOR('',#11934,1.);
#7512=VECTOR('',#11939,1.);
#7513=VECTOR('',#11940,1.);
#7514=VECTOR('',#11941,1.);
#7515=VECTOR('',#11946,1.);
#7516=VECTOR('',#11951,1.);
#7517=VECTOR('',#11952,1.);
#7518=VECTOR('',#11953,1.);
#7519=VECTOR('',#11958,1.);
#7520=VECTOR('',#11963,1.);
#7521=VECTOR('',#11964,1.);
#7522=VECTOR('',#11965,1.);
#7523=VECTOR('',#11970,1.);
#7524=VECTOR('',#11975,1.);
#7525=VECTOR('',#11976,1.);
#7526=VECTOR('',#11977,1.);
#7527=VECTOR('',#11982,1.);
#7528=VECTOR('',#11987,1.);
#7529=VECTOR('',#11988,1.);
#7530=VECTOR('',#11989,1.);
#7531=VECTOR('',#11994,1.);
#7532=VECTOR('',#11999,1.);
#7533=VECTOR('',#12000,1.);
#7534=VECTOR('',#12001,1.);
#7535=VECTOR('',#12006,1.);
#7536=VECTOR('',#12011,1.);
#7537=VECTOR('',#12012,1.);
#7538=VECTOR('',#12013,1.);
#7539=VECTOR('',#12018,1.);
#7540=VECTOR('',#12023,1.);
#7541=VECTOR('',#12024,1.);
#7542=VECTOR('',#12025,1.);
#7543=VECTOR('',#12030,1.);
#7544=VECTOR('',#12035,1.);
#7545=VECTOR('',#12036,1.);
#7546=VECTOR('',#12037,1.);
#7547=VECTOR('',#12042,1.);
#7548=VECTOR('',#12047,1.);
#7549=VECTOR('',#12048,1.);
#7550=VECTOR('',#12049,1.);
#7551=VECTOR('',#12054,1.);
#7552=VECTOR('',#12059,1.);
#7553=VECTOR('',#12060,1.);
#7554=VECTOR('',#12061,1.);
#7555=VECTOR('',#12066,1.);
#7556=VECTOR('',#12071,1.);
#7557=VECTOR('',#12072,1.);
#7558=VECTOR('',#12073,1.);
#7559=VECTOR('',#12078,1.);
#7560=VECTOR('',#12083,1.);
#7561=VECTOR('',#12084,1.);
#7562=VECTOR('',#12085,1.);
#7563=VECTOR('',#12090,1.);
#7564=VECTOR('',#12095,1.);
#7565=VECTOR('',#12096,1.);
#7566=VECTOR('',#12097,1.);
#7567=VECTOR('',#12102,1.);
#7568=VECTOR('',#12107,1.);
#7569=VECTOR('',#12108,1.);
#7570=VECTOR('',#12109,1.);
#7571=VECTOR('',#12114,1.);
#7572=VECTOR('',#12119,1.);
#7573=VECTOR('',#12120,1.);
#7574=VECTOR('',#12121,1.);
#7575=VECTOR('',#12126,1.);
#7576=VECTOR('',#12131,1.);
#7577=VECTOR('',#12132,1.);
#7578=VECTOR('',#12133,1.);
#7579=VECTOR('',#12138,1.);
#7580=VECTOR('',#12143,1.);
#7581=VECTOR('',#12144,1.);
#7582=VECTOR('',#12145,1.);
#7583=VECTOR('',#12150,1.);
#7584=VECTOR('',#12155,1.);
#7585=VECTOR('',#12156,1.);
#7586=VECTOR('',#12157,1.);
#7587=VECTOR('',#12162,1.);
#7588=VECTOR('',#12167,1.);
#7589=VECTOR('',#12168,1.);
#7590=VECTOR('',#12169,1.);
#7591=VECTOR('',#12174,1.);
#7592=VECTOR('',#12179,1.);
#7593=VECTOR('',#12180,1.);
#7594=VECTOR('',#12181,1.);
#7595=VECTOR('',#12186,1.);
#7596=VECTOR('',#12191,1.);
#7597=VECTOR('',#12192,1.);
#7598=VECTOR('',#12193,1.);
#7599=VECTOR('',#12198,1.);
#7600=VECTOR('',#12203,1.);
#7601=VECTOR('',#12204,1.);
#7602=VECTOR('',#12205,1.);
#7603=VECTOR('',#12210,1.);
#7604=VECTOR('',#12215,1.);
#7605=VECTOR('',#12216,1.);
#7606=VECTOR('',#12217,1.);
#7607=VECTOR('',#12222,1.);
#7608=VECTOR('',#12227,1.);
#7609=VECTOR('',#12228,1.);
#7610=VECTOR('',#12229,1.);
#7611=VECTOR('',#12234,1.);
#7612=VECTOR('',#12239,1.);
#7613=VECTOR('',#12240,1.);
#7614=VECTOR('',#12241,1.);
#7615=VECTOR('',#12246,1.);
#7616=VECTOR('',#12251,1.);
#7617=VECTOR('',#12252,1.);
#7618=VECTOR('',#12253,1.);
#7619=VECTOR('',#12258,1.);
#7620=VECTOR('',#12263,1.);
#7621=VECTOR('',#12264,1.);
#7622=VECTOR('',#12265,1.);
#7623=VECTOR('',#12270,1.);
#7624=VECTOR('',#12275,1.);
#7625=VECTOR('',#12276,1.);
#7626=VECTOR('',#12277,1.);
#7627=VECTOR('',#12282,1.);
#7628=VECTOR('',#12287,1.);
#7629=VECTOR('',#12288,1.);
#7630=VECTOR('',#12289,1.);
#7631=VECTOR('',#12294,1.);
#7632=VECTOR('',#12299,1.);
#7633=VECTOR('',#12300,1.);
#7634=VECTOR('',#12301,1.);
#7635=VECTOR('',#12306,1.);
#7636=VECTOR('',#12311,1.);
#7637=VECTOR('',#12312,1.);
#7638=VECTOR('',#12313,1.);
#7639=VECTOR('',#12318,1.);
#7640=VECTOR('',#12323,1.);
#7641=VECTOR('',#12324,1.);
#7642=VECTOR('',#12325,1.);
#7643=VECTOR('',#12330,1.);
#7644=VECTOR('',#12335,1.);
#7645=VECTOR('',#12336,1.);
#7646=VECTOR('',#12337,1.);
#7647=VECTOR('',#12342,1.);
#7648=VECTOR('',#12347,1.);
#7649=VECTOR('',#12348,1.);
#7650=VECTOR('',#12349,1.);
#7651=VECTOR('',#12354,1.);
#7652=VECTOR('',#12359,1.);
#7653=VECTOR('',#12360,1.);
#7654=VECTOR('',#12361,1.);
#7655=VECTOR('',#12366,1.);
#7656=VECTOR('',#12371,1.);
#7657=VECTOR('',#12372,1.);
#7658=VECTOR('',#12373,1.);
#7659=VECTOR('',#12378,1.);
#7660=VECTOR('',#12383,1.);
#7661=VECTOR('',#12384,1.);
#7662=VECTOR('',#12385,1.);
#7663=VECTOR('',#12390,1.);
#7664=VECTOR('',#12395,1.);
#7665=VECTOR('',#12396,1.);
#7666=VECTOR('',#12397,1.);
#7667=VECTOR('',#12402,1.);
#7668=VECTOR('',#12407,1.);
#7669=VECTOR('',#12408,1.);
#7670=VECTOR('',#12409,1.);
#7671=VECTOR('',#12414,1.);
#7672=VECTOR('',#12417,1.);
#7673=VECTOR('',#12420,1.);
#7674=VECTOR('',#12421,1.);
#7675=VECTOR('',#12422,1.);
#7676=VECTOR('',#12427,1.);
#7677=VECTOR('',#12432,1.);
#7678=VECTOR('',#12433,1.);
#7679=VECTOR('',#12434,1.);
#7680=VECTOR('',#12439,1.);
#7681=VECTOR('',#12444,1.);
#7682=VECTOR('',#12445,1.);
#7683=VECTOR('',#12446,1.);
#7684=VECTOR('',#12451,1.);
#7685=VECTOR('',#12458,1.);
#7686=VECTOR('',#12461,1.);
#7687=VECTOR('',#12464,1.);
#7688=VECTOR('',#12465,1.);
#7689=VECTOR('',#12466,1.);
#7690=VECTOR('',#12471,1.);
#7691=VECTOR('',#12476,1.);
#7692=VECTOR('',#12477,1.);
#7693=VECTOR('',#12478,1.);
#7694=VECTOR('',#12483,1.);
#7695=VECTOR('',#12488,1.);
#7696=VECTOR('',#12489,1.);
#7697=VECTOR('',#12490,1.);
#7698=VECTOR('',#12495,1.);
#7699=VECTOR('',#12502,1.);
#7700=VECTOR('',#12505,1.);
#7701=VECTOR('',#12508,1.);
#7702=VECTOR('',#12509,1.);
#7703=VECTOR('',#12510,1.);
#7704=VECTOR('',#12515,1.);
#7705=VECTOR('',#12520,1.);
#7706=VECTOR('',#12521,1.);
#7707=VECTOR('',#12522,1.);
#7708=VECTOR('',#12527,1.);
#7709=VECTOR('',#12532,1.);
#7710=VECTOR('',#12533,1.);
#7711=VECTOR('',#12534,1.);
#7712=VECTOR('',#12539,1.);
#7713=VECTOR('',#12546,1.);
#7714=VECTOR('',#12549,1.);
#7715=VECTOR('',#12552,1.);
#7716=VECTOR('',#12553,1.);
#7717=VECTOR('',#12554,1.);
#7718=VECTOR('',#12559,1.);
#7719=VECTOR('',#12564,1.);
#7720=VECTOR('',#12565,1.);
#7721=VECTOR('',#12566,1.);
#7722=VECTOR('',#12571,1.);
#7723=VECTOR('',#12576,1.);
#7724=VECTOR('',#12577,1.);
#7725=VECTOR('',#12578,1.);
#7726=VECTOR('',#12583,1.);
#7727=VECTOR('',#12590,1.);
#7728=VECTOR('',#12593,1.);
#7729=VECTOR('',#12596,1.);
#7730=VECTOR('',#12597,1.);
#7731=VECTOR('',#12598,1.);
#7732=VECTOR('',#12601,1.);
#7733=VECTOR('',#12602,1.);
#7734=VECTOR('',#12603,1.);
#7735=VECTOR('',#12608,1.);
#7736=VECTOR('',#12613,1.);
#7737=VECTOR('',#12614,1.);
#7738=VECTOR('',#12615,1.);
#7739=VECTOR('',#12620,1.);
#7740=VECTOR('',#12625,1.);
#7741=VECTOR('',#12626,1.);
#7742=VECTOR('',#12627,1.);
#7743=VECTOR('',#12632,1.);
#7744=VECTOR('',#12637,1.);
#7745=VECTOR('',#12638,1.);
#7746=VECTOR('',#12639,1.);
#7747=VECTOR('',#12642,1.);
#7748=VECTOR('',#12643,1.);
#7749=VECTOR('',#12644,1.);
#7750=VECTOR('',#12649,1.);
#7751=VECTOR('',#12654,1.);
#7752=VECTOR('',#12655,1.);
#7753=VECTOR('',#12656,1.);
#7754=VECTOR('',#12659,1.);
#7755=VECTOR('',#12660,1.);
#7756=VECTOR('',#12661,1.);
#7757=VECTOR('',#12666,1.);
#7758=VECTOR('',#12671,1.);
#7759=VECTOR('',#12672,1.);
#7760=VECTOR('',#12673,1.);
#7761=VECTOR('',#12678,1.);
#7762=VECTOR('',#12683,1.);
#7763=VECTOR('',#12684,1.);
#7764=VECTOR('',#12685,1.);
#7765=VECTOR('',#12690,1.);
#7766=VECTOR('',#12695,1.);
#7767=VECTOR('',#12696,1.);
#7768=VECTOR('',#12697,1.);
#7769=VECTOR('',#12700,1.);
#7770=VECTOR('',#12701,1.);
#7771=VECTOR('',#12702,1.);
#7772=VECTOR('',#12707,1.);
#7773=VECTOR('',#12712,1.);
#7774=VECTOR('',#12713,1.);
#7775=VECTOR('',#12714,1.);
#7776=VECTOR('',#12717,1.);
#7777=VECTOR('',#12718,1.);
#7778=VECTOR('',#12719,1.);
#7779=VECTOR('',#12724,1.);
#7780=VECTOR('',#12729,1.);
#7781=VECTOR('',#12730,1.);
#7782=VECTOR('',#12731,1.);
#7783=VECTOR('',#12736,1.);
#7784=VECTOR('',#12741,1.);
#7785=VECTOR('',#12742,1.);
#7786=VECTOR('',#12743,1.);
#7787=VECTOR('',#12748,1.);
#7788=VECTOR('',#12753,1.);
#7789=VECTOR('',#12754,1.);
#7790=VECTOR('',#12755,1.);
#7791=VECTOR('',#12758,1.);
#7792=VECTOR('',#12759,1.);
#7793=VECTOR('',#12760,1.);
#7794=VECTOR('',#12765,1.);
#7795=VECTOR('',#12770,1.);
#7796=VECTOR('',#12771,1.);
#7797=VECTOR('',#12772,1.);
#7798=VECTOR('',#12775,1.);
#7799=VECTOR('',#12776,1.);
#7800=VECTOR('',#12777,1.);
#7801=VECTOR('',#12782,1.);
#7802=VECTOR('',#12787,1.);
#7803=VECTOR('',#12788,1.);
#7804=VECTOR('',#12789,1.);
#7805=VECTOR('',#12794,1.);
#7806=VECTOR('',#12799,1.);
#7807=VECTOR('',#12800,1.);
#7808=VECTOR('',#12801,1.);
#7809=VECTOR('',#12806,1.);
#7810=VECTOR('',#12811,1.);
#7811=VECTOR('',#12812,1.);
#7812=VECTOR('',#12813,1.);
#7813=VECTOR('',#12816,1.);
#7814=VECTOR('',#12817,1.);
#7815=VECTOR('',#12820,1.);
#7816=VECTOR('',#12821,1.);
#7817=VECTOR('',#12824,1.);
#7818=VECTOR('',#12825,1.);
#7819=VECTOR('',#12828,1.);
#7820=VECTOR('',#12829,1.);
#7821=VECTOR('',#12832,1.);
#7822=VECTOR('',#12833,1.);
#7823=VECTOR('',#12848,1.);
#7824=VECTOR('',#12849,1.);
#7825=VECTOR('',#12850,1.);
#7826=VECTOR('',#12851,1.);
#7827=VECTOR('',#12856,1.);
#7828=VECTOR('',#12861,1.);
#7829=VECTOR('',#12862,1.);
#7830=VECTOR('',#12863,1.);
#7831=VECTOR('',#12868,1.);
#7832=VECTOR('',#12873,1.);
#7833=VECTOR('',#12874,1.);
#7834=VECTOR('',#12875,1.);
#7835=VECTOR('',#12880,1.);
#7836=VECTOR('',#12885,1.);
#7837=VECTOR('',#12886,1.);
#7838=VECTOR('',#12887,1.);
#7839=VECTOR('',#12892,1.);
#7840=VECTOR('',#12897,1.);
#7841=VECTOR('',#12898,1.);
#7842=VECTOR('',#12899,1.);
#7843=VECTOR('',#12904,1.);
#7844=VECTOR('',#12909,1.);
#7845=VECTOR('',#12910,1.);
#7846=VECTOR('',#12911,1.);
#7847=VECTOR('',#12916,1.);
#7848=VECTOR('',#12921,1.);
#7849=VECTOR('',#12922,1.);
#7850=VECTOR('',#12923,1.);
#7851=VECTOR('',#12928,1.);
#7852=VECTOR('',#12933,1.);
#7853=VECTOR('',#12934,1.);
#7854=VECTOR('',#12935,1.);
#7855=VECTOR('',#12940,1.);
#7856=VECTOR('',#12945,1.);
#7857=VECTOR('',#12946,1.);
#7858=VECTOR('',#12947,1.);
#7859=VECTOR('',#12952,1.);
#7860=VECTOR('',#12957,1.);
#7861=VECTOR('',#12958,1.);
#7862=VECTOR('',#12959,1.);
#7863=VECTOR('',#12964,1.);
#7864=VECTOR('',#12969,1.);
#7865=VECTOR('',#12970,1.);
#7866=VECTOR('',#12971,1.);
#7867=VECTOR('',#12976,1.);
#7868=VECTOR('',#12981,1.);
#7869=VECTOR('',#12982,1.);
#7870=VECTOR('',#12983,1.);
#7871=VECTOR('',#12988,1.);
#7872=VECTOR('',#12993,1.);
#7873=VECTOR('',#12994,1.);
#7874=VECTOR('',#12995,1.);
#7875=VECTOR('',#13000,1.);
#7876=VECTOR('',#13005,1.);
#7877=VECTOR('',#13006,1.);
#7878=VECTOR('',#13007,1.);
#7879=VECTOR('',#13012,1.);
#7880=VECTOR('',#13017,1.);
#7881=VECTOR('',#13018,1.);
#7882=VECTOR('',#13019,1.);
#7883=VECTOR('',#13024,1.);
#7884=VECTOR('',#13029,1.);
#7885=VECTOR('',#13030,1.);
#7886=VECTOR('',#13031,1.);
#7887=VECTOR('',#13036,1.);
#7888=VECTOR('',#13041,1.);
#7889=VECTOR('',#13042,1.);
#7890=VECTOR('',#13043,1.);
#7891=VECTOR('',#13048,1.);
#7892=VECTOR('',#13053,1.);
#7893=VECTOR('',#13054,1.);
#7894=VECTOR('',#13055,1.);
#7895=VECTOR('',#13060,1.);
#7896=VECTOR('',#13065,1.);
#7897=VECTOR('',#13066,1.);
#7898=VECTOR('',#13067,1.);
#7899=VECTOR('',#13072,1.);
#7900=VECTOR('',#13077,1.);
#7901=VECTOR('',#13078,1.);
#7902=VECTOR('',#13079,1.);
#7903=VECTOR('',#13084,1.);
#7904=VECTOR('',#13089,1.);
#7905=VECTOR('',#13090,1.);
#7906=VECTOR('',#13091,1.);
#7907=VECTOR('',#13096,1.);
#7908=VECTOR('',#13101,1.);
#7909=VECTOR('',#13102,1.);
#7910=VECTOR('',#13103,1.);
#7911=VECTOR('',#13108,1.);
#7912=VECTOR('',#13113,1.);
#7913=VECTOR('',#13114,1.);
#7914=VECTOR('',#13115,1.);
#7915=VECTOR('',#13120,1.);
#7916=VECTOR('',#13125,1.);
#7917=VECTOR('',#13126,1.);
#7918=VECTOR('',#13127,1.);
#7919=VECTOR('',#13132,1.);
#7920=VECTOR('',#13137,1.);
#7921=VECTOR('',#13138,1.);
#7922=VECTOR('',#13139,1.);
#7923=VECTOR('',#13144,1.);
#7924=VECTOR('',#13149,1.);
#7925=VECTOR('',#13150,1.);
#7926=VECTOR('',#13151,1.);
#7927=VECTOR('',#13156,1.);
#7928=VECTOR('',#13161,1.);
#7929=VECTOR('',#13162,1.);
#7930=VECTOR('',#13163,1.);
#7931=VECTOR('',#13168,1.);
#7932=VECTOR('',#13173,1.);
#7933=VECTOR('',#13174,1.);
#7934=VECTOR('',#13175,1.);
#7935=VECTOR('',#13180,1.);
#7936=VECTOR('',#13185,1.);
#7937=VECTOR('',#13186,1.);
#7938=VECTOR('',#13187,1.);
#7939=VECTOR('',#13192,1.);
#7940=VECTOR('',#13197,1.);
#7941=VECTOR('',#13198,1.);
#7942=VECTOR('',#13199,1.);
#7943=VECTOR('',#13204,1.);
#7944=VECTOR('',#13209,1.);
#7945=VECTOR('',#13210,1.);
#7946=VECTOR('',#13211,1.);
#7947=VECTOR('',#13216,1.);
#7948=VECTOR('',#13221,1.);
#7949=VECTOR('',#13222,1.);
#7950=VECTOR('',#13223,1.);
#7951=VECTOR('',#13228,1.);
#7952=VECTOR('',#13233,1.);
#7953=VECTOR('',#13234,1.);
#7954=VECTOR('',#13235,1.);
#7955=VECTOR('',#13240,1.);
#7956=VECTOR('',#13245,1.);
#7957=VECTOR('',#13246,1.);
#7958=VECTOR('',#13247,1.);
#7959=VECTOR('',#13252,1.);
#7960=VECTOR('',#13257,1.);
#7961=VECTOR('',#13258,1.);
#7962=VECTOR('',#13259,1.);
#7963=VECTOR('',#13264,1.);
#7964=VECTOR('',#13269,1.);
#7965=VECTOR('',#13270,1.);
#7966=VECTOR('',#13271,1.);
#7967=VECTOR('',#13276,1.);
#7968=VECTOR('',#13281,1.);
#7969=VECTOR('',#13282,1.);
#7970=VECTOR('',#13283,1.);
#7971=VECTOR('',#13288,1.);
#7972=VECTOR('',#13293,1.);
#7973=VECTOR('',#13294,1.);
#7974=VECTOR('',#13295,1.);
#7975=VECTOR('',#13300,1.);
#7976=VECTOR('',#13305,1.);
#7977=VECTOR('',#13306,1.);
#7978=VECTOR('',#13307,1.);
#7979=VECTOR('',#13312,1.);
#7980=VECTOR('',#13317,1.);
#7981=VECTOR('',#13318,1.);
#7982=VECTOR('',#13319,1.);
#7983=VECTOR('',#13324,1.);
#7984=VECTOR('',#13329,1.);
#7985=VECTOR('',#13330,1.);
#7986=VECTOR('',#13331,1.);
#7987=VECTOR('',#13336,1.);
#7988=VECTOR('',#13341,1.);
#7989=VECTOR('',#13342,1.);
#7990=VECTOR('',#13343,1.);
#7991=VECTOR('',#13348,1.);
#7992=VECTOR('',#13353,1.);
#7993=VECTOR('',#13354,1.);
#7994=VECTOR('',#13355,1.);
#7995=VECTOR('',#13360,1.);
#7996=VECTOR('',#13365,1.);
#7997=VECTOR('',#13366,1.);
#7998=VECTOR('',#13367,1.);
#7999=VECTOR('',#13372,1.);
#8000=VECTOR('',#13377,1.);
#8001=VECTOR('',#13378,1.);
#8002=VECTOR('',#13379,1.);
#8003=VECTOR('',#13384,1.);
#8004=VECTOR('',#13389,1.);
#8005=VECTOR('',#13390,1.);
#8006=VECTOR('',#13391,1.);
#8007=VECTOR('',#13396,1.);
#8008=VECTOR('',#13401,1.);
#8009=VECTOR('',#13402,1.);
#8010=VECTOR('',#13403,1.);
#8011=VECTOR('',#13408,1.);
#8012=VECTOR('',#13413,1.);
#8013=VECTOR('',#13414,1.);
#8014=VECTOR('',#13415,1.);
#8015=VECTOR('',#13420,1.);
#8016=VECTOR('',#13425,1.);
#8017=VECTOR('',#13426,1.);
#8018=VECTOR('',#13427,1.);
#8019=VECTOR('',#13432,1.);
#8020=VECTOR('',#13437,1.);
#8021=VECTOR('',#13438,1.);
#8022=VECTOR('',#13439,1.);
#8023=VECTOR('',#13444,1.);
#8024=VECTOR('',#13449,1.);
#8025=VECTOR('',#13450,1.);
#8026=VECTOR('',#13451,1.);
#8027=VECTOR('',#13456,1.);
#8028=VECTOR('',#13461,1.);
#8029=VECTOR('',#13462,1.);
#8030=VECTOR('',#13463,1.);
#8031=VECTOR('',#13468,1.);
#8032=VECTOR('',#13473,1.);
#8033=VECTOR('',#13474,1.);
#8034=VECTOR('',#13475,1.);
#8035=VECTOR('',#13480,1.);
#8036=VECTOR('',#13485,1.);
#8037=VECTOR('',#13486,1.);
#8038=VECTOR('',#13487,1.);
#8039=VECTOR('',#13492,1.);
#8040=VECTOR('',#13497,1.);
#8041=VECTOR('',#13498,1.);
#8042=VECTOR('',#13499,1.);
#8043=VECTOR('',#13504,1.);
#8044=VECTOR('',#13509,1.);
#8045=VECTOR('',#13510,1.);
#8046=VECTOR('',#13511,1.);
#8047=VECTOR('',#13516,1.);
#8048=VECTOR('',#13521,1.);
#8049=VECTOR('',#13522,1.);
#8050=VECTOR('',#13523,1.);
#8051=VECTOR('',#13528,1.);
#8052=VECTOR('',#13533,1.);
#8053=VECTOR('',#13534,1.);
#8054=VECTOR('',#13535,1.);
#8055=VECTOR('',#13540,1.);
#8056=VECTOR('',#13545,1.);
#8057=VECTOR('',#13546,1.);
#8058=VECTOR('',#13547,1.);
#8059=VECTOR('',#13552,1.);
#8060=VECTOR('',#13557,1.);
#8061=VECTOR('',#13558,1.);
#8062=VECTOR('',#13559,1.);
#8063=VECTOR('',#13564,1.);
#8064=VECTOR('',#13567,1.);
#8065=VECTOR('',#13570,1.);
#8066=VECTOR('',#13571,1.);
#8067=VECTOR('',#13572,1.);
#8068=VECTOR('',#13577,1.);
#8069=VECTOR('',#13582,1.);
#8070=VECTOR('',#13583,1.);
#8071=VECTOR('',#13584,1.);
#8072=VECTOR('',#13589,1.);
#8073=VECTOR('',#13594,1.);
#8074=VECTOR('',#13595,1.);
#8075=VECTOR('',#13596,1.);
#8076=VECTOR('',#13601,1.);
#8077=VECTOR('',#13608,1.);
#8078=VECTOR('',#13611,1.);
#8079=VECTOR('',#13614,1.);
#8080=VECTOR('',#13615,1.);
#8081=VECTOR('',#13616,1.);
#8082=VECTOR('',#13621,1.);
#8083=VECTOR('',#13626,1.);
#8084=VECTOR('',#13627,1.);
#8085=VECTOR('',#13628,1.);
#8086=VECTOR('',#13633,1.);
#8087=VECTOR('',#13638,1.);
#8088=VECTOR('',#13639,1.);
#8089=VECTOR('',#13640,1.);
#8090=VECTOR('',#13645,1.);
#8091=VECTOR('',#13652,1.);
#8092=VECTOR('',#13655,1.);
#8093=VECTOR('',#13658,1.);
#8094=VECTOR('',#13659,1.);
#8095=VECTOR('',#13660,1.);
#8096=VECTOR('',#13665,1.);
#8097=VECTOR('',#13670,1.);
#8098=VECTOR('',#13671,1.);
#8099=VECTOR('',#13672,1.);
#8100=VECTOR('',#13677,1.);
#8101=VECTOR('',#13682,1.);
#8102=VECTOR('',#13683,1.);
#8103=VECTOR('',#13684,1.);
#8104=VECTOR('',#13689,1.);
#8105=VECTOR('',#13696,1.);
#8106=VECTOR('',#13699,1.);
#8107=VECTOR('',#13702,1.);
#8108=VECTOR('',#13703,1.);
#8109=VECTOR('',#13704,1.);
#8110=VECTOR('',#13709,1.);
#8111=VECTOR('',#13714,1.);
#8112=VECTOR('',#13715,1.);
#8113=VECTOR('',#13716,1.);
#8114=VECTOR('',#13721,1.);
#8115=VECTOR('',#13726,1.);
#8116=VECTOR('',#13727,1.);
#8117=VECTOR('',#13728,1.);
#8118=VECTOR('',#13733,1.);
#8119=VECTOR('',#13740,1.);
#8120=VECTOR('',#13743,1.);
#8121=VECTOR('',#13746,1.);
#8122=VECTOR('',#13747,1.);
#8123=VECTOR('',#13748,1.);
#8124=VECTOR('',#13751,1.);
#8125=VECTOR('',#13752,1.);
#8126=VECTOR('',#13753,1.);
#8127=VECTOR('',#13758,1.);
#8128=VECTOR('',#13763,1.);
#8129=VECTOR('',#13764,1.);
#8130=VECTOR('',#13765,1.);
#8131=VECTOR('',#13770,1.);
#8132=VECTOR('',#13775,1.);
#8133=VECTOR('',#13776,1.);
#8134=VECTOR('',#13777,1.);
#8135=VECTOR('',#13782,1.);
#8136=VECTOR('',#13787,1.);
#8137=VECTOR('',#13788,1.);
#8138=VECTOR('',#13789,1.);
#8139=VECTOR('',#13792,1.);
#8140=VECTOR('',#13793,1.);
#8141=VECTOR('',#13794,1.);
#8142=VECTOR('',#13799,1.);
#8143=VECTOR('',#13804,1.);
#8144=VECTOR('',#13805,1.);
#8145=VECTOR('',#13806,1.);
#8146=VECTOR('',#13809,1.);
#8147=VECTOR('',#13810,1.);
#8148=VECTOR('',#13811,1.);
#8149=VECTOR('',#13816,1.);
#8150=VECTOR('',#13821,1.);
#8151=VECTOR('',#13822,1.);
#8152=VECTOR('',#13823,1.);
#8153=VECTOR('',#13828,1.);
#8154=VECTOR('',#13833,1.);
#8155=VECTOR('',#13834,1.);
#8156=VECTOR('',#13835,1.);
#8157=VECTOR('',#13840,1.);
#8158=VECTOR('',#13845,1.);
#8159=VECTOR('',#13846,1.);
#8160=VECTOR('',#13847,1.);
#8161=VECTOR('',#13850,1.);
#8162=VECTOR('',#13851,1.);
#8163=VECTOR('',#13852,1.);
#8164=VECTOR('',#13857,1.);
#8165=VECTOR('',#13862,1.);
#8166=VECTOR('',#13863,1.);
#8167=VECTOR('',#13864,1.);
#8168=VECTOR('',#13867,1.);
#8169=VECTOR('',#13868,1.);
#8170=VECTOR('',#13869,1.);
#8171=VECTOR('',#13874,1.);
#8172=VECTOR('',#13879,1.);
#8173=VECTOR('',#13880,1.);
#8174=VECTOR('',#13881,1.);
#8175=VECTOR('',#13886,1.);
#8176=VECTOR('',#13891,1.);
#8177=VECTOR('',#13892,1.);
#8178=VECTOR('',#13893,1.);
#8179=VECTOR('',#13898,1.);
#8180=VECTOR('',#13903,1.);
#8181=VECTOR('',#13904,1.);
#8182=VECTOR('',#13905,1.);
#8183=VECTOR('',#13908,1.);
#8184=VECTOR('',#13909,1.);
#8185=VECTOR('',#13910,1.);
#8186=VECTOR('',#13915,1.);
#8187=VECTOR('',#13920,1.);
#8188=VECTOR('',#13921,1.);
#8189=VECTOR('',#13922,1.);
#8190=VECTOR('',#13925,1.);
#8191=VECTOR('',#13926,1.);
#8192=VECTOR('',#13927,1.);
#8193=VECTOR('',#13932,1.);
#8194=VECTOR('',#13937,1.);
#8195=VECTOR('',#13938,1.);
#8196=VECTOR('',#13939,1.);
#8197=VECTOR('',#13944,1.);
#8198=VECTOR('',#13949,1.);
#8199=VECTOR('',#13950,1.);
#8200=VECTOR('',#13951,1.);
#8201=VECTOR('',#13956,1.);
#8202=VECTOR('',#13961,1.);
#8203=VECTOR('',#13962,1.);
#8204=VECTOR('',#13963,1.);
#8205=VECTOR('',#13966,1.);
#8206=VECTOR('',#13967,1.);
#8207=VECTOR('',#13970,1.);
#8208=VECTOR('',#13971,1.);
#8209=VECTOR('',#13974,1.);
#8210=VECTOR('',#13975,1.);
#8211=VECTOR('',#13978,1.);
#8212=VECTOR('',#13979,1.);
#8213=VECTOR('',#13982,1.);
#8214=VECTOR('',#13983,1.);
#8215=VECTOR('',#13998,1.);
#8216=VECTOR('',#13999,1.);
#8217=VECTOR('',#14000,1.);
#8218=VECTOR('',#14001,1.);
#8219=VECTOR('',#14004,1.);
#8220=VECTOR('',#14005,1.);
#8221=VECTOR('',#14006,1.);
#8222=VECTOR('',#14009,1.);
#8223=VECTOR('',#14010,1.);
#8224=VECTOR('',#14011,1.);
#8225=VECTOR('',#14014,1.);
#8226=VECTOR('',#14015,1.);
#8227=VECTOR('',#14016,1.);
#8228=VECTOR('',#14017,1.);
#8229=VECTOR('',#14020,1.);
#8230=VECTOR('',#14021,1.);
#8231=VECTOR('',#14022,1.);
#8232=VECTOR('',#14025,1.);
#8233=VECTOR('',#14026,1.);
#8234=VECTOR('',#14027,1.);
#8235=VECTOR('',#14030,1.);
#8236=VECTOR('',#14031,1.);
#8237=VECTOR('',#14032,1.);
#8238=VECTOR('',#14033,1.);
#8239=VECTOR('',#14036,1.);
#8240=VECTOR('',#14037,1.);
#8241=VECTOR('',#14038,1.);
#8242=VECTOR('',#14041,1.);
#8243=VECTOR('',#14042,1.);
#8244=VECTOR('',#14043,1.);
#8245=VECTOR('',#14046,1.);
#8246=VECTOR('',#14047,1.);
#8247=VECTOR('',#14048,1.);
#8248=VECTOR('',#14049,1.);
#8249=VECTOR('',#14052,1.);
#8250=VECTOR('',#14053,1.);
#8251=VECTOR('',#14054,1.);
#8252=VECTOR('',#14057,1.);
#8253=VECTOR('',#14058,1.);
#8254=VECTOR('',#14059,1.);
#8255=VECTOR('',#14062,1.);
#8256=VECTOR('',#14063,1.);
#8257=VECTOR('',#14064,1.);
#8258=VECTOR('',#14065,1.);
#8259=VECTOR('',#14068,1.);
#8260=VECTOR('',#14069,1.);
#8261=VECTOR('',#14070,1.);
#8262=VECTOR('',#14073,1.);
#8263=VECTOR('',#14074,1.);
#8264=VECTOR('',#14075,1.);
#8265=VECTOR('',#14080,1.);
#8266=VECTOR('',#14085,1.);
#8267=VECTOR('',#14086,1.);
#8268=VECTOR('',#14087,1.);
#8269=VECTOR('',#14092,1.);
#8270=VECTOR('',#14097,1.);
#8271=VECTOR('',#14098,1.);
#8272=VECTOR('',#14099,1.);
#8273=VECTOR('',#14104,1.);
#8274=VECTOR('',#14109,1.);
#8275=VECTOR('',#14110,1.);
#8276=VECTOR('',#14111,1.);
#8277=VECTOR('',#14116,1.);
#8278=VECTOR('',#14121,1.);
#8279=VECTOR('',#14122,1.);
#8280=VECTOR('',#14123,1.);
#8281=VECTOR('',#14128,1.);
#8282=VECTOR('',#14133,1.);
#8283=VECTOR('',#14134,1.);
#8284=VECTOR('',#14135,1.);
#8285=VECTOR('',#14140,1.);
#8286=VECTOR('',#14145,1.);
#8287=VECTOR('',#14146,1.);
#8288=VECTOR('',#14147,1.);
#8289=VECTOR('',#14150,1.);
#8290=VECTOR('',#14151,1.);
#8291=VECTOR('',#14152,1.);
#8292=VECTOR('',#14155,1.);
#8293=VECTOR('',#14156,1.);
#8294=VECTOR('',#14157,1.);
#8295=VECTOR('',#14158,1.);
#8296=VECTOR('',#14161,1.);
#8297=VECTOR('',#14162,1.);
#8298=VECTOR('',#14163,1.);
#8299=VECTOR('',#14166,1.);
#8300=VECTOR('',#14167,1.);
#8301=VECTOR('',#14168,1.);
#8302=VECTOR('',#14171,1.);
#8303=VECTOR('',#14172,1.);
#8304=VECTOR('',#14173,1.);
#8305=VECTOR('',#14174,1.);
#8306=VECTOR('',#14177,1.);
#8307=VECTOR('',#14178,1.);
#8308=VECTOR('',#14179,1.);
#8309=VECTOR('',#14182,1.);
#8310=VECTOR('',#14183,1.);
#8311=VECTOR('',#14184,1.);
#8312=VECTOR('',#14187,1.);
#8313=VECTOR('',#14188,1.);
#8314=VECTOR('',#14191,1.);
#8315=VECTOR('',#14192,1.);
#8316=VECTOR('',#14195,1.);
#8317=VECTOR('',#14196,1.);
#8318=VECTOR('',#14197,1.);
#8319=VECTOR('',#14236,1.);
#8320=VECTOR('',#14237,1.);
#8321=VECTOR('',#14240,1.);
#8322=VECTOR('',#14241,1.);
#8323=VECTOR('',#14244,1.);
#8324=VECTOR('',#14245,1.);
#8325=VECTOR('',#14248,1.);
#8326=VECTOR('',#14249,1.);
#8327=VECTOR('',#14252,1.);
#8328=VECTOR('',#14255,1.);
#8329=VECTOR('',#14258,1.);
#8330=VECTOR('',#14259,1.);
#8331=VECTOR('',#14260,1.);
#8332=VECTOR('',#14261,1.);
#8333=VECTOR('',#14264,1.);
#8334=VECTOR('',#14265,1.);
#8335=VECTOR('',#14266,1.);
#8336=VECTOR('',#14267,1.);
#8337=VECTOR('',#14312,1.);
#8338=VECTOR('',#14313,1.);
#8339=VECTOR('',#14314,1.);
#8340=VECTOR('',#14315,1.);
#8341=VECTOR('',#14322,1.);
#8342=VECTOR('',#14327,1.);
#8343=VECTOR('',#14358,1.);
#8344=VECTOR('',#14361,1.);
#8345=VECTOR('',#14364,1.);
#8346=VECTOR('',#14365,1.);
#8347=VECTOR('',#14366,1.);
#8348=VECTOR('',#14371,1.);
#8349=VECTOR('',#14376,1.);
#8350=VECTOR('',#14377,1.);
#8351=VECTOR('',#14378,1.);
#8352=VECTOR('',#14383,1.);
#8353=VECTOR('',#14388,1.);
#8354=VECTOR('',#14389,1.);
#8355=VECTOR('',#14390,1.);
#8356=VECTOR('',#14393,1.);
#8357=VECTOR('',#14394,1.);
#8358=VECTOR('',#14395,1.);
#8359=VECTOR('',#14396,1.);
#8360=VECTOR('',#14401,1.);
#8361=VECTOR('',#14406,1.);
#8362=VECTOR('',#14407,1.);
#8363=VECTOR('',#14408,1.);
#8364=VECTOR('',#14413,1.);
#8365=VECTOR('',#14442,1.);
#8366=VECTOR('',#14443,1.);
#8367=VECTOR('',#14458,1.);
#8368=VECTOR('',#14461,1.);
#8369=VECTOR('',#14470,1.);
#8370=VECTOR('',#14471,1.);
#8371=VECTOR('',#14472,1.);
#8372=VECTOR('',#14473,1.);
#8373=VECTOR('',#14476,1.);
#8374=VECTOR('',#14477,1.);
#8375=VECTOR('',#14478,1.);
#8376=VECTOR('',#14479,1.);
#8377=VECTOR('',#14482,1.);
#8378=VECTOR('',#14483,1.);
#8379=VECTOR('',#14484,1.);
#8380=VECTOR('',#14489,1.);
#8381=VECTOR('',#14494,1.);
#8382=VECTOR('',#14495,1.);
#8383=VECTOR('',#14496,1.);
#8384=VECTOR('',#14501,1.);
#8385=VECTOR('',#14506,1.);
#8386=VECTOR('',#14507,1.);
#8387=VECTOR('',#14508,1.);
#8388=VECTOR('',#14513,1.);
#8389=VECTOR('',#14518,1.);
#8390=VECTOR('',#14519,1.);
#8391=VECTOR('',#14520,1.);
#8392=VECTOR('',#14525,1.);
#8393=VECTOR('',#14530,1.);
#8394=VECTOR('',#14531,1.);
#8395=VECTOR('',#14532,1.);
#8396=VECTOR('',#14537,1.);
#8397=VECTOR('',#14542,1.);
#8398=VECTOR('',#14543,1.);
#8399=VECTOR('',#14544,1.);
#8400=VECTOR('',#14549,1.);
#8401=VECTOR('',#14554,1.);
#8402=VECTOR('',#14555,1.);
#8403=VECTOR('',#14556,1.);
#8404=VECTOR('',#14559,1.);
#8405=VECTOR('',#14560,1.);
#8406=VECTOR('',#14561,1.);
#8407=VECTOR('',#14564,1.);
#8408=VECTOR('',#14565,1.);
#8409=VECTOR('',#14566,1.);
#8410=VECTOR('',#14567,1.);
#8411=VECTOR('',#14572,1.);
#8412=VECTOR('',#14577,1.);
#8413=VECTOR('',#14578,1.);
#8414=VECTOR('',#14579,1.);
#8415=VECTOR('',#14676,1.);
#8416=VECTOR('',#14677,1.);
#8417=VECTOR('',#14678,1.);
#8418=VECTOR('',#14679,1.);
#8419=VECTOR('',#14682,1.);
#8420=VECTOR('',#14683,1.);
#8421=VECTOR('',#14684,1.);
#8422=VECTOR('',#14687,1.);
#8423=VECTOR('',#14688,1.);
#8424=VECTOR('',#14689,1.);
#8425=VECTOR('',#14692,1.);
#8426=VECTOR('',#14693,1.);
#8427=VECTOR('',#14694,1.);
#8428=VECTOR('',#14697,1.);
#8429=VECTOR('',#14698,1.);
#8430=VECTOR('',#14699,1.);
#8431=VECTOR('',#14702,1.);
#8432=VECTOR('',#14703,1.);
#8433=VECTOR('',#14704,1.);
#8434=VECTOR('',#14707,1.);
#8435=VECTOR('',#14708,1.);
#8436=VECTOR('',#14709,1.);
#8437=VECTOR('',#14712,1.);
#8438=VECTOR('',#14713,1.);
#8439=VECTOR('',#14714,1.);
#8440=VECTOR('',#14717,1.);
#8441=VECTOR('',#14718,1.);
#8442=VECTOR('',#14719,1.);
#8443=VECTOR('',#14722,1.);
#8444=VECTOR('',#14723,1.);
#8445=VECTOR('',#14724,1.);
#8446=VECTOR('',#14727,1.);
#8447=VECTOR('',#14728,1.);
#8448=VECTOR('',#14729,1.);
#8449=VECTOR('',#14732,1.);
#8450=VECTOR('',#14733,1.);
#8451=VECTOR('',#14734,1.);
#8452=VECTOR('',#14737,1.);
#8453=VECTOR('',#14738,1.);
#8454=VECTOR('',#14739,1.);
#8455=VECTOR('',#14742,1.);
#8456=VECTOR('',#14743,1.);
#8457=VECTOR('',#14744,1.);
#8458=VECTOR('',#14747,1.);
#8459=VECTOR('',#14748,1.);
#8460=VECTOR('',#14749,1.);
#8461=VECTOR('',#14752,1.);
#8462=VECTOR('',#14753,1.);
#8463=VECTOR('',#14754,1.);
#8464=VECTOR('',#14757,1.);
#8465=VECTOR('',#14758,1.);
#8466=EDGE_LOOP('',(#831,#832,#833,#834));
#8467=EDGE_LOOP('',(#835,#836,#837,#838));
#8468=EDGE_LOOP('',(#839,#840,#841,#842));
#8469=EDGE_LOOP('',(#843,#844,#845,#846));
#8470=EDGE_LOOP('',(#847,#848,#849,#850));
#8471=EDGE_LOOP('',(#851,#852,#853,#854));
#8472=EDGE_LOOP('',(#855,#856,#857,#858));
#8473=EDGE_LOOP('',(#859,#860,#861,#862));
#8474=EDGE_LOOP('',(#863,#864,#865,#866));
#8475=EDGE_LOOP('',(#867,#868,#869,#870));
#8476=EDGE_LOOP('',(#871,#872,#873,#874));
#8477=EDGE_LOOP('',(#875,#876,#877,#878));
#8478=EDGE_LOOP('',(#879,#880,#881,#882));
#8479=EDGE_LOOP('',(#883,#884,#885,#886));
#8480=EDGE_LOOP('',(#887,#888,#889,#890));
#8481=EDGE_LOOP('',(#891,#892,#893,#894));
#8482=EDGE_LOOP('',(#895,#896,#897,#898));
#8483=EDGE_LOOP('',(#899,#900,#901,#902));
#8484=EDGE_LOOP('',(#903,#904,#905,#906));
#8485=EDGE_LOOP('',(#907,#908,#909,#910));
#8486=EDGE_LOOP('',(#911,#912,#913,#914));
#8487=EDGE_LOOP('',(#915,#916,#917,#918));
#8488=EDGE_LOOP('',(#919,#920,#921,#922));
#8489=EDGE_LOOP('',(#923,#924,#925,#926));
#8490=EDGE_LOOP('',(#927,#928,#929,#930));
#8491=EDGE_LOOP('',(#931,#932,#933,#934));
#8492=EDGE_LOOP('',(#935,#936,#937,#938));
#8493=EDGE_LOOP('',(#939,#940,#941,#942));
#8494=EDGE_LOOP('',(#943,#944,#945,#946));
#8495=EDGE_LOOP('',(#947,#948,#949,#950));
#8496=EDGE_LOOP('',(#951,#952,#953,#954));
#8497=EDGE_LOOP('',(#955,#956,#957,#958));
#8498=EDGE_LOOP('',(#959,#960,#961,#962));
#8499=EDGE_LOOP('',(#963,#964,#965,#966));
#8500=EDGE_LOOP('',(#967,#968,#969,#970));
#8501=EDGE_LOOP('',(#971,#972,#973,#974));
#8502=EDGE_LOOP('',(#975,#976,#977,#978));
#8503=EDGE_LOOP('',(#979,#980,#981,#982));
#8504=EDGE_LOOP('',(#983,#984,#985,#986));
#8505=EDGE_LOOP('',(#987,#988,#989,#990));
#8506=EDGE_LOOP('',(#991,#992,#993,#994));
#8507=EDGE_LOOP('',(#995,#996,#997,#998));
#8508=EDGE_LOOP('',(#999,#1000,#1001,#1002));
#8509=EDGE_LOOP('',(#1003,#1004,#1005,#1006));
#8510=EDGE_LOOP('',(#1007,#1008,#1009,#1010));
#8511=EDGE_LOOP('',(#1011,#1012,#1013,#1014));
#8512=EDGE_LOOP('',(#1015,#1016,#1017,#1018));
#8513=EDGE_LOOP('',(#1019,#1020,#1021,#1022));
#8514=EDGE_LOOP('',(#1023,#1024,#1025,#1026));
#8515=EDGE_LOOP('',(#1027,#1028,#1029,#1030));
#8516=EDGE_LOOP('',(#1031,#1032,#1033,#1034));
#8517=EDGE_LOOP('',(#1035,#1036,#1037,#1038));
#8518=EDGE_LOOP('',(#1039,#1040,#1041,#1042));
#8519=EDGE_LOOP('',(#1043,#1044,#1045,#1046));
#8520=EDGE_LOOP('',(#1047,#1048,#1049,#1050));
#8521=EDGE_LOOP('',(#1051,#1052,#1053,#1054));
#8522=EDGE_LOOP('',(#1055,#1056,#1057,#1058));
#8523=EDGE_LOOP('',(#1059,#1060,#1061,#1062));
#8524=EDGE_LOOP('',(#1063,#1064,#1065,#1066));
#8525=EDGE_LOOP('',(#1067,#1068,#1069,#1070));
#8526=EDGE_LOOP('',(#1071,#1072,#1073,#1074));
#8527=EDGE_LOOP('',(#1075,#1076,#1077,#1078));
#8528=EDGE_LOOP('',(#1079,#1080,#1081,#1082));
#8529=EDGE_LOOP('',(#1083,#1084,#1085,#1086));
#8530=EDGE_LOOP('',(#1087,#1088,#1089,#1090));
#8531=EDGE_LOOP('',(#1091,#1092,#1093,#1094));
#8532=EDGE_LOOP('',(#1095,#1096,#1097,#1098));
#8533=EDGE_LOOP('',(#1099,#1100,#1101,#1102));
#8534=EDGE_LOOP('',(#1103,#1104,#1105,#1106));
#8535=EDGE_LOOP('',(#1107,#1108,#1109,#1110));
#8536=EDGE_LOOP('',(#1111,#1112,#1113,#1114));
#8537=EDGE_LOOP('',(#1115,#1116,#1117,#1118));
#8538=EDGE_LOOP('',(#1119,#1120,#1121,#1122));
#8539=EDGE_LOOP('',(#1123,#1124,#1125,#1126));
#8540=EDGE_LOOP('',(#1127,#1128,#1129,#1130));
#8541=EDGE_LOOP('',(#1131,#1132,#1133,#1134));
#8542=EDGE_LOOP('',(#1135,#1136,#1137,#1138));
#8543=EDGE_LOOP('',(#1139,#1140,#1141,#1142));
#8544=EDGE_LOOP('',(#1143,#1144,#1145,#1146));
#8545=EDGE_LOOP('',(#1147,#1148,#1149,#1150));
#8546=EDGE_LOOP('',(#1151,#1152,#1153,#1154));
#8547=EDGE_LOOP('',(#1155,#1156,#1157,#1158));
#8548=EDGE_LOOP('',(#1159,#1160,#1161,#1162));
#8549=EDGE_LOOP('',(#1163,#1164,#1165,#1166));
#8550=EDGE_LOOP('',(#1167,#1168,#1169,#1170));
#8551=EDGE_LOOP('',(#1171,#1172,#1173,#1174));
#8552=EDGE_LOOP('',(#1175,#1176,#1177,#1178));
#8553=EDGE_LOOP('',(#1179,#1180,#1181,#1182));
#8554=EDGE_LOOP('',(#1183,#1184,#1185,#1186));
#8555=EDGE_LOOP('',(#1187,#1188,#1189,#1190));
#8556=EDGE_LOOP('',(#1191,#1192,#1193,#1194));
#8557=EDGE_LOOP('',(#1195,#1196,#1197,#1198));
#8558=EDGE_LOOP('',(#1199,#1200,#1201,#1202));
#8559=EDGE_LOOP('',(#1203,#1204,#1205,#1206));
#8560=EDGE_LOOP('',(#1207,#1208,#1209,#1210));
#8561=EDGE_LOOP('',(#1211,#1212,#1213,#1214));
#8562=EDGE_LOOP('',(#1215,#1216,#1217,#1218));
#8563=EDGE_LOOP('',(#1219,#1220,#1221,#1222));
#8564=EDGE_LOOP('',(#1223,#1224,#1225,#1226));
#8565=EDGE_LOOP('',(#1227,#1228,#1229,#1230));
#8566=EDGE_LOOP('',(#1231,#1232,#1233,#1234));
#8567=EDGE_LOOP('',(#1235,#1236,#1237,#1238));
#8568=EDGE_LOOP('',(#1239,#1240,#1241,#1242));
#8569=EDGE_LOOP('',(#1243,#1244,#1245,#1246));
#8570=EDGE_LOOP('',(#1247,#1248,#1249,#1250));
#8571=EDGE_LOOP('',(#1251,#1252,#1253,#1254));
#8572=EDGE_LOOP('',(#1255,#1256,#1257,#1258));
#8573=EDGE_LOOP('',(#1259,#1260,#1261,#1262));
#8574=EDGE_LOOP('',(#1263,#1264,#1265,#1266));
#8575=EDGE_LOOP('',(#1267,#1268,#1269,#1270));
#8576=EDGE_LOOP('',(#1271,#1272,#1273,#1274));
#8577=EDGE_LOOP('',(#1275,#1276,#1277,#1278));
#8578=EDGE_LOOP('',(#1279,#1280,#1281,#1282));
#8579=EDGE_LOOP('',(#1283,#1284,#1285,#1286));
#8580=EDGE_LOOP('',(#1287,#1288,#1289,#1290));
#8581=EDGE_LOOP('',(#1291,#1292,#1293,#1294));
#8582=EDGE_LOOP('',(#1295,#1296,#1297,#1298));
#8583=EDGE_LOOP('',(#1299,#1300,#1301,#1302));
#8584=EDGE_LOOP('',(#1303,#1304,#1305,#1306));
#8585=EDGE_LOOP('',(#1307,#1308,#1309,#1310));
#8586=EDGE_LOOP('',(#1311,#1312,#1313,#1314));
#8587=EDGE_LOOP('',(#1315,#1316,#1317,#1318));
#8588=EDGE_LOOP('',(#1319,#1320,#1321,#1322));
#8589=EDGE_LOOP('',(#1323,#1324,#1325,#1326));
#8590=EDGE_LOOP('',(#1327,#1328,#1329,#1330));
#8591=EDGE_LOOP('',(#1331,#1332,#1333,#1334));
#8592=EDGE_LOOP('',(#1335,#1336,#1337,#1338));
#8593=EDGE_LOOP('',(#1339,#1340,#1341,#1342));
#8594=EDGE_LOOP('',(#1343,#1344,#1345,#1346));
#8595=EDGE_LOOP('',(#1347,#1348,#1349,#1350));
#8596=EDGE_LOOP('',(#1351,#1352,#1353,#1354));
#8597=EDGE_LOOP('',(#1355,#1356,#1357,#1358));
#8598=EDGE_LOOP('',(#1359,#1360,#1361,#1362));
#8599=EDGE_LOOP('',(#1363,#1364,#1365,#1366));
#8600=EDGE_LOOP('',(#1367,#1368,#1369,#1370));
#8601=EDGE_LOOP('',(#1371,#1372,#1373,#1374));
#8602=EDGE_LOOP('',(#1375,#1376,#1377,#1378));
#8603=EDGE_LOOP('',(#1379,#1380,#1381,#1382));
#8604=EDGE_LOOP('',(#1383,#1384,#1385,#1386));
#8605=EDGE_LOOP('',(#1387,#1388,#1389,#1390));
#8606=EDGE_LOOP('',(#1391,#1392,#1393,#1394));
#8607=EDGE_LOOP('',(#1395,#1396,#1397,#1398));
#8608=EDGE_LOOP('',(#1399,#1400,#1401,#1402));
#8609=EDGE_LOOP('',(#1403,#1404,#1405,#1406));
#8610=EDGE_LOOP('',(#1407,#1408,#1409,#1410));
#8611=EDGE_LOOP('',(#1411,#1412,#1413,#1414));
#8612=EDGE_LOOP('',(#1415,#1416,#1417,#1418));
#8613=EDGE_LOOP('',(#1419,#1420,#1421,#1422));
#8614=EDGE_LOOP('',(#1423,#1424,#1425,#1426));
#8615=EDGE_LOOP('',(#1427,#1428,#1429,#1430));
#8616=EDGE_LOOP('',(#1431,#1432,#1433,#1434));
#8617=EDGE_LOOP('',(#1435,#1436,#1437,#1438));
#8618=EDGE_LOOP('',(#1439,#1440,#1441,#1442));
#8619=EDGE_LOOP('',(#1443,#1444,#1445,#1446));
#8620=EDGE_LOOP('',(#1447,#1448,#1449,#1450));
#8621=EDGE_LOOP('',(#1451,#1452,#1453,#1454));
#8622=EDGE_LOOP('',(#1455,#1456,#1457,#1458));
#8623=EDGE_LOOP('',(#1459,#1460,#1461,#1462));
#8624=EDGE_LOOP('',(#1463,#1464,#1465,#1466));
#8625=EDGE_LOOP('',(#1467,#1468,#1469,#1470));
#8626=EDGE_LOOP('',(#1471,#1472,#1473,#1474));
#8627=EDGE_LOOP('',(#1475,#1476,#1477,#1478));
#8628=EDGE_LOOP('',(#1479,#1480,#1481,#1482));
#8629=EDGE_LOOP('',(#1483,#1484,#1485,#1486));
#8630=EDGE_LOOP('',(#1487,#1488,#1489,#1490));
#8631=EDGE_LOOP('',(#1491,#1492,#1493,#1494));
#8632=EDGE_LOOP('',(#1495,#1496,#1497,#1498));
#8633=EDGE_LOOP('',(#1499,#1500,#1501,#1502));
#8634=EDGE_LOOP('',(#1503,#1504,#1505,#1506));
#8635=EDGE_LOOP('',(#1507,#1508,#1509,#1510));
#8636=EDGE_LOOP('',(#1511,#1512,#1513,#1514));
#8637=EDGE_LOOP('',(#1515,#1516,#1517,#1518));
#8638=EDGE_LOOP('',(#1519,#1520,#1521,#1522));
#8639=EDGE_LOOP('',(#1523,#1524,#1525,#1526));
#8640=EDGE_LOOP('',(#1527,#1528,#1529,#1530));
#8641=EDGE_LOOP('',(#1531,#1532,#1533,#1534));
#8642=EDGE_LOOP('',(#1535,#1536,#1537,#1538));
#8643=EDGE_LOOP('',(#1539,#1540,#1541,#1542));
#8644=EDGE_LOOP('',(#1543,#1544,#1545,#1546));
#8645=EDGE_LOOP('',(#1547,#1548,#1549,#1550));
#8646=EDGE_LOOP('',(#1551,#1552,#1553,#1554));
#8647=EDGE_LOOP('',(#1555,#1556,#1557,#1558));
#8648=EDGE_LOOP('',(#1559,#1560,#1561,#1562));
#8649=EDGE_LOOP('',(#1563,#1564,#1565,#1566));
#8650=EDGE_LOOP('',(#1567,#1568,#1569,#1570));
#8651=EDGE_LOOP('',(#1571,#1572,#1573,#1574));
#8652=EDGE_LOOP('',(#1575,#1576,#1577,#1578));
#8653=EDGE_LOOP('',(#1579,#1580,#1581,#1582));
#8654=EDGE_LOOP('',(#1583,#1584,#1585,#1586));
#8655=EDGE_LOOP('',(#1587,#1588,#1589,#1590));
#8656=EDGE_LOOP('',(#1591,#1592,#1593,#1594));
#8657=EDGE_LOOP('',(#1595,#1596,#1597,#1598));
#8658=EDGE_LOOP('',(#1599,#1600,#1601,#1602,#1603,#1604,#1605,#1606,#1607,
#1608,#1609,#1610,#1611,#1612,#1613,#1614,#1615,#1616,#1617,#1618,#1619,
#1620,#1621,#1622,#1623,#1624,#1625,#1626,#1627,#1628,#1629,#1630,#1631,
#1632,#1633,#1634,#1635,#1636,#1637,#1638));
#8659=EDGE_LOOP('',(#1639,#1640,#1641,#1642,#1643,#1644,#1645,#1646));
#8660=EDGE_LOOP('',(#1647,#1648,#1649,#1650,#1651,#1652,#1653,#1654));
#8661=EDGE_LOOP('',(#1655,#1656,#1657,#1658,#1659,#1660,#1661,#1662));
#8662=EDGE_LOOP('',(#1663,#1664,#1665,#1666,#1667,#1668,#1669,#1670));
#8663=EDGE_LOOP('',(#1671,#1672,#1673,#1674,#1675,#1676,#1677,#1678,#1679,
#1680,#1681,#1682,#1683,#1684,#1685,#1686,#1687,#1688,#1689,#1690,#1691,
#1692,#1693,#1694,#1695,#1696,#1697,#1698,#1699,#1700,#1701,#1702,#1703,
#1704,#1705,#1706,#1707,#1708,#1709,#1710,#1711,#1712,#1713,#1714,#1715,
#1716,#1717,#1718,#1719,#1720,#1721,#1722,#1723,#1724,#1725,#1726,#1727,
#1728,#1729,#1730,#1731,#1732,#1733,#1734,#1735,#1736,#1737,#1738,#1739,
#1740,#1741,#1742,#1743,#1744,#1745,#1746,#1747,#1748,#1749,#1750,#1751,
#1752,#1753,#1754,#1755,#1756,#1757,#1758,#1759,#1760,#1761,#1762,#1763,
#1764,#1765,#1766,#1767,#1768,#1769,#1770,#1771,#1772,#1773,#1774,#1775,
#1776,#1777,#1778,#1779,#1780,#1781,#1782,#1783,#1784,#1785,#1786,#1787,
#1788,#1789,#1790));
#8664=EDGE_LOOP('',(#1791,#1792,#1793,#1794,#1795,#1796,#1797,#1798,#1799,
#1800,#1801,#1802,#1803,#1804,#1805,#1806,#1807,#1808,#1809,#1810,#1811,
#1812,#1813,#1814,#1815,#1816,#1817,#1818,#1819,#1820,#1821,#1822,#1823,
#1824,#1825,#1826,#1827,#1828,#1829,#1830));
#8665=EDGE_LOOP('',(#1831,#1832,#1833,#1834,#1835,#1836,#1837,#1838));
#8666=EDGE_LOOP('',(#1839,#1840,#1841,#1842,#1843,#1844,#1845,#1846));
#8667=EDGE_LOOP('',(#1847,#1848,#1849,#1850,#1851,#1852,#1853,#1854));
#8668=EDGE_LOOP('',(#1855,#1856,#1857,#1858,#1859,#1860,#1861,#1862));
#8669=EDGE_LOOP('',(#1863,#1864,#1865,#1866,#1867,#1868,#1869,#1870,#1871,
#1872,#1873,#1874,#1875,#1876,#1877,#1878,#1879,#1880,#1881,#1882,#1883,
#1884,#1885,#1886,#1887,#1888,#1889,#1890,#1891,#1892,#1893,#1894,#1895,
#1896,#1897,#1898,#1899,#1900,#1901,#1902,#1903,#1904,#1905,#1906,#1907,
#1908,#1909,#1910,#1911,#1912,#1913,#1914,#1915,#1916,#1917,#1918,#1919,
#1920,#1921,#1922,#1923,#1924,#1925,#1926,#1927,#1928,#1929,#1930,#1931,
#1932,#1933,#1934,#1935,#1936,#1937,#1938,#1939,#1940,#1941,#1942,#1943,
#1944,#1945,#1946,#1947,#1948,#1949,#1950,#1951,#1952,#1953,#1954,#1955,
#1956,#1957,#1958,#1959,#1960,#1961,#1962,#1963,#1964,#1965,#1966,#1967,
#1968,#1969,#1970,#1971,#1972,#1973,#1974,#1975,#1976,#1977,#1978,#1979,
#1980,#1981,#1982));
#8670=EDGE_LOOP('',(#1983,#1984,#1985,#1986));
#8671=EDGE_LOOP('',(#1987,#1988,#1989,#1990));
#8672=EDGE_LOOP('',(#1991,#1992,#1993,#1994));
#8673=EDGE_LOOP('',(#1995,#1996,#1997,#1998));
#8674=EDGE_LOOP('',(#1999,#2000,#2001,#2002));
#8675=EDGE_LOOP('',(#2003,#2004,#2005,#2006));
#8676=EDGE_LOOP('',(#2007,#2008,#2009,#2010));
#8677=EDGE_LOOP('',(#2011,#2012,#2013,#2014));
#8678=EDGE_LOOP('',(#2015,#2016,#2017,#2018));
#8679=EDGE_LOOP('',(#2019,#2020,#2021,#2022));
#8680=EDGE_LOOP('',(#2023,#2024,#2025,#2026));
#8681=EDGE_LOOP('',(#2027,#2028,#2029,#2030));
#8682=EDGE_LOOP('',(#2031,#2032,#2033,#2034));
#8683=EDGE_LOOP('',(#2035,#2036,#2037,#2038));
#8684=EDGE_LOOP('',(#2039,#2040,#2041,#2042));
#8685=EDGE_LOOP('',(#2043,#2044,#2045,#2046));
#8686=EDGE_LOOP('',(#2047,#2048,#2049,#2050));
#8687=EDGE_LOOP('',(#2051,#2052,#2053,#2054));
#8688=EDGE_LOOP('',(#2055,#2056,#2057,#2058));
#8689=EDGE_LOOP('',(#2059,#2060,#2061,#2062));
#8690=EDGE_LOOP('',(#2063,#2064,#2065,#2066));
#8691=EDGE_LOOP('',(#2067,#2068,#2069,#2070));
#8692=EDGE_LOOP('',(#2071,#2072,#2073,#2074));
#8693=EDGE_LOOP('',(#2075,#2076,#2077,#2078));
#8694=EDGE_LOOP('',(#2079,#2080,#2081,#2082));
#8695=EDGE_LOOP('',(#2083,#2084,#2085,#2086));
#8696=EDGE_LOOP('',(#2087,#2088,#2089,#2090));
#8697=EDGE_LOOP('',(#2091,#2092,#2093,#2094));
#8698=EDGE_LOOP('',(#2095,#2096,#2097,#2098));
#8699=EDGE_LOOP('',(#2099,#2100,#2101,#2102));
#8700=EDGE_LOOP('',(#2103,#2104,#2105,#2106));
#8701=EDGE_LOOP('',(#2107,#2108,#2109,#2110));
#8702=EDGE_LOOP('',(#2111,#2112,#2113,#2114));
#8703=EDGE_LOOP('',(#2115,#2116,#2117,#2118));
#8704=EDGE_LOOP('',(#2119,#2120,#2121,#2122));
#8705=EDGE_LOOP('',(#2123,#2124,#2125,#2126));
#8706=EDGE_LOOP('',(#2127,#2128,#2129,#2130));
#8707=EDGE_LOOP('',(#2131,#2132,#2133,#2134));
#8708=EDGE_LOOP('',(#2135,#2136,#2137,#2138));
#8709=EDGE_LOOP('',(#2139,#2140,#2141,#2142));
#8710=EDGE_LOOP('',(#2143,#2144,#2145,#2146));
#8711=EDGE_LOOP('',(#2147,#2148,#2149,#2150));
#8712=EDGE_LOOP('',(#2151,#2152,#2153,#2154));
#8713=EDGE_LOOP('',(#2155,#2156,#2157,#2158));
#8714=EDGE_LOOP('',(#2159,#2160,#2161,#2162));
#8715=EDGE_LOOP('',(#2163,#2164,#2165,#2166));
#8716=EDGE_LOOP('',(#2167,#2168,#2169,#2170));
#8717=EDGE_LOOP('',(#2171,#2172,#2173,#2174));
#8718=EDGE_LOOP('',(#2175,#2176,#2177,#2178));
#8719=EDGE_LOOP('',(#2179,#2180,#2181,#2182));
#8720=EDGE_LOOP('',(#2183,#2184,#2185,#2186));
#8721=EDGE_LOOP('',(#2187,#2188,#2189,#2190));
#8722=EDGE_LOOP('',(#2191,#2192,#2193,#2194));
#8723=EDGE_LOOP('',(#2195,#2196,#2197,#2198));
#8724=EDGE_LOOP('',(#2199,#2200,#2201,#2202));
#8725=EDGE_LOOP('',(#2203,#2204,#2205,#2206));
#8726=EDGE_LOOP('',(#2207,#2208,#2209,#2210));
#8727=EDGE_LOOP('',(#2211,#2212,#2213,#2214));
#8728=EDGE_LOOP('',(#2215,#2216,#2217,#2218));
#8729=EDGE_LOOP('',(#2219,#2220,#2221,#2222));
#8730=EDGE_LOOP('',(#2223,#2224,#2225,#2226));
#8731=EDGE_LOOP('',(#2227,#2228,#2229,#2230));
#8732=EDGE_LOOP('',(#2231,#2232,#2233,#2234));
#8733=EDGE_LOOP('',(#2235,#2236,#2237,#2238));
#8734=EDGE_LOOP('',(#2239,#2240,#2241,#2242));
#8735=EDGE_LOOP('',(#2243,#2244,#2245,#2246));
#8736=EDGE_LOOP('',(#2247,#2248,#2249,#2250));
#8737=EDGE_LOOP('',(#2251,#2252,#2253,#2254));
#8738=EDGE_LOOP('',(#2255,#2256,#2257,#2258));
#8739=EDGE_LOOP('',(#2259,#2260,#2261,#2262));
#8740=EDGE_LOOP('',(#2263,#2264,#2265,#2266));
#8741=EDGE_LOOP('',(#2267,#2268,#2269,#2270));
#8742=EDGE_LOOP('',(#2271,#2272,#2273,#2274));
#8743=EDGE_LOOP('',(#2275,#2276,#2277,#2278));
#8744=EDGE_LOOP('',(#2279,#2280,#2281,#2282));
#8745=EDGE_LOOP('',(#2283,#2284,#2285,#2286));
#8746=EDGE_LOOP('',(#2287,#2288,#2289,#2290));
#8747=EDGE_LOOP('',(#2291,#2292,#2293,#2294));
#8748=EDGE_LOOP('',(#2295,#2296,#2297,#2298));
#8749=EDGE_LOOP('',(#2299,#2300,#2301,#2302));
#8750=EDGE_LOOP('',(#2303,#2304,#2305,#2306));
#8751=EDGE_LOOP('',(#2307,#2308,#2309,#2310));
#8752=EDGE_LOOP('',(#2311,#2312,#2313,#2314));
#8753=EDGE_LOOP('',(#2315,#2316,#2317,#2318));
#8754=EDGE_LOOP('',(#2319,#2320,#2321,#2322));
#8755=EDGE_LOOP('',(#2323,#2324,#2325,#2326));
#8756=EDGE_LOOP('',(#2327,#2328,#2329,#2330));
#8757=EDGE_LOOP('',(#2331,#2332,#2333,#2334));
#8758=EDGE_LOOP('',(#2335,#2336,#2337,#2338));
#8759=EDGE_LOOP('',(#2339,#2340,#2341,#2342));
#8760=EDGE_LOOP('',(#2343,#2344,#2345,#2346));
#8761=EDGE_LOOP('',(#2347,#2348,#2349,#2350));
#8762=EDGE_LOOP('',(#2351,#2352,#2353,#2354));
#8763=EDGE_LOOP('',(#2355,#2356,#2357,#2358));
#8764=EDGE_LOOP('',(#2359,#2360,#2361,#2362));
#8765=EDGE_LOOP('',(#2363,#2364,#2365,#2366));
#8766=EDGE_LOOP('',(#2367,#2368,#2369,#2370));
#8767=EDGE_LOOP('',(#2371,#2372,#2373,#2374));
#8768=EDGE_LOOP('',(#2375,#2376,#2377,#2378));
#8769=EDGE_LOOP('',(#2379,#2380,#2381,#2382));
#8770=EDGE_LOOP('',(#2383,#2384,#2385,#2386));
#8771=EDGE_LOOP('',(#2387,#2388,#2389,#2390));
#8772=EDGE_LOOP('',(#2391,#2392,#2393,#2394));
#8773=EDGE_LOOP('',(#2395,#2396,#2397,#2398));
#8774=EDGE_LOOP('',(#2399,#2400,#2401,#2402));
#8775=EDGE_LOOP('',(#2403,#2404,#2405,#2406));
#8776=EDGE_LOOP('',(#2407,#2408,#2409,#2410));
#8777=EDGE_LOOP('',(#2411,#2412,#2413,#2414));
#8778=EDGE_LOOP('',(#2415,#2416,#2417,#2418));
#8779=EDGE_LOOP('',(#2419,#2420,#2421,#2422));
#8780=EDGE_LOOP('',(#2423,#2424,#2425,#2426));
#8781=EDGE_LOOP('',(#2427,#2428,#2429,#2430));
#8782=EDGE_LOOP('',(#2431,#2432,#2433,#2434));
#8783=EDGE_LOOP('',(#2435,#2436,#2437,#2438));
#8784=EDGE_LOOP('',(#2439,#2440,#2441,#2442));
#8785=EDGE_LOOP('',(#2443,#2444,#2445,#2446));
#8786=EDGE_LOOP('',(#2447,#2448,#2449,#2450));
#8787=EDGE_LOOP('',(#2451,#2452,#2453,#2454));
#8788=EDGE_LOOP('',(#2455,#2456,#2457,#2458));
#8789=EDGE_LOOP('',(#2459,#2460,#2461,#2462));
#8790=EDGE_LOOP('',(#2463,#2464,#2465,#2466));
#8791=EDGE_LOOP('',(#2467,#2468,#2469,#2470));
#8792=EDGE_LOOP('',(#2471,#2472,#2473,#2474));
#8793=EDGE_LOOP('',(#2475,#2476,#2477,#2478));
#8794=EDGE_LOOP('',(#2479,#2480,#2481,#2482));
#8795=EDGE_LOOP('',(#2483,#2484,#2485,#2486));
#8796=EDGE_LOOP('',(#2487,#2488,#2489,#2490));
#8797=EDGE_LOOP('',(#2491,#2492,#2493,#2494));
#8798=EDGE_LOOP('',(#2495,#2496,#2497,#2498));
#8799=EDGE_LOOP('',(#2499,#2500,#2501,#2502));
#8800=EDGE_LOOP('',(#2503,#2504,#2505,#2506));
#8801=EDGE_LOOP('',(#2507,#2508,#2509,#2510));
#8802=EDGE_LOOP('',(#2511,#2512,#2513,#2514));
#8803=EDGE_LOOP('',(#2515,#2516,#2517,#2518));
#8804=EDGE_LOOP('',(#2519,#2520,#2521,#2522));
#8805=EDGE_LOOP('',(#2523,#2524,#2525,#2526));
#8806=EDGE_LOOP('',(#2527,#2528,#2529,#2530));
#8807=EDGE_LOOP('',(#2531,#2532,#2533,#2534));
#8808=EDGE_LOOP('',(#2535,#2536,#2537,#2538));
#8809=EDGE_LOOP('',(#2539,#2540,#2541,#2542));
#8810=EDGE_LOOP('',(#2543,#2544,#2545,#2546));
#8811=EDGE_LOOP('',(#2547,#2548,#2549,#2550));
#8812=EDGE_LOOP('',(#2551,#2552,#2553,#2554));
#8813=EDGE_LOOP('',(#2555,#2556,#2557,#2558));
#8814=EDGE_LOOP('',(#2559,#2560,#2561,#2562));
#8815=EDGE_LOOP('',(#2563,#2564,#2565,#2566));
#8816=EDGE_LOOP('',(#2567,#2568,#2569,#2570));
#8817=EDGE_LOOP('',(#2571,#2572,#2573,#2574));
#8818=EDGE_LOOP('',(#2575,#2576,#2577,#2578));
#8819=EDGE_LOOP('',(#2579,#2580,#2581,#2582));
#8820=EDGE_LOOP('',(#2583,#2584,#2585,#2586));
#8821=EDGE_LOOP('',(#2587,#2588,#2589,#2590));
#8822=EDGE_LOOP('',(#2591,#2592,#2593,#2594));
#8823=EDGE_LOOP('',(#2595,#2596,#2597,#2598));
#8824=EDGE_LOOP('',(#2599,#2600,#2601,#2602));
#8825=EDGE_LOOP('',(#2603,#2604,#2605,#2606));
#8826=EDGE_LOOP('',(#2607,#2608,#2609,#2610));
#8827=EDGE_LOOP('',(#2611,#2612,#2613,#2614));
#8828=EDGE_LOOP('',(#2615,#2616,#2617,#2618));
#8829=EDGE_LOOP('',(#2619,#2620,#2621,#2622));
#8830=EDGE_LOOP('',(#2623,#2624,#2625,#2626));
#8831=EDGE_LOOP('',(#2627,#2628,#2629,#2630));
#8832=EDGE_LOOP('',(#2631,#2632,#2633,#2634));
#8833=EDGE_LOOP('',(#2635,#2636,#2637,#2638));
#8834=EDGE_LOOP('',(#2639,#2640,#2641,#2642));
#8835=EDGE_LOOP('',(#2643,#2644,#2645,#2646));
#8836=EDGE_LOOP('',(#2647,#2648,#2649,#2650));
#8837=EDGE_LOOP('',(#2651,#2652,#2653,#2654));
#8838=EDGE_LOOP('',(#2655,#2656,#2657,#2658));
#8839=EDGE_LOOP('',(#2659,#2660,#2661,#2662));
#8840=EDGE_LOOP('',(#2663,#2664,#2665,#2666));
#8841=EDGE_LOOP('',(#2667,#2668,#2669,#2670));
#8842=EDGE_LOOP('',(#2671,#2672,#2673,#2674));
#8843=EDGE_LOOP('',(#2675,#2676,#2677,#2678));
#8844=EDGE_LOOP('',(#2679,#2680,#2681,#2682));
#8845=EDGE_LOOP('',(#2683,#2684,#2685,#2686));
#8846=EDGE_LOOP('',(#2687,#2688,#2689,#2690));
#8847=EDGE_LOOP('',(#2691,#2692,#2693,#2694));
#8848=EDGE_LOOP('',(#2695,#2696,#2697,#2698));
#8849=EDGE_LOOP('',(#2699,#2700,#2701,#2702));
#8850=EDGE_LOOP('',(#2703,#2704,#2705,#2706));
#8851=EDGE_LOOP('',(#2707,#2708,#2709,#2710));
#8852=EDGE_LOOP('',(#2711,#2712,#2713,#2714));
#8853=EDGE_LOOP('',(#2715,#2716,#2717,#2718));
#8854=EDGE_LOOP('',(#2719,#2720,#2721,#2722));
#8855=EDGE_LOOP('',(#2723,#2724,#2725,#2726));
#8856=EDGE_LOOP('',(#2727,#2728,#2729,#2730));
#8857=EDGE_LOOP('',(#2731,#2732,#2733,#2734));
#8858=EDGE_LOOP('',(#2735,#2736,#2737,#2738));
#8859=EDGE_LOOP('',(#2739,#2740,#2741,#2742));
#8860=EDGE_LOOP('',(#2743,#2744,#2745,#2746));
#8861=EDGE_LOOP('',(#2747,#2748,#2749,#2750));
#8862=EDGE_LOOP('',(#2751,#2752,#2753,#2754,#2755,#2756,#2757,#2758,#2759,
#2760,#2761,#2762,#2763,#2764,#2765,#2766,#2767,#2768,#2769,#2770,#2771,
#2772,#2773,#2774,#2775,#2776,#2777,#2778,#2779,#2780,#2781,#2782,#2783,
#2784,#2785,#2786,#2787,#2788,#2789,#2790));
#8863=EDGE_LOOP('',(#2791,#2792,#2793,#2794,#2795,#2796,#2797,#2798));
#8864=EDGE_LOOP('',(#2799,#2800,#2801,#2802,#2803,#2804,#2805,#2806));
#8865=EDGE_LOOP('',(#2807,#2808,#2809,#2810,#2811,#2812,#2813,#2814));
#8866=EDGE_LOOP('',(#2815,#2816,#2817,#2818,#2819,#2820,#2821,#2822));
#8867=EDGE_LOOP('',(#2823,#2824,#2825,#2826,#2827,#2828,#2829,#2830,#2831,
#2832,#2833,#2834,#2835,#2836,#2837,#2838,#2839,#2840,#2841,#2842,#2843,
#2844,#2845,#2846,#2847,#2848,#2849,#2850,#2851,#2852,#2853,#2854,#2855,
#2856,#2857,#2858,#2859,#2860,#2861,#2862,#2863,#2864,#2865,#2866,#2867,
#2868,#2869,#2870,#2871,#2872,#2873,#2874,#2875,#2876,#2877,#2878,#2879,
#2880,#2881,#2882,#2883,#2884,#2885,#2886,#2887,#2888,#2889,#2890,#2891,
#2892,#2893,#2894,#2895,#2896,#2897,#2898,#2899,#2900,#2901,#2902,#2903,
#2904,#2905,#2906,#2907,#2908,#2909,#2910,#2911,#2912,#2913,#2914,#2915,
#2916,#2917,#2918,#2919,#2920,#2921,#2922,#2923,#2924,#2925,#2926,#2927,
#2928,#2929,#2930,#2931,#2932,#2933,#2934,#2935,#2936,#2937,#2938,#2939,
#2940,#2941,#2942));
#8868=EDGE_LOOP('',(#2943,#2944,#2945,#2946,#2947,#2948,#2949,#2950,#2951,
#2952,#2953,#2954,#2955,#2956,#2957,#2958,#2959,#2960,#2961,#2962,#2963,
#2964,#2965,#2966,#2967,#2968,#2969,#2970,#2971,#2972,#2973,#2974,#2975,
#2976,#2977,#2978,#2979,#2980,#2981,#2982));
#8869=EDGE_LOOP('',(#2983,#2984,#2985,#2986,#2987,#2988,#2989,#2990));
#8870=EDGE_LOOP('',(#2991,#2992,#2993,#2994,#2995,#2996,#2997,#2998));
#8871=EDGE_LOOP('',(#2999,#3000,#3001,#3002,#3003,#3004,#3005,#3006));
#8872=EDGE_LOOP('',(#3007,#3008,#3009,#3010,#3011,#3012,#3013,#3014));
#8873=EDGE_LOOP('',(#3015,#3016,#3017,#3018,#3019,#3020,#3021,#3022,#3023,
#3024,#3025,#3026,#3027,#3028,#3029,#3030,#3031,#3032,#3033,#3034,#3035,
#3036,#3037,#3038,#3039,#3040,#3041,#3042,#3043,#3044,#3045,#3046,#3047,
#3048,#3049,#3050,#3051,#3052,#3053,#3054,#3055,#3056,#3057,#3058,#3059,
#3060,#3061,#3062,#3063,#3064,#3065,#3066,#3067,#3068,#3069,#3070,#3071,
#3072,#3073,#3074,#3075,#3076,#3077,#3078,#3079,#3080,#3081,#3082,#3083,
#3084,#3085,#3086,#3087,#3088,#3089,#3090,#3091,#3092,#3093,#3094,#3095,
#3096,#3097,#3098,#3099,#3100,#3101,#3102,#3103,#3104,#3105,#3106,#3107,
#3108,#3109,#3110,#3111,#3112,#3113,#3114,#3115,#3116,#3117,#3118,#3119,
#3120,#3121,#3122,#3123,#3124,#3125,#3126,#3127,#3128,#3129,#3130,#3131,
#3132,#3133,#3134));
#8874=EDGE_LOOP('',(#3135,#3136,#3137,#3138));
#8875=EDGE_LOOP('',(#3139,#3140,#3141,#3142));
#8876=EDGE_LOOP('',(#3143,#3144,#3145,#3146));
#8877=EDGE_LOOP('',(#3147,#3148,#3149,#3150));
#8878=EDGE_LOOP('',(#3151,#3152,#3153,#3154));
#8879=EDGE_LOOP('',(#3155,#3156,#3157,#3158));
#8880=EDGE_LOOP('',(#3159,#3160,#3161,#3162));
#8881=EDGE_LOOP('',(#3163,#3164,#3165,#3166));
#8882=EDGE_LOOP('',(#3167,#3168,#3169,#3170));
#8883=EDGE_LOOP('',(#3171,#3172,#3173,#3174));
#8884=EDGE_LOOP('',(#3175,#3176,#3177,#3178));
#8885=EDGE_LOOP('',(#3179,#3180,#3181,#3182));
#8886=EDGE_LOOP('',(#3183,#3184,#3185,#3186));
#8887=EDGE_LOOP('',(#3187,#3188,#3189,#3190));
#8888=EDGE_LOOP('',(#3191,#3192,#3193,#3194));
#8889=EDGE_LOOP('',(#3195,#3196,#3197,#3198));
#8890=EDGE_LOOP('',(#3199,#3200,#3201,#3202));
#8891=EDGE_LOOP('',(#3203,#3204,#3205,#3206));
#8892=EDGE_LOOP('',(#3207,#3208,#3209,#3210));
#8893=EDGE_LOOP('',(#3211,#3212,#3213,#3214));
#8894=EDGE_LOOP('',(#3215,#3216,#3217,#3218));
#8895=EDGE_LOOP('',(#3219,#3220,#3221,#3222));
#8896=EDGE_LOOP('',(#3223,#3224,#3225,#3226));
#8897=EDGE_LOOP('',(#3227,#3228,#3229,#3230));
#8898=EDGE_LOOP('',(#3231,#3232,#3233,#3234));
#8899=EDGE_LOOP('',(#3235,#3236,#3237,#3238));
#8900=EDGE_LOOP('',(#3239,#3240,#3241,#3242));
#8901=EDGE_LOOP('',(#3243,#3244,#3245,#3246));
#8902=EDGE_LOOP('',(#3247,#3248,#3249,#3250));
#8903=EDGE_LOOP('',(#3251,#3252,#3253,#3254));
#8904=EDGE_LOOP('',(#3255,#3256,#3257,#3258));
#8905=EDGE_LOOP('',(#3259,#3260,#3261,#3262));
#8906=EDGE_LOOP('',(#3263,#3264,#3265,#3266));
#8907=EDGE_LOOP('',(#3267,#3268,#3269,#3270));
#8908=EDGE_LOOP('',(#3271,#3272,#3273,#3274));
#8909=EDGE_LOOP('',(#3275,#3276,#3277,#3278));
#8910=EDGE_LOOP('',(#3279,#3280,#3281,#3282));
#8911=EDGE_LOOP('',(#3283));
#8912=EDGE_LOOP('',(#3284));
#8913=EDGE_LOOP('',(#3285));
#8914=EDGE_LOOP('',(#3286));
#8915=EDGE_LOOP('',(#3287));
#8916=EDGE_LOOP('',(#3288));
#8917=EDGE_LOOP('',(#3289));
#8918=EDGE_LOOP('',(#3290));
#8919=EDGE_LOOP('',(#3291));
#8920=EDGE_LOOP('',(#3292));
#8921=EDGE_LOOP('',(#3293));
#8922=EDGE_LOOP('',(#3294));
#8923=EDGE_LOOP('',(#3295,#3296,#3297,#3298));
#8924=EDGE_LOOP('',(#3299,#3300,#3301,#3302));
#8925=EDGE_LOOP('',(#3303,#3304,#3305,#3306));
#8926=EDGE_LOOP('',(#3307,#3308,#3309,#3310));
#8927=EDGE_LOOP('',(#3311,#3312,#3313,#3314));
#8928=EDGE_LOOP('',(#3315,#3316,#3317,#3318));
#8929=EDGE_LOOP('',(#3319,#3320,#3321,#3322,#3323,#3324,#3325,#3326,#3327,
#3328,#3329,#3330,#3331,#3332,#3333,#3334,#3335,#3336));
#8930=EDGE_LOOP('',(#3337));
#8931=EDGE_LOOP('',(#3338));
#8932=EDGE_LOOP('',(#3339));
#8933=EDGE_LOOP('',(#3340));
#8934=EDGE_LOOP('',(#3341));
#8935=EDGE_LOOP('',(#3342));
#8936=EDGE_LOOP('',(#3343,#3344,#3345,#3346));
#8937=EDGE_LOOP('',(#3347,#3348,#3349,#3350));
#8938=EDGE_LOOP('',(#3351,#3352,#3353,#3354));
#8939=EDGE_LOOP('',(#3355,#3356,#3357,#3358));
#8940=EDGE_LOOP('',(#3359,#3360,#3361,#3362));
#8941=EDGE_LOOP('',(#3363,#3364,#3365,#3366));
#8942=EDGE_LOOP('',(#3367,#3368,#3369,#3370,#3371,#3372,#3373,#3374,#3375,
#3376,#3377,#3378,#3379,#3380,#3381,#3382,#3383,#3384));
#8943=EDGE_LOOP('',(#3385));
#8944=EDGE_LOOP('',(#3386));
#8945=EDGE_LOOP('',(#3387));
#8946=EDGE_LOOP('',(#3388));
#8947=EDGE_LOOP('',(#3389));
#8948=EDGE_LOOP('',(#3390));
#8949=EDGE_LOOP('',(#3391,#3392,#3393,#3394));
#8950=EDGE_LOOP('',(#3395,#3396,#3397,#3398));
#8951=EDGE_LOOP('',(#3399,#3400,#3401,#3402));
#8952=EDGE_LOOP('',(#3403,#3404,#3405,#3406));
#8953=EDGE_LOOP('',(#3407,#3408,#3409,#3410));
#8954=EDGE_LOOP('',(#3411,#3412,#3413,#3414));
#8955=EDGE_LOOP('',(#3415));
#8956=EDGE_LOOP('',(#3416));
#8957=EDGE_LOOP('',(#3417));
#8958=EDGE_LOOP('',(#3418));
#8959=EDGE_LOOP('',(#3419));
#8960=EDGE_LOOP('',(#3420));
#8961=EDGE_LOOP('',(#3421));
#8962=EDGE_LOOP('',(#3422));
#8963=EDGE_LOOP('',(#3423));
#8964=EDGE_LOOP('',(#3424));
#8965=EDGE_LOOP('',(#3425));
#8966=EDGE_LOOP('',(#3426));
#8967=EDGE_LOOP('',(#3427));
#8968=EDGE_LOOP('',(#3428));
#8969=EDGE_LOOP('',(#3429,#3430,#3431,#3432));
#8970=EDGE_LOOP('',(#3433));
#8971=EDGE_LOOP('',(#3434));
#8972=EDGE_LOOP('',(#3435));
#8973=EDGE_LOOP('',(#3436));
#8974=EDGE_LOOP('',(#3437));
#8975=EDGE_LOOP('',(#3438));
#8976=EDGE_LOOP('',(#3439));
#8977=EDGE_LOOP('',(#3440,#3441,#3442,#3443,#3444,#3445));
#8978=EDGE_LOOP('',(#3446));
#8979=EDGE_LOOP('',(#3447));
#8980=EDGE_LOOP('',(#3448));
#8981=EDGE_LOOP('',(#3449));
#8982=EDGE_LOOP('',(#3450));
#8983=EDGE_LOOP('',(#3451));
#8984=EDGE_LOOP('',(#3452));
#8985=EDGE_LOOP('',(#3453,#3454,#3455,#3456,#3457,#3458));
#8986=EDGE_LOOP('',(#3459,#3460,#3461,#3462));
#8987=EDGE_LOOP('',(#3463,#3464,#3465,#3466));
#8988=EDGE_LOOP('',(#3467,#3468,#3469,#3470));
#8989=EDGE_LOOP('',(#3471,#3472,#3473,#3474));
#8990=EDGE_LOOP('',(#3475,#3476,#3477,#3478));
#8991=EDGE_LOOP('',(#3479,#3480,#3481,#3482));
#8992=EDGE_LOOP('',(#3483,#3484,#3485,#3486));
#8993=EDGE_LOOP('',(#3487,#3488,#3489,#3490));
#8994=EDGE_LOOP('',(#3491,#3492,#3493,#3494));
#8995=EDGE_LOOP('',(#3495,#3496,#3497,#3498));
#8996=EDGE_LOOP('',(#3499,#3500,#3501,#3502));
#8997=EDGE_LOOP('',(#3503,#3504,#3505,#3506));
#8998=EDGE_LOOP('',(#3507,#3508,#3509,#3510));
#8999=EDGE_LOOP('',(#3511,#3512,#3513,#3514));
#9000=EDGE_LOOP('',(#3515,#3516,#3517,#3518));
#9001=EDGE_LOOP('',(#3519,#3520,#3521,#3522));
#9002=EDGE_LOOP('',(#3523));
#9003=EDGE_LOOP('',(#3524));
#9004=EDGE_LOOP('',(#3525));
#9005=EDGE_LOOP('',(#3526));
#9006=EDGE_LOOP('',(#3527));
#9007=EDGE_LOOP('',(#3528));
#9008=EDGE_LOOP('',(#3529));
#9009=EDGE_LOOP('',(#3530));
#9010=EDGE_LOOP('',(#3531,#3532,#3533,#3534));
#9011=EDGE_LOOP('',(#3535));
#9012=EDGE_LOOP('',(#3536));
#9013=EDGE_LOOP('',(#3537));
#9014=EDGE_LOOP('',(#3538));
#9015=EDGE_LOOP('',(#3539));
#9016=EDGE_LOOP('',(#3540,#3541,#3542,#3543,#3544,#3545,#3546,#3547,#3548,
#3549,#3550,#3551));
#9017=EDGE_LOOP('',(#3552));
#9018=EDGE_LOOP('',(#3553));
#9019=EDGE_LOOP('',(#3554));
#9020=EDGE_LOOP('',(#3555));
#9021=EDGE_LOOP('',(#3556));
#9022=EDGE_LOOP('',(#3557));
#9023=EDGE_LOOP('',(#3558,#3559,#3560,#3561,#3562,#3563,#3564,#3565,#3566,
#3567,#3568,#3569));
#9024=EDGE_LOOP('',(#3570));
#9025=EDGE_LOOP('',(#3571));
#9026=EDGE_LOOP('',(#3572));
#9027=EDGE_LOOP('',(#3573));
#9028=EDGE_LOOP('',(#3574));
#9029=EDGE_LOOP('',(#3575,#3576,#3577,#3578));
#9030=EDGE_LOOP('',(#3579,#3580,#3581,#3582));
#9031=EDGE_LOOP('',(#3583,#3584,#3585,#3586));
#9032=EDGE_LOOP('',(#3587,#3588,#3589,#3590));
#9033=EDGE_LOOP('',(#3591,#3592,#3593,#3594));
#9034=EDGE_LOOP('',(#3595,#3596,#3597,#3598));
#9035=EDGE_LOOP('',(#3599,#3600,#3601,#3602));
#9036=EDGE_LOOP('',(#3603,#3604,#3605,#3606));
#9037=EDGE_LOOP('',(#3607,#3608,#3609,#3610));
#9038=EDGE_LOOP('',(#3611,#3612,#3613,#3614));
#9039=EDGE_LOOP('',(#3615,#3616,#3617,#3618));
#9040=EDGE_LOOP('',(#3619,#3620,#3621,#3622));
#9041=EDGE_LOOP('',(#3623,#3624,#3625,#3626));
#9042=EDGE_LOOP('',(#3627,#3628,#3629,#3630));
#9043=EDGE_LOOP('',(#3631,#3632,#3633,#3634));
#9044=EDGE_LOOP('',(#3635,#3636,#3637,#3638));
#9045=EDGE_LOOP('',(#3639,#3640,#3641,#3642));
#9046=EDGE_LOOP('',(#3643,#3644,#3645,#3646));
#9047=EDGE_LOOP('',(#3647,#3648,#3649,#3650));
#9048=EDGE_LOOP('',(#3651,#3652,#3653,#3654));
#9049=EDGE_LOOP('',(#3655));
#9050=EDGE_LOOP('',(#3656));
#9051=EDGE_LOOP('',(#3657));
#9052=EDGE_LOOP('',(#3658));
#9053=EDGE_LOOP('',(#3659));
#9054=EDGE_LOOP('',(#3660));
#9055=EDGE_LOOP('',(#3661));
#9056=EDGE_LOOP('',(#3662));
#9057=EDGE_LOOP('',(#3663));
#9058=EDGE_LOOP('',(#3664));
#9059=EDGE_LOOP('',(#3665));
#9060=EDGE_LOOP('',(#3666));
#9061=EDGE_LOOP('',(#3667,#3668,#3669,#3670));
#9062=EDGE_LOOP('',(#3671));
#9063=EDGE_LOOP('',(#3672));
#9064=EDGE_LOOP('',(#3673));
#9065=EDGE_LOOP('',(#3674));
#9066=EDGE_LOOP('',(#3675));
#9067=EDGE_LOOP('',(#3676));
#9068=EDGE_LOOP('',(#3677));
#9069=EDGE_LOOP('',(#3678));
#9070=EDGE_LOOP('',(#3679));
#9071=EDGE_LOOP('',(#3680));
#9072=EDGE_LOOP('',(#3681));
#9073=EDGE_LOOP('',(#3682));
#9074=EDGE_LOOP('',(#3683));
#9075=EDGE_LOOP('',(#3684));
#9076=EDGE_LOOP('',(#3685,#3686,#3687,#3688,#3689,#3690,#3691,#3692,#3693,
#3694,#3695,#3696,#3697,#3698,#3699,#3700,#3701,#3702,#3703,#3704,#3705,
#3706));
#9077=EDGE_LOOP('',(#3707));
#9078=EDGE_LOOP('',(#3708));
#9079=EDGE_LOOP('',(#3709));
#9080=EDGE_LOOP('',(#3710));
#9081=EDGE_LOOP('',(#3711));
#9082=EDGE_LOOP('',(#3712));
#9083=EDGE_LOOP('',(#3713));
#9084=EDGE_LOOP('',(#3714));
#9085=EDGE_LOOP('',(#3715));
#9086=EDGE_LOOP('',(#3716));
#9087=EDGE_LOOP('',(#3717));
#9088=EDGE_LOOP('',(#3718,#3719,#3720,#3721,#3722,#3723,#3724,#3725,#3726,
#3727,#3728,#3729,#3730,#3731,#3732,#3733,#3734,#3735,#3736,#3737,#3738,
#3739));
#9089=EDGE_LOOP('',(#3740));
#9090=EDGE_LOOP('',(#3741));
#9091=EDGE_LOOP('',(#3742));
#9092=EDGE_LOOP('',(#3743));
#9093=EDGE_LOOP('',(#3744));
#9094=EDGE_LOOP('',(#3745));
#9095=EDGE_LOOP('',(#3746));
#9096=EDGE_LOOP('',(#3747,#3748,#3749,#3750));
#9097=EDGE_LOOP('',(#3751,#3752,#3753,#3754));
#9098=EDGE_LOOP('',(#3755,#3756,#3757,#3758));
#9099=EDGE_LOOP('',(#3759,#3760,#3761,#3762));
#9100=EDGE_LOOP('',(#3763,#3764,#3765,#3766));
#9101=EDGE_LOOP('',(#3767,#3768,#3769,#3770));
#9102=EDGE_LOOP('',(#3771,#3772,#3773,#3774));
#9103=EDGE_LOOP('',(#3775,#3776,#3777,#3778));
#9104=EDGE_LOOP('',(#3779,#3780,#3781,#3782));
#9105=EDGE_LOOP('',(#3783,#3784,#3785,#3786));
#9106=EDGE_LOOP('',(#3787,#3788,#3789,#3790));
#9107=EDGE_LOOP('',(#3791,#3792,#3793,#3794));
#9108=EDGE_LOOP('',(#3795,#3796,#3797,#3798));
#9109=EDGE_LOOP('',(#3799,#3800,#3801,#3802));
#9110=EDGE_LOOP('',(#3803,#3804,#3805,#3806));
#9111=EDGE_LOOP('',(#3807,#3808,#3809,#3810));
#9112=EDGE_LOOP('',(#3811,#3812,#3813,#3814));
#9113=EDGE_LOOP('',(#3815,#3816,#3817,#3818));
#9114=EDGE_LOOP('',(#3819,#3820,#3821,#3822));
#9115=EDGE_LOOP('',(#3823,#3824,#3825,#3826,#3827,#3828,#3829,#3830,#3831,
#3832,#3833,#3834,#3835,#3836,#3837,#3838,#3839));
#9116=EDGE_LOOP('',(#3840,#3841,#3842,#3843,#3844,#3845,#3846,#3847,#3848,
#3849,#3850,#3851,#3852,#3853,#3854,#3855,#3856));
#9117=FACE_BOUND('',#8466,.T.);
#9118=FACE_BOUND('',#8467,.T.);
#9119=FACE_BOUND('',#8468,.T.);
#9120=FACE_BOUND('',#8469,.T.);
#9121=FACE_BOUND('',#8470,.T.);
#9122=FACE_BOUND('',#8471,.T.);
#9123=FACE_BOUND('',#8472,.T.);
#9124=FACE_BOUND('',#8473,.T.);
#9125=FACE_BOUND('',#8474,.T.);
#9126=FACE_BOUND('',#8475,.T.);
#9127=FACE_BOUND('',#8476,.T.);
#9128=FACE_BOUND('',#8477,.T.);
#9129=FACE_BOUND('',#8478,.T.);
#9130=FACE_BOUND('',#8479,.T.);
#9131=FACE_BOUND('',#8480,.T.);
#9132=FACE_BOUND('',#8481,.T.);
#9133=FACE_BOUND('',#8482,.T.);
#9134=FACE_BOUND('',#8483,.T.);
#9135=FACE_BOUND('',#8484,.T.);
#9136=FACE_BOUND('',#8485,.T.);
#9137=FACE_BOUND('',#8486,.T.);
#9138=FACE_BOUND('',#8487,.T.);
#9139=FACE_BOUND('',#8488,.T.);
#9140=FACE_BOUND('',#8489,.T.);
#9141=FACE_BOUND('',#8490,.T.);
#9142=FACE_BOUND('',#8491,.T.);
#9143=FACE_BOUND('',#8492,.T.);
#9144=FACE_BOUND('',#8493,.T.);
#9145=FACE_BOUND('',#8494,.T.);
#9146=FACE_BOUND('',#8495,.T.);
#9147=FACE_BOUND('',#8496,.T.);
#9148=FACE_BOUND('',#8497,.T.);
#9149=FACE_BOUND('',#8498,.T.);
#9150=FACE_BOUND('',#8499,.T.);
#9151=FACE_BOUND('',#8500,.T.);
#9152=FACE_BOUND('',#8501,.T.);
#9153=FACE_BOUND('',#8502,.T.);
#9154=FACE_BOUND('',#8503,.T.);
#9155=FACE_BOUND('',#8504,.T.);
#9156=FACE_BOUND('',#8505,.T.);
#9157=FACE_BOUND('',#8506,.T.);
#9158=FACE_BOUND('',#8507,.T.);
#9159=FACE_BOUND('',#8508,.T.);
#9160=FACE_BOUND('',#8509,.T.);
#9161=FACE_BOUND('',#8510,.T.);
#9162=FACE_BOUND('',#8511,.T.);
#9163=FACE_BOUND('',#8512,.T.);
#9164=FACE_BOUND('',#8513,.T.);
#9165=FACE_BOUND('',#8514,.T.);
#9166=FACE_BOUND('',#8515,.T.);
#9167=FACE_BOUND('',#8516,.T.);
#9168=FACE_BOUND('',#8517,.T.);
#9169=FACE_BOUND('',#8518,.T.);
#9170=FACE_BOUND('',#8519,.T.);
#9171=FACE_BOUND('',#8520,.T.);
#9172=FACE_BOUND('',#8521,.T.);
#9173=FACE_BOUND('',#8522,.T.);
#9174=FACE_BOUND('',#8523,.T.);
#9175=FACE_BOUND('',#8524,.T.);
#9176=FACE_BOUND('',#8525,.T.);
#9177=FACE_BOUND('',#8526,.T.);
#9178=FACE_BOUND('',#8527,.T.);
#9179=FACE_BOUND('',#8528,.T.);
#9180=FACE_BOUND('',#8529,.T.);
#9181=FACE_BOUND('',#8530,.T.);
#9182=FACE_BOUND('',#8531,.T.);
#9183=FACE_BOUND('',#8532,.T.);
#9184=FACE_BOUND('',#8533,.T.);
#9185=FACE_BOUND('',#8534,.T.);
#9186=FACE_BOUND('',#8535,.T.);
#9187=FACE_BOUND('',#8536,.T.);
#9188=FACE_BOUND('',#8537,.T.);
#9189=FACE_BOUND('',#8538,.T.);
#9190=FACE_BOUND('',#8539,.T.);
#9191=FACE_BOUND('',#8540,.T.);
#9192=FACE_BOUND('',#8541,.T.);
#9193=FACE_BOUND('',#8542,.T.);
#9194=FACE_BOUND('',#8543,.T.);
#9195=FACE_BOUND('',#8544,.T.);
#9196=FACE_BOUND('',#8545,.T.);
#9197=FACE_BOUND('',#8546,.T.);
#9198=FACE_BOUND('',#8547,.T.);
#9199=FACE_BOUND('',#8548,.T.);
#9200=FACE_BOUND('',#8549,.T.);
#9201=FACE_BOUND('',#8550,.T.);
#9202=FACE_BOUND('',#8551,.T.);
#9203=FACE_BOUND('',#8552,.T.);
#9204=FACE_BOUND('',#8553,.T.);
#9205=FACE_BOUND('',#8554,.T.);
#9206=FACE_BOUND('',#8555,.T.);
#9207=FACE_BOUND('',#8556,.T.);
#9208=FACE_BOUND('',#8557,.T.);
#9209=FACE_BOUND('',#8558,.T.);
#9210=FACE_BOUND('',#8559,.T.);
#9211=FACE_BOUND('',#8560,.T.);
#9212=FACE_BOUND('',#8561,.T.);
#9213=FACE_BOUND('',#8562,.T.);
#9214=FACE_BOUND('',#8563,.T.);
#9215=FACE_BOUND('',#8564,.T.);
#9216=FACE_BOUND('',#8565,.T.);
#9217=FACE_BOUND('',#8566,.T.);
#9218=FACE_BOUND('',#8567,.T.);
#9219=FACE_BOUND('',#8568,.T.);
#9220=FACE_BOUND('',#8569,.T.);
#9221=FACE_BOUND('',#8570,.T.);
#9222=FACE_BOUND('',#8571,.T.);
#9223=FACE_BOUND('',#8572,.T.);
#9224=FACE_BOUND('',#8573,.T.);
#9225=FACE_BOUND('',#8574,.T.);
#9226=FACE_BOUND('',#8575,.T.);
#9227=FACE_BOUND('',#8576,.T.);
#9228=FACE_BOUND('',#8577,.T.);
#9229=FACE_BOUND('',#8578,.T.);
#9230=FACE_BOUND('',#8579,.T.);
#9231=FACE_BOUND('',#8580,.T.);
#9232=FACE_BOUND('',#8581,.T.);
#9233=FACE_BOUND('',#8582,.T.);
#9234=FACE_BOUND('',#8583,.T.);
#9235=FACE_BOUND('',#8584,.T.);
#9236=FACE_BOUND('',#8585,.T.);
#9237=FACE_BOUND('',#8586,.T.);
#9238=FACE_BOUND('',#8587,.T.);
#9239=FACE_BOUND('',#8588,.T.);
#9240=FACE_BOUND('',#8589,.T.);
#9241=FACE_BOUND('',#8590,.T.);
#9242=FACE_BOUND('',#8591,.T.);
#9243=FACE_BOUND('',#8592,.T.);
#9244=FACE_BOUND('',#8593,.T.);
#9245=FACE_BOUND('',#8594,.T.);
#9246=FACE_BOUND('',#8595,.T.);
#9247=FACE_BOUND('',#8596,.T.);
#9248=FACE_BOUND('',#8597,.T.);
#9249=FACE_BOUND('',#8598,.T.);
#9250=FACE_BOUND('',#8599,.T.);
#9251=FACE_BOUND('',#8600,.T.);
#9252=FACE_BOUND('',#8601,.T.);
#9253=FACE_BOUND('',#8602,.T.);
#9254=FACE_BOUND('',#8603,.T.);
#9255=FACE_BOUND('',#8604,.T.);
#9256=FACE_BOUND('',#8605,.T.);
#9257=FACE_BOUND('',#8606,.T.);
#9258=FACE_BOUND('',#8607,.T.);
#9259=FACE_BOUND('',#8608,.T.);
#9260=FACE_BOUND('',#8609,.T.);
#9261=FACE_BOUND('',#8610,.T.);
#9262=FACE_BOUND('',#8611,.T.);
#9263=FACE_BOUND('',#8612,.T.);
#9264=FACE_BOUND('',#8613,.T.);
#9265=FACE_BOUND('',#8614,.T.);
#9266=FACE_BOUND('',#8615,.T.);
#9267=FACE_BOUND('',#8616,.T.);
#9268=FACE_BOUND('',#8617,.T.);
#9269=FACE_BOUND('',#8618,.T.);
#9270=FACE_BOUND('',#8619,.T.);
#9271=FACE_BOUND('',#8620,.T.);
#9272=FACE_BOUND('',#8621,.T.);
#9273=FACE_BOUND('',#8622,.T.);
#9274=FACE_BOUND('',#8623,.T.);
#9275=FACE_BOUND('',#8624,.T.);
#9276=FACE_BOUND('',#8625,.T.);
#9277=FACE_BOUND('',#8626,.T.);
#9278=FACE_BOUND('',#8627,.T.);
#9279=FACE_BOUND('',#8628,.T.);
#9280=FACE_BOUND('',#8629,.T.);
#9281=FACE_BOUND('',#8630,.T.);
#9282=FACE_BOUND('',#8631,.T.);
#9283=FACE_BOUND('',#8632,.T.);
#9284=FACE_BOUND('',#8633,.T.);
#9285=FACE_BOUND('',#8634,.T.);
#9286=FACE_BOUND('',#8635,.T.);
#9287=FACE_BOUND('',#8636,.T.);
#9288=FACE_BOUND('',#8637,.T.);
#9289=FACE_BOUND('',#8638,.T.);
#9290=FACE_BOUND('',#8639,.T.);
#9291=FACE_BOUND('',#8640,.T.);
#9292=FACE_BOUND('',#8641,.T.);
#9293=FACE_BOUND('',#8642,.T.);
#9294=FACE_BOUND('',#8643,.T.);
#9295=FACE_BOUND('',#8644,.T.);
#9296=FACE_BOUND('',#8645,.T.);
#9297=FACE_BOUND('',#8646,.T.);
#9298=FACE_BOUND('',#8647,.T.);
#9299=FACE_BOUND('',#8648,.T.);
#9300=FACE_BOUND('',#8649,.T.);
#9301=FACE_BOUND('',#8650,.T.);
#9302=FACE_BOUND('',#8651,.T.);
#9303=FACE_BOUND('',#8652,.T.);
#9304=FACE_BOUND('',#8653,.T.);
#9305=FACE_BOUND('',#8654,.T.);
#9306=FACE_BOUND('',#8655,.T.);
#9307=FACE_BOUND('',#8656,.T.);
#9308=FACE_BOUND('',#8657,.T.);
#9309=FACE_BOUND('',#8658,.T.);
#9310=FACE_BOUND('',#8659,.T.);
#9311=FACE_BOUND('',#8660,.T.);
#9312=FACE_BOUND('',#8661,.T.);
#9313=FACE_BOUND('',#8662,.T.);
#9314=FACE_BOUND('',#8663,.T.);
#9315=FACE_BOUND('',#8664,.T.);
#9316=FACE_BOUND('',#8665,.T.);
#9317=FACE_BOUND('',#8666,.T.);
#9318=FACE_BOUND('',#8667,.T.);
#9319=FACE_BOUND('',#8668,.T.);
#9320=FACE_BOUND('',#8669,.T.);
#9321=FACE_BOUND('',#8670,.T.);
#9322=FACE_BOUND('',#8671,.T.);
#9323=FACE_BOUND('',#8672,.T.);
#9324=FACE_BOUND('',#8673,.T.);
#9325=FACE_BOUND('',#8674,.T.);
#9326=FACE_BOUND('',#8675,.T.);
#9327=FACE_BOUND('',#8676,.T.);
#9328=FACE_BOUND('',#8677,.T.);
#9329=FACE_BOUND('',#8678,.T.);
#9330=FACE_BOUND('',#8679,.T.);
#9331=FACE_BOUND('',#8680,.T.);
#9332=FACE_BOUND('',#8681,.T.);
#9333=FACE_BOUND('',#8682,.T.);
#9334=FACE_BOUND('',#8683,.T.);
#9335=FACE_BOUND('',#8684,.T.);
#9336=FACE_BOUND('',#8685,.T.);
#9337=FACE_BOUND('',#8686,.T.);
#9338=FACE_BOUND('',#8687,.T.);
#9339=FACE_BOUND('',#8688,.T.);
#9340=FACE_BOUND('',#8689,.T.);
#9341=FACE_BOUND('',#8690,.T.);
#9342=FACE_BOUND('',#8691,.T.);
#9343=FACE_BOUND('',#8692,.T.);
#9344=FACE_BOUND('',#8693,.T.);
#9345=FACE_BOUND('',#8694,.T.);
#9346=FACE_BOUND('',#8695,.T.);
#9347=FACE_BOUND('',#8696,.T.);
#9348=FACE_BOUND('',#8697,.T.);
#9349=FACE_BOUND('',#8698,.T.);
#9350=FACE_BOUND('',#8699,.T.);
#9351=FACE_BOUND('',#8700,.T.);
#9352=FACE_BOUND('',#8701,.T.);
#9353=FACE_BOUND('',#8702,.T.);
#9354=FACE_BOUND('',#8703,.T.);
#9355=FACE_BOUND('',#8704,.T.);
#9356=FACE_BOUND('',#8705,.T.);
#9357=FACE_BOUND('',#8706,.T.);
#9358=FACE_BOUND('',#8707,.T.);
#9359=FACE_BOUND('',#8708,.T.);
#9360=FACE_BOUND('',#8709,.T.);
#9361=FACE_BOUND('',#8710,.T.);
#9362=FACE_BOUND('',#8711,.T.);
#9363=FACE_BOUND('',#8712,.T.);
#9364=FACE_BOUND('',#8713,.T.);
#9365=FACE_BOUND('',#8714,.T.);
#9366=FACE_BOUND('',#8715,.T.);
#9367=FACE_BOUND('',#8716,.T.);
#9368=FACE_BOUND('',#8717,.T.);
#9369=FACE_BOUND('',#8718,.T.);
#9370=FACE_BOUND('',#8719,.T.);
#9371=FACE_BOUND('',#8720,.T.);
#9372=FACE_BOUND('',#8721,.T.);
#9373=FACE_BOUND('',#8722,.T.);
#9374=FACE_BOUND('',#8723,.T.);
#9375=FACE_BOUND('',#8724,.T.);
#9376=FACE_BOUND('',#8725,.T.);
#9377=FACE_BOUND('',#8726,.T.);
#9378=FACE_BOUND('',#8727,.T.);
#9379=FACE_BOUND('',#8728,.T.);
#9380=FACE_BOUND('',#8729,.T.);
#9381=FACE_BOUND('',#8730,.T.);
#9382=FACE_BOUND('',#8731,.T.);
#9383=FACE_BOUND('',#8732,.T.);
#9384=FACE_BOUND('',#8733,.T.);
#9385=FACE_BOUND('',#8734,.T.);
#9386=FACE_BOUND('',#8735,.T.);
#9387=FACE_BOUND('',#8736,.T.);
#9388=FACE_BOUND('',#8737,.T.);
#9389=FACE_BOUND('',#8738,.T.);
#9390=FACE_BOUND('',#8739,.T.);
#9391=FACE_BOUND('',#8740,.T.);
#9392=FACE_BOUND('',#8741,.T.);
#9393=FACE_BOUND('',#8742,.T.);
#9394=FACE_BOUND('',#8743,.T.);
#9395=FACE_BOUND('',#8744,.T.);
#9396=FACE_BOUND('',#8745,.T.);
#9397=FACE_BOUND('',#8746,.T.);
#9398=FACE_BOUND('',#8747,.T.);
#9399=FACE_BOUND('',#8748,.T.);
#9400=FACE_BOUND('',#8749,.T.);
#9401=FACE_BOUND('',#8750,.T.);
#9402=FACE_BOUND('',#8751,.T.);
#9403=FACE_BOUND('',#8752,.T.);
#9404=FACE_BOUND('',#8753,.T.);
#9405=FACE_BOUND('',#8754,.T.);
#9406=FACE_BOUND('',#8755,.T.);
#9407=FACE_BOUND('',#8756,.T.);
#9408=FACE_BOUND('',#8757,.T.);
#9409=FACE_BOUND('',#8758,.T.);
#9410=FACE_BOUND('',#8759,.T.);
#9411=FACE_BOUND('',#8760,.T.);
#9412=FACE_BOUND('',#8761,.T.);
#9413=FACE_BOUND('',#8762,.T.);
#9414=FACE_BOUND('',#8763,.T.);
#9415=FACE_BOUND('',#8764,.T.);
#9416=FACE_BOUND('',#8765,.T.);
#9417=FACE_BOUND('',#8766,.T.);
#9418=FACE_BOUND('',#8767,.T.);
#9419=FACE_BOUND('',#8768,.T.);
#9420=FACE_BOUND('',#8769,.T.);
#9421=FACE_BOUND('',#8770,.T.);
#9422=FACE_BOUND('',#8771,.T.);
#9423=FACE_BOUND('',#8772,.T.);
#9424=FACE_BOUND('',#8773,.T.);
#9425=FACE_BOUND('',#8774,.T.);
#9426=FACE_BOUND('',#8775,.T.);
#9427=FACE_BOUND('',#8776,.T.);
#9428=FACE_BOUND('',#8777,.T.);
#9429=FACE_BOUND('',#8778,.T.);
#9430=FACE_BOUND('',#8779,.T.);
#9431=FACE_BOUND('',#8780,.T.);
#9432=FACE_BOUND('',#8781,.T.);
#9433=FACE_BOUND('',#8782,.T.);
#9434=FACE_BOUND('',#8783,.T.);
#9435=FACE_BOUND('',#8784,.T.);
#9436=FACE_BOUND('',#8785,.T.);
#9437=FACE_BOUND('',#8786,.T.);
#9438=FACE_BOUND('',#8787,.T.);
#9439=FACE_BOUND('',#8788,.T.);
#9440=FACE_BOUND('',#8789,.T.);
#9441=FACE_BOUND('',#8790,.T.);
#9442=FACE_BOUND('',#8791,.T.);
#9443=FACE_BOUND('',#8792,.T.);
#9444=FACE_BOUND('',#8793,.T.);
#9445=FACE_BOUND('',#8794,.T.);
#9446=FACE_BOUND('',#8795,.T.);
#9447=FACE_BOUND('',#8796,.T.);
#9448=FACE_BOUND('',#8797,.T.);
#9449=FACE_BOUND('',#8798,.T.);
#9450=FACE_BOUND('',#8799,.T.);
#9451=FACE_BOUND('',#8800,.T.);
#9452=FACE_BOUND('',#8801,.T.);
#9453=FACE_BOUND('',#8802,.T.);
#9454=FACE_BOUND('',#8803,.T.);
#9455=FACE_BOUND('',#8804,.T.);
#9456=FACE_BOUND('',#8805,.T.);
#9457=FACE_BOUND('',#8806,.T.);
#9458=FACE_BOUND('',#8807,.T.);
#9459=FACE_BOUND('',#8808,.T.);
#9460=FACE_BOUND('',#8809,.T.);
#9461=FACE_BOUND('',#8810,.T.);
#9462=FACE_BOUND('',#8811,.T.);
#9463=FACE_BOUND('',#8812,.T.);
#9464=FACE_BOUND('',#8813,.T.);
#9465=FACE_BOUND('',#8814,.T.);
#9466=FACE_BOUND('',#8815,.T.);
#9467=FACE_BOUND('',#8816,.T.);
#9468=FACE_BOUND('',#8817,.T.);
#9469=FACE_BOUND('',#8818,.T.);
#9470=FACE_BOUND('',#8819,.T.);
#9471=FACE_BOUND('',#8820,.T.);
#9472=FACE_BOUND('',#8821,.T.);
#9473=FACE_BOUND('',#8822,.T.);
#9474=FACE_BOUND('',#8823,.T.);
#9475=FACE_BOUND('',#8824,.T.);
#9476=FACE_BOUND('',#8825,.T.);
#9477=FACE_BOUND('',#8826,.T.);
#9478=FACE_BOUND('',#8827,.T.);
#9479=FACE_BOUND('',#8828,.T.);
#9480=FACE_BOUND('',#8829,.T.);
#9481=FACE_BOUND('',#8830,.T.);
#9482=FACE_BOUND('',#8831,.T.);
#9483=FACE_BOUND('',#8832,.T.);
#9484=FACE_BOUND('',#8833,.T.);
#9485=FACE_BOUND('',#8834,.T.);
#9486=FACE_BOUND('',#8835,.T.);
#9487=FACE_BOUND('',#8836,.T.);
#9488=FACE_BOUND('',#8837,.T.);
#9489=FACE_BOUND('',#8838,.T.);
#9490=FACE_BOUND('',#8839,.T.);
#9491=FACE_BOUND('',#8840,.T.);
#9492=FACE_BOUND('',#8841,.T.);
#9493=FACE_BOUND('',#8842,.T.);
#9494=FACE_BOUND('',#8843,.T.);
#9495=FACE_BOUND('',#8844,.T.);
#9496=FACE_BOUND('',#8845,.T.);
#9497=FACE_BOUND('',#8846,.T.);
#9498=FACE_BOUND('',#8847,.T.);
#9499=FACE_BOUND('',#8848,.T.);
#9500=FACE_BOUND('',#8849,.T.);
#9501=FACE_BOUND('',#8850,.T.);
#9502=FACE_BOUND('',#8851,.T.);
#9503=FACE_BOUND('',#8852,.T.);
#9504=FACE_BOUND('',#8853,.T.);
#9505=FACE_BOUND('',#8854,.T.);
#9506=FACE_BOUND('',#8855,.T.);
#9507=FACE_BOUND('',#8856,.T.);
#9508=FACE_BOUND('',#8857,.T.);
#9509=FACE_BOUND('',#8858,.T.);
#9510=FACE_BOUND('',#8859,.T.);
#9511=FACE_BOUND('',#8860,.T.);
#9512=FACE_BOUND('',#8861,.T.);
#9513=FACE_BOUND('',#8862,.T.);
#9514=FACE_BOUND('',#8863,.T.);
#9515=FACE_BOUND('',#8864,.T.);
#9516=FACE_BOUND('',#8865,.T.);
#9517=FACE_BOUND('',#8866,.T.);
#9518=FACE_BOUND('',#8867,.T.);
#9519=FACE_BOUND('',#8868,.T.);
#9520=FACE_BOUND('',#8869,.T.);
#9521=FACE_BOUND('',#8870,.T.);
#9522=FACE_BOUND('',#8871,.T.);
#9523=FACE_BOUND('',#8872,.T.);
#9524=FACE_BOUND('',#8873,.T.);
#9525=FACE_BOUND('',#8874,.T.);
#9526=FACE_BOUND('',#8875,.T.);
#9527=FACE_BOUND('',#8876,.T.);
#9528=FACE_BOUND('',#8877,.T.);
#9529=FACE_BOUND('',#8878,.T.);
#9530=FACE_BOUND('',#8879,.T.);
#9531=FACE_BOUND('',#8880,.T.);
#9532=FACE_BOUND('',#8881,.T.);
#9533=FACE_BOUND('',#8882,.T.);
#9534=FACE_BOUND('',#8883,.T.);
#9535=FACE_BOUND('',#8884,.T.);
#9536=FACE_BOUND('',#8885,.T.);
#9537=FACE_BOUND('',#8886,.T.);
#9538=FACE_BOUND('',#8887,.T.);
#9539=FACE_BOUND('',#8888,.T.);
#9540=FACE_BOUND('',#8889,.T.);
#9541=FACE_BOUND('',#8890,.T.);
#9542=FACE_BOUND('',#8891,.T.);
#9543=FACE_BOUND('',#8892,.T.);
#9544=FACE_BOUND('',#8893,.T.);
#9545=FACE_BOUND('',#8894,.T.);
#9546=FACE_BOUND('',#8895,.T.);
#9547=FACE_BOUND('',#8896,.T.);
#9548=FACE_BOUND('',#8897,.T.);
#9549=FACE_BOUND('',#8898,.T.);
#9550=FACE_BOUND('',#8899,.T.);
#9551=FACE_BOUND('',#8900,.T.);
#9552=FACE_BOUND('',#8901,.T.);
#9553=FACE_BOUND('',#8902,.T.);
#9554=FACE_BOUND('',#8903,.T.);
#9555=FACE_BOUND('',#8904,.T.);
#9556=FACE_BOUND('',#8905,.T.);
#9557=FACE_BOUND('',#8906,.T.);
#9558=FACE_BOUND('',#8907,.T.);
#9559=FACE_BOUND('',#8908,.T.);
#9560=FACE_BOUND('',#8909,.T.);
#9561=FACE_BOUND('',#8910,.T.);
#9562=FACE_BOUND('',#8911,.T.);
#9563=FACE_BOUND('',#8912,.T.);
#9564=FACE_BOUND('',#8913,.T.);
#9565=FACE_BOUND('',#8914,.T.);
#9566=FACE_BOUND('',#8915,.T.);
#9567=FACE_BOUND('',#8916,.T.);
#9568=FACE_BOUND('',#8917,.T.);
#9569=FACE_BOUND('',#8918,.T.);
#9570=FACE_BOUND('',#8919,.T.);
#9571=FACE_BOUND('',#8920,.T.);
#9572=FACE_BOUND('',#8921,.T.);
#9573=FACE_BOUND('',#8922,.T.);
#9574=FACE_BOUND('',#8923,.T.);
#9575=FACE_BOUND('',#8924,.T.);
#9576=FACE_BOUND('',#8925,.T.);
#9577=FACE_BOUND('',#8926,.T.);
#9578=FACE_BOUND('',#8927,.T.);
#9579=FACE_BOUND('',#8928,.T.);
#9580=FACE_BOUND('',#8929,.T.);
#9581=FACE_BOUND('',#8930,.T.);
#9582=FACE_BOUND('',#8931,.T.);
#9583=FACE_BOUND('',#8932,.T.);
#9584=FACE_BOUND('',#8933,.T.);
#9585=FACE_BOUND('',#8934,.T.);
#9586=FACE_BOUND('',#8935,.T.);
#9587=FACE_BOUND('',#8936,.T.);
#9588=FACE_BOUND('',#8937,.T.);
#9589=FACE_BOUND('',#8938,.T.);
#9590=FACE_BOUND('',#8939,.T.);
#9591=FACE_BOUND('',#8940,.T.);
#9592=FACE_BOUND('',#8941,.T.);
#9593=FACE_BOUND('',#8942,.T.);
#9594=FACE_BOUND('',#8943,.T.);
#9595=FACE_BOUND('',#8944,.T.);
#9596=FACE_BOUND('',#8945,.T.);
#9597=FACE_BOUND('',#8946,.T.);
#9598=FACE_BOUND('',#8947,.T.);
#9599=FACE_BOUND('',#8948,.T.);
#9600=FACE_BOUND('',#8949,.T.);
#9601=FACE_BOUND('',#8950,.T.);
#9602=FACE_BOUND('',#8951,.T.);
#9603=FACE_BOUND('',#8952,.T.);
#9604=FACE_BOUND('',#8953,.T.);
#9605=FACE_BOUND('',#8954,.T.);
#9606=FACE_BOUND('',#8955,.T.);
#9607=FACE_BOUND('',#8956,.T.);
#9608=FACE_BOUND('',#8957,.T.);
#9609=FACE_BOUND('',#8958,.T.);
#9610=FACE_BOUND('',#8959,.T.);
#9611=FACE_BOUND('',#8960,.T.);
#9612=FACE_BOUND('',#8961,.T.);
#9613=FACE_BOUND('',#8962,.T.);
#9614=FACE_BOUND('',#8963,.T.);
#9615=FACE_BOUND('',#8964,.T.);
#9616=FACE_BOUND('',#8965,.T.);
#9617=FACE_BOUND('',#8966,.T.);
#9618=FACE_BOUND('',#8967,.T.);
#9619=FACE_BOUND('',#8968,.T.);
#9620=FACE_BOUND('',#8969,.T.);
#9621=FACE_BOUND('',#8970,.T.);
#9622=FACE_BOUND('',#8971,.T.);
#9623=FACE_BOUND('',#8972,.T.);
#9624=FACE_BOUND('',#8973,.T.);
#9625=FACE_BOUND('',#8974,.T.);
#9626=FACE_BOUND('',#8975,.T.);
#9627=FACE_BOUND('',#8976,.T.);
#9628=FACE_BOUND('',#8977,.T.);
#9629=FACE_BOUND('',#8978,.T.);
#9630=FACE_BOUND('',#8979,.T.);
#9631=FACE_BOUND('',#8980,.T.);
#9632=FACE_BOUND('',#8981,.T.);
#9633=FACE_BOUND('',#8982,.T.);
#9634=FACE_BOUND('',#8983,.T.);
#9635=FACE_BOUND('',#8984,.T.);
#9636=FACE_BOUND('',#8985,.T.);
#9637=FACE_BOUND('',#8986,.T.);
#9638=FACE_BOUND('',#8987,.T.);
#9639=FACE_BOUND('',#8988,.T.);
#9640=FACE_BOUND('',#8989,.T.);
#9641=FACE_BOUND('',#8990,.T.);
#9642=FACE_BOUND('',#8991,.T.);
#9643=FACE_BOUND('',#8992,.T.);
#9644=FACE_BOUND('',#8993,.T.);
#9645=FACE_BOUND('',#8994,.T.);
#9646=FACE_BOUND('',#8995,.T.);
#9647=FACE_BOUND('',#8996,.T.);
#9648=FACE_BOUND('',#8997,.T.);
#9649=FACE_BOUND('',#8998,.T.);
#9650=FACE_BOUND('',#8999,.T.);
#9651=FACE_BOUND('',#9000,.T.);
#9652=FACE_BOUND('',#9001,.T.);
#9653=FACE_BOUND('',#9002,.T.);
#9654=FACE_BOUND('',#9003,.T.);
#9655=FACE_BOUND('',#9004,.T.);
#9656=FACE_BOUND('',#9005,.T.);
#9657=FACE_BOUND('',#9006,.T.);
#9658=FACE_BOUND('',#9007,.T.);
#9659=FACE_BOUND('',#9008,.T.);
#9660=FACE_BOUND('',#9009,.T.);
#9661=FACE_BOUND('',#9010,.T.);
#9662=FACE_BOUND('',#9011,.T.);
#9663=FACE_BOUND('',#9012,.T.);
#9664=FACE_BOUND('',#9013,.T.);
#9665=FACE_BOUND('',#9014,.T.);
#9666=FACE_BOUND('',#9015,.T.);
#9667=FACE_BOUND('',#9016,.T.);
#9668=FACE_BOUND('',#9017,.T.);
#9669=FACE_BOUND('',#9018,.T.);
#9670=FACE_BOUND('',#9019,.T.);
#9671=FACE_BOUND('',#9020,.T.);
#9672=FACE_BOUND('',#9021,.T.);
#9673=FACE_BOUND('',#9022,.T.);
#9674=FACE_BOUND('',#9023,.T.);
#9675=FACE_BOUND('',#9024,.T.);
#9676=FACE_BOUND('',#9025,.T.);
#9677=FACE_BOUND('',#9026,.T.);
#9678=FACE_BOUND('',#9027,.T.);
#9679=FACE_BOUND('',#9028,.T.);
#9680=FACE_BOUND('',#9029,.T.);
#9681=FACE_BOUND('',#9030,.T.);
#9682=FACE_BOUND('',#9031,.T.);
#9683=FACE_BOUND('',#9032,.T.);
#9684=FACE_BOUND('',#9033,.T.);
#9685=FACE_BOUND('',#9034,.T.);
#9686=FACE_BOUND('',#9035,.T.);
#9687=FACE_BOUND('',#9036,.T.);
#9688=FACE_BOUND('',#9037,.T.);
#9689=FACE_BOUND('',#9038,.T.);
#9690=FACE_BOUND('',#9039,.T.);
#9691=FACE_BOUND('',#9040,.T.);
#9692=FACE_BOUND('',#9041,.T.);
#9693=FACE_BOUND('',#9042,.T.);
#9694=FACE_BOUND('',#9043,.T.);
#9695=FACE_BOUND('',#9044,.T.);
#9696=FACE_BOUND('',#9045,.T.);
#9697=FACE_BOUND('',#9046,.T.);
#9698=FACE_BOUND('',#9047,.T.);
#9699=FACE_BOUND('',#9048,.T.);
#9700=FACE_BOUND('',#9049,.T.);
#9701=FACE_BOUND('',#9050,.T.);
#9702=FACE_BOUND('',#9051,.T.);
#9703=FACE_BOUND('',#9052,.T.);
#9704=FACE_BOUND('',#9053,.T.);
#9705=FACE_BOUND('',#9054,.T.);
#9706=FACE_BOUND('',#9055,.T.);
#9707=FACE_BOUND('',#9056,.T.);
#9708=FACE_BOUND('',#9057,.T.);
#9709=FACE_BOUND('',#9058,.T.);
#9710=FACE_BOUND('',#9059,.T.);
#9711=FACE_BOUND('',#9060,.T.);
#9712=FACE_BOUND('',#9061,.T.);
#9713=FACE_BOUND('',#9062,.T.);
#9714=FACE_BOUND('',#9063,.T.);
#9715=FACE_BOUND('',#9064,.T.);
#9716=FACE_BOUND('',#9065,.T.);
#9717=FACE_BOUND('',#9066,.T.);
#9718=FACE_BOUND('',#9067,.T.);
#9719=FACE_BOUND('',#9068,.T.);
#9720=FACE_BOUND('',#9069,.T.);
#9721=FACE_BOUND('',#9070,.T.);
#9722=FACE_BOUND('',#9071,.T.);
#9723=FACE_BOUND('',#9072,.T.);
#9724=FACE_BOUND('',#9073,.T.);
#9725=FACE_BOUND('',#9074,.T.);
#9726=FACE_BOUND('',#9075,.T.);
#9727=FACE_BOUND('',#9076,.T.);
#9728=FACE_BOUND('',#9077,.T.);
#9729=FACE_BOUND('',#9078,.T.);
#9730=FACE_BOUND('',#9079,.T.);
#9731=FACE_BOUND('',#9080,.T.);
#9732=FACE_BOUND('',#9081,.T.);
#9733=FACE_BOUND('',#9082,.T.);
#9734=FACE_BOUND('',#9083,.T.);
#9735=FACE_BOUND('',#9084,.T.);
#9736=FACE_BOUND('',#9085,.T.);
#9737=FACE_BOUND('',#9086,.T.);
#9738=FACE_BOUND('',#9087,.T.);
#9739=FACE_BOUND('',#9088,.T.);
#9740=FACE_BOUND('',#9089,.T.);
#9741=FACE_BOUND('',#9090,.T.);
#9742=FACE_BOUND('',#9091,.T.);
#9743=FACE_BOUND('',#9092,.T.);
#9744=FACE_BOUND('',#9093,.T.);
#9745=FACE_BOUND('',#9094,.T.);
#9746=FACE_BOUND('',#9095,.T.);
#9747=FACE_BOUND('',#9096,.T.);
#9748=FACE_BOUND('',#9097,.T.);
#9749=FACE_BOUND('',#9098,.T.);
#9750=FACE_BOUND('',#9099,.T.);
#9751=FACE_BOUND('',#9100,.T.);
#9752=FACE_BOUND('',#9101,.T.);
#9753=FACE_BOUND('',#9102,.T.);
#9754=FACE_BOUND('',#9103,.T.);
#9755=FACE_BOUND('',#9104,.T.);
#9756=FACE_BOUND('',#9105,.T.);
#9757=FACE_BOUND('',#9106,.T.);
#9758=FACE_BOUND('',#9107,.T.);
#9759=FACE_BOUND('',#9108,.T.);
#9760=FACE_BOUND('',#9109,.T.);
#9761=FACE_BOUND('',#9110,.T.);
#9762=FACE_BOUND('',#9111,.T.);
#9763=FACE_BOUND('',#9112,.T.);
#9764=FACE_BOUND('',#9113,.T.);
#9765=FACE_BOUND('',#9114,.T.);
#9766=FACE_BOUND('',#9115,.T.);
#9767=FACE_BOUND('',#9116,.T.);
#9768=PLANE('',#10664);
#9769=PLANE('',#10668);
#9770=PLANE('',#10672);
#9771=PLANE('',#10676);
#9772=PLANE('',#10680);
#9773=PLANE('',#10684);
#9774=PLANE('',#10688);
#9775=PLANE('',#10692);
#9776=PLANE('',#10696);
#9777=PLANE('',#10700);
#9778=PLANE('',#10704);
#9779=PLANE('',#10708);
#9780=PLANE('',#10712);
#9781=PLANE('',#10716);
#9782=PLANE('',#10720);
#9783=PLANE('',#10724);
#9784=PLANE('',#10728);
#9785=PLANE('',#10732);
#9786=PLANE('',#10736);
#9787=PLANE('',#10740);
#9788=PLANE('',#10744);
#9789=PLANE('',#10748);
#9790=PLANE('',#10752);
#9791=PLANE('',#10756);
#9792=PLANE('',#10760);
#9793=PLANE('',#10764);
#9794=PLANE('',#10768);
#9795=PLANE('',#10772);
#9796=PLANE('',#10776);
#9797=PLANE('',#10780);
#9798=PLANE('',#10784);
#9799=PLANE('',#10788);
#9800=PLANE('',#10792);
#9801=PLANE('',#10796);
#9802=PLANE('',#10800);
#9803=PLANE('',#10804);
#9804=PLANE('',#10808);
#9805=PLANE('',#10812);
#9806=PLANE('',#10816);
#9807=PLANE('',#10820);
#9808=PLANE('',#10824);
#9809=PLANE('',#10828);
#9810=PLANE('',#10832);
#9811=PLANE('',#10836);
#9812=PLANE('',#10840);
#9813=PLANE('',#10844);
#9814=PLANE('',#10848);
#9815=PLANE('',#10852);
#9816=PLANE('',#10856);
#9817=PLANE('',#10860);
#9818=PLANE('',#10864);
#9819=PLANE('',#10868);
#9820=PLANE('',#10872);
#9821=PLANE('',#10876);
#9822=PLANE('',#10880);
#9823=PLANE('',#10884);
#9824=PLANE('',#10888);
#9825=PLANE('',#10892);
#9826=PLANE('',#10896);
#9827=PLANE('',#10900);
#9828=PLANE('',#10904);
#9829=PLANE('',#10908);
#9830=PLANE('',#10912);
#9831=PLANE('',#10919);
#9832=PLANE('',#10923);
#9833=PLANE('',#10927);
#9834=PLANE('',#10934);
#9835=PLANE('',#10938);
#9836=PLANE('',#10942);
#9837=PLANE('',#10949);
#9838=PLANE('',#10953);
#9839=PLANE('',#10957);
#9840=PLANE('',#10964);
#9841=PLANE('',#10965);
#9842=PLANE('',#10969);
#9843=PLANE('',#10973);
#9844=PLANE('',#10977);
#9845=PLANE('',#10978);
#9846=PLANE('',#10982);
#9847=PLANE('',#10983);
#9848=PLANE('',#10987);
#9849=PLANE('',#10991);
#9850=PLANE('',#10995);
#9851=PLANE('',#10996);
#9852=PLANE('',#11000);
#9853=PLANE('',#11001);
#9854=PLANE('',#11005);
#9855=PLANE('',#11009);
#9856=PLANE('',#11013);
#9857=PLANE('',#11014);
#9858=PLANE('',#11018);
#9859=PLANE('',#11019);
#9860=PLANE('',#11023);
#9861=PLANE('',#11027);
#9862=PLANE('',#11031);
#9863=PLANE('',#11032);
#9864=PLANE('',#11033);
#9865=PLANE('',#11034);
#9866=PLANE('',#11035);
#9867=PLANE('',#11036);
#9868=PLANE('',#11040);
#9869=PLANE('',#11041);
#9870=PLANE('',#11043);
#9871=PLANE('',#11047);
#9872=PLANE('',#11051);
#9873=PLANE('',#11055);
#9874=PLANE('',#11059);
#9875=PLANE('',#11063);
#9876=PLANE('',#11067);
#9877=PLANE('',#11071);
#9878=PLANE('',#11075);
#9879=PLANE('',#11079);
#9880=PLANE('',#11083);
#9881=PLANE('',#11087);
#9882=PLANE('',#11091);
#9883=PLANE('',#11095);
#9884=PLANE('',#11099);
#9885=PLANE('',#11103);
#9886=PLANE('',#11107);
#9887=PLANE('',#11111);
#9888=PLANE('',#11115);
#9889=PLANE('',#11119);
#9890=PLANE('',#11123);
#9891=PLANE('',#11127);
#9892=PLANE('',#11131);
#9893=PLANE('',#11135);
#9894=PLANE('',#11139);
#9895=PLANE('',#11143);
#9896=PLANE('',#11147);
#9897=PLANE('',#11151);
#9898=PLANE('',#11155);
#9899=PLANE('',#11159);
#9900=PLANE('',#11163);
#9901=PLANE('',#11167);
#9902=PLANE('',#11171);
#9903=PLANE('',#11175);
#9904=PLANE('',#11179);
#9905=PLANE('',#11183);
#9906=PLANE('',#11187);
#9907=PLANE('',#11191);
#9908=PLANE('',#11195);
#9909=PLANE('',#11199);
#9910=PLANE('',#11203);
#9911=PLANE('',#11207);
#9912=PLANE('',#11211);
#9913=PLANE('',#11215);
#9914=PLANE('',#11219);
#9915=PLANE('',#11223);
#9916=PLANE('',#11227);
#9917=PLANE('',#11231);
#9918=PLANE('',#11235);
#9919=PLANE('',#11239);
#9920=PLANE('',#11243);
#9921=PLANE('',#11247);
#9922=PLANE('',#11251);
#9923=PLANE('',#11255);
#9924=PLANE('',#11259);
#9925=PLANE('',#11263);
#9926=PLANE('',#11267);
#9927=PLANE('',#11271);
#9928=PLANE('',#11275);
#9929=PLANE('',#11279);
#9930=PLANE('',#11283);
#9931=PLANE('',#11287);
#9932=PLANE('',#11291);
#9933=PLANE('',#11298);
#9934=PLANE('',#11302);
#9935=PLANE('',#11306);
#9936=PLANE('',#11313);
#9937=PLANE('',#11317);
#9938=PLANE('',#11321);
#9939=PLANE('',#11328);
#9940=PLANE('',#11332);
#9941=PLANE('',#11336);
#9942=PLANE('',#11343);
#9943=PLANE('',#11344);
#9944=PLANE('',#11348);
#9945=PLANE('',#11352);
#9946=PLANE('',#11356);
#9947=PLANE('',#11357);
#9948=PLANE('',#11361);
#9949=PLANE('',#11362);
#9950=PLANE('',#11366);
#9951=PLANE('',#11370);
#9952=PLANE('',#11374);
#9953=PLANE('',#11375);
#9954=PLANE('',#11379);
#9955=PLANE('',#11380);
#9956=PLANE('',#11384);
#9957=PLANE('',#11388);
#9958=PLANE('',#11392);
#9959=PLANE('',#11393);
#9960=PLANE('',#11397);
#9961=PLANE('',#11398);
#9962=PLANE('',#11402);
#9963=PLANE('',#11406);
#9964=PLANE('',#11410);
#9965=PLANE('',#11411);
#9966=PLANE('',#11412);
#9967=PLANE('',#11413);
#9968=PLANE('',#11414);
#9969=PLANE('',#11415);
#9970=PLANE('',#11419);
#9971=PLANE('',#11420);
#9972=PLANE('',#11422);
#9973=PLANE('',#11423);
#9974=PLANE('',#11424);
#9975=PLANE('',#11425);
#9976=PLANE('',#11426);
#9977=PLANE('',#11427);
#9978=PLANE('',#11428);
#9979=PLANE('',#11429);
#9980=PLANE('',#11430);
#9981=PLANE('',#11431);
#9982=PLANE('',#11432);
#9983=PLANE('',#11433);
#9984=PLANE('',#11434);
#9985=PLANE('',#11435);
#9986=PLANE('',#11436);
#9987=PLANE('',#11440);
#9988=PLANE('',#11444);
#9989=PLANE('',#11448);
#9990=PLANE('',#11452);
#9991=PLANE('',#11456);
#9992=PLANE('',#11460);
#9993=PLANE('',#11461);
#9994=PLANE('',#11462);
#9995=PLANE('',#11463);
#9996=PLANE('',#11464);
#9997=PLANE('',#11465);
#9998=PLANE('',#11466);
#9999=PLANE('',#11467);
#10000=PLANE('',#11468);
#10001=PLANE('',#11469);
#10002=PLANE('',#11470);
#10003=PLANE('',#11489);
#10004=PLANE('',#11490);
#10005=PLANE('',#11491);
#10006=PLANE('',#11492);
#10007=PLANE('',#11493);
#10008=PLANE('',#11494);
#10009=PLANE('',#11495);
#10010=PLANE('',#11496);
#10011=PLANE('',#11518);
#10012=PLANE('',#11519);
#10013=PLANE('',#11522);
#10014=PLANE('',#11527);
#10015=PLANE('',#11530);
#10016=PLANE('',#11540);
#10017=PLANE('',#11544);
#10018=PLANE('',#11548);
#10019=PLANE('',#11549);
#10020=PLANE('',#11553);
#10021=PLANE('',#11569);
#10022=PLANE('',#11576);
#10023=PLANE('',#11577);
#10024=PLANE('',#11578);
#10025=PLANE('',#11581);
#10026=PLANE('',#11582);
#10027=PLANE('',#11583);
#10028=PLANE('',#11587);
#10029=PLANE('',#11591);
#10030=PLANE('',#11595);
#10031=PLANE('',#11599);
#10032=PLANE('',#11603);
#10033=PLANE('',#11607);
#10034=PLANE('',#11608);
#10035=PLANE('',#11609);
#10036=PLANE('',#11613);
#10037=PLANE('',#11650);
#10038=PLANE('',#11653);
#10039=PLANE('',#11661);
#10040=PLANE('',#11662);
#10041=PLANE('',#11663);
#10042=PLANE('',#11664);
#10043=PLANE('',#11665);
#10044=PLANE('',#11666);
#10045=PLANE('',#11667);
#10046=PLANE('',#11668);
#10047=PLANE('',#11669);
#10048=PLANE('',#11670);
#10049=PLANE('',#11671);
#10050=PLANE('',#11672);
#10051=PLANE('',#11673);
#10052=PLANE('',#11674);
#10053=PLANE('',#11675);
#10054=PLANE('',#11676);
#10055=PLANE('',#11677);
#10056=PLANE('',#11678);
#10057=PLANE('',#11679);
#10058=ADVANCED_FACE('',(#9117),#9768,.F.);
#10059=ADVANCED_FACE('',(#9118),#592,.T.);
#10060=ADVANCED_FACE('',(#9119),#9769,.F.);
#10061=ADVANCED_FACE('',(#9120),#593,.T.);
#10062=ADVANCED_FACE('',(#9121),#9770,.F.);
#10063=ADVANCED_FACE('',(#9122),#594,.T.);
#10064=ADVANCED_FACE('',(#9123),#9771,.F.);
#10065=ADVANCED_FACE('',(#9124),#595,.T.);
#10066=ADVANCED_FACE('',(#9125),#9772,.F.);
#10067=ADVANCED_FACE('',(#9126),#596,.T.);
#10068=ADVANCED_FACE('',(#9127),#9773,.F.);
#10069=ADVANCED_FACE('',(#9128),#597,.F.);
#10070=ADVANCED_FACE('',(#9129),#9774,.F.);
#10071=ADVANCED_FACE('',(#9130),#598,.F.);
#10072=ADVANCED_FACE('',(#9131),#9775,.F.);
#10073=ADVANCED_FACE('',(#9132),#599,.F.);
#10074=ADVANCED_FACE('',(#9133),#9776,.F.);
#10075=ADVANCED_FACE('',(#9134),#600,.F.);
#10076=ADVANCED_FACE('',(#9135),#9777,.F.);
#10077=ADVANCED_FACE('',(#9136),#601,.F.);
#10078=ADVANCED_FACE('',(#9137),#9778,.F.);
#10079=ADVANCED_FACE('',(#9138),#602,.F.);
#10080=ADVANCED_FACE('',(#9139),#9779,.F.);
#10081=ADVANCED_FACE('',(#9140),#603,.F.);
#10082=ADVANCED_FACE('',(#9141),#9780,.F.);
#10083=ADVANCED_FACE('',(#9142),#604,.F.);
#10084=ADVANCED_FACE('',(#9143),#9781,.F.);
#10085=ADVANCED_FACE('',(#9144),#605,.T.);
#10086=ADVANCED_FACE('',(#9145),#9782,.F.);
#10087=ADVANCED_FACE('',(#9146),#606,.T.);
#10088=ADVANCED_FACE('',(#9147),#9783,.F.);
#10089=ADVANCED_FACE('',(#9148),#607,.T.);
#10090=ADVANCED_FACE('',(#9149),#9784,.F.);
#10091=ADVANCED_FACE('',(#9150),#608,.T.);
#10092=ADVANCED_FACE('',(#9151),#9785,.F.);
#10093=ADVANCED_FACE('',(#9152),#609,.T.);
#10094=ADVANCED_FACE('',(#9153),#9786,.F.);
#10095=ADVANCED_FACE('',(#9154),#610,.T.);
#10096=ADVANCED_FACE('',(#9155),#9787,.F.);
#10097=ADVANCED_FACE('',(#9156),#611,.T.);
#10098=ADVANCED_FACE('',(#9157),#9788,.F.);
#10099=ADVANCED_FACE('',(#9158),#612,.F.);
#10100=ADVANCED_FACE('',(#9159),#9789,.F.);
#10101=ADVANCED_FACE('',(#9160),#613,.F.);
#10102=ADVANCED_FACE('',(#9161),#9790,.F.);
#10103=ADVANCED_FACE('',(#9162),#614,.F.);
#10104=ADVANCED_FACE('',(#9163),#9791,.F.);
#10105=ADVANCED_FACE('',(#9164),#615,.F.);
#10106=ADVANCED_FACE('',(#9165),#9792,.F.);
#10107=ADVANCED_FACE('',(#9166),#616,.F.);
#10108=ADVANCED_FACE('',(#9167),#9793,.F.);
#10109=ADVANCED_FACE('',(#9168),#617,.F.);
#10110=ADVANCED_FACE('',(#9169),#9794,.F.);
#10111=ADVANCED_FACE('',(#9170),#618,.F.);
#10112=ADVANCED_FACE('',(#9171),#9795,.F.);
#10113=ADVANCED_FACE('',(#9172),#619,.F.);
#10114=ADVANCED_FACE('',(#9173),#9796,.F.);
#10115=ADVANCED_FACE('',(#9174),#620,.T.);
#10116=ADVANCED_FACE('',(#9175),#9797,.F.);
#10117=ADVANCED_FACE('',(#9176),#621,.T.);
#10118=ADVANCED_FACE('',(#9177),#9798,.F.);
#10119=ADVANCED_FACE('',(#9178),#622,.T.);
#10120=ADVANCED_FACE('',(#9179),#9799,.F.);
#10121=ADVANCED_FACE('',(#9180),#623,.T.);
#10122=ADVANCED_FACE('',(#9181),#9800,.F.);
#10123=ADVANCED_FACE('',(#9182),#624,.T.);
#10124=ADVANCED_FACE('',(#9183),#9801,.F.);
#10125=ADVANCED_FACE('',(#9184),#625,.T.);
#10126=ADVANCED_FACE('',(#9185),#9802,.F.);
#10127=ADVANCED_FACE('',(#9186),#626,.T.);
#10128=ADVANCED_FACE('',(#9187),#9803,.F.);
#10129=ADVANCED_FACE('',(#9188),#627,.F.);
#10130=ADVANCED_FACE('',(#9189),#9804,.F.);
#10131=ADVANCED_FACE('',(#9190),#628,.F.);
#10132=ADVANCED_FACE('',(#9191),#9805,.F.);
#10133=ADVANCED_FACE('',(#9192),#629,.F.);
#10134=ADVANCED_FACE('',(#9193),#9806,.F.);
#10135=ADVANCED_FACE('',(#9194),#630,.F.);
#10136=ADVANCED_FACE('',(#9195),#9807,.F.);
#10137=ADVANCED_FACE('',(#9196),#631,.F.);
#10138=ADVANCED_FACE('',(#9197),#9808,.F.);
#10139=ADVANCED_FACE('',(#9198),#632,.F.);
#10140=ADVANCED_FACE('',(#9199),#9809,.F.);
#10141=ADVANCED_FACE('',(#9200),#633,.F.);
#10142=ADVANCED_FACE('',(#9201),#9810,.F.);
#10143=ADVANCED_FACE('',(#9202),#634,.F.);
#10144=ADVANCED_FACE('',(#9203),#9811,.F.);
#10145=ADVANCED_FACE('',(#9204),#635,.T.);
#10146=ADVANCED_FACE('',(#9205),#9812,.F.);
#10147=ADVANCED_FACE('',(#9206),#636,.T.);
#10148=ADVANCED_FACE('',(#9207),#9813,.F.);
#10149=ADVANCED_FACE('',(#9208),#637,.T.);
#10150=ADVANCED_FACE('',(#9209),#9814,.F.);
#10151=ADVANCED_FACE('',(#9210),#638,.T.);
#10152=ADVANCED_FACE('',(#9211),#9815,.F.);
#10153=ADVANCED_FACE('',(#9212),#639,.T.);
#10154=ADVANCED_FACE('',(#9213),#9816,.F.);
#10155=ADVANCED_FACE('',(#9214),#640,.T.);
#10156=ADVANCED_FACE('',(#9215),#9817,.F.);
#10157=ADVANCED_FACE('',(#9216),#641,.T.);
#10158=ADVANCED_FACE('',(#9217),#9818,.F.);
#10159=ADVANCED_FACE('',(#9218),#642,.F.);
#10160=ADVANCED_FACE('',(#9219),#9819,.F.);
#10161=ADVANCED_FACE('',(#9220),#643,.F.);
#10162=ADVANCED_FACE('',(#9221),#9820,.F.);
#10163=ADVANCED_FACE('',(#9222),#644,.F.);
#10164=ADVANCED_FACE('',(#9223),#9821,.F.);
#10165=ADVANCED_FACE('',(#9224),#645,.F.);
#10166=ADVANCED_FACE('',(#9225),#9822,.F.);
#10167=ADVANCED_FACE('',(#9226),#646,.F.);
#10168=ADVANCED_FACE('',(#9227),#9823,.F.);
#10169=ADVANCED_FACE('',(#9228),#647,.F.);
#10170=ADVANCED_FACE('',(#9229),#9824,.F.);
#10171=ADVANCED_FACE('',(#9230),#648,.F.);
#10172=ADVANCED_FACE('',(#9231),#9825,.F.);
#10173=ADVANCED_FACE('',(#9232),#649,.F.);
#10174=ADVANCED_FACE('',(#9233),#9826,.F.);
#10175=ADVANCED_FACE('',(#9234),#650,.T.);
#10176=ADVANCED_FACE('',(#9235),#9827,.F.);
#10177=ADVANCED_FACE('',(#9236),#651,.F.);
#10178=ADVANCED_FACE('',(#9237),#9828,.T.);
#10179=ADVANCED_FACE('',(#9238),#652,.F.);
#10180=ADVANCED_FACE('',(#9239),#9829,.T.);
#10181=ADVANCED_FACE('',(#9240),#653,.F.);
#10182=ADVANCED_FACE('',(#9241),#9830,.T.);
#10183=ADVANCED_FACE('',(#9242),#654,.F.);
#10184=ADVANCED_FACE('',(#9243),#655,.F.);
#10185=ADVANCED_FACE('',(#9244),#9831,.T.);
#10186=ADVANCED_FACE('',(#9245),#656,.F.);
#10187=ADVANCED_FACE('',(#9246),#9832,.T.);
#10188=ADVANCED_FACE('',(#9247),#657,.F.);
#10189=ADVANCED_FACE('',(#9248),#9833,.T.);
#10190=ADVANCED_FACE('',(#9249),#658,.F.);
#10191=ADVANCED_FACE('',(#9250),#659,.F.);
#10192=ADVANCED_FACE('',(#9251),#9834,.T.);
#10193=ADVANCED_FACE('',(#9252),#660,.F.);
#10194=ADVANCED_FACE('',(#9253),#9835,.T.);
#10195=ADVANCED_FACE('',(#9254),#661,.F.);
#10196=ADVANCED_FACE('',(#9255),#9836,.T.);
#10197=ADVANCED_FACE('',(#9256),#662,.F.);
#10198=ADVANCED_FACE('',(#9257),#663,.F.);
#10199=ADVANCED_FACE('',(#9258),#9837,.T.);
#10200=ADVANCED_FACE('',(#9259),#664,.F.);
#10201=ADVANCED_FACE('',(#9260),#9838,.T.);
#10202=ADVANCED_FACE('',(#9261),#665,.F.);
#10203=ADVANCED_FACE('',(#9262),#9839,.T.);
#10204=ADVANCED_FACE('',(#9263),#666,.F.);
#10205=ADVANCED_FACE('',(#9264),#667,.F.);
#10206=ADVANCED_FACE('',(#9265),#9840,.T.);
#10207=ADVANCED_FACE('',(#9266),#9841,.T.);
#10208=ADVANCED_FACE('',(#9267),#668,.F.);
#10209=ADVANCED_FACE('',(#9268),#9842,.T.);
#10210=ADVANCED_FACE('',(#9269),#669,.F.);
#10211=ADVANCED_FACE('',(#9270),#9843,.T.);
#10212=ADVANCED_FACE('',(#9271),#670,.F.);
#10213=ADVANCED_FACE('',(#9272),#9844,.T.);
#10214=ADVANCED_FACE('',(#9273),#9845,.T.);
#10215=ADVANCED_FACE('',(#9274),#671,.F.);
#10216=ADVANCED_FACE('',(#9275),#9846,.T.);
#10217=ADVANCED_FACE('',(#9276),#9847,.T.);
#10218=ADVANCED_FACE('',(#9277),#672,.F.);
#10219=ADVANCED_FACE('',(#9278),#9848,.T.);
#10220=ADVANCED_FACE('',(#9279),#673,.F.);
#10221=ADVANCED_FACE('',(#9280),#9849,.T.);
#10222=ADVANCED_FACE('',(#9281),#674,.F.);
#10223=ADVANCED_FACE('',(#9282),#9850,.T.);
#10224=ADVANCED_FACE('',(#9283),#9851,.T.);
#10225=ADVANCED_FACE('',(#9284),#675,.F.);
#10226=ADVANCED_FACE('',(#9285),#9852,.T.);
#10227=ADVANCED_FACE('',(#9286),#9853,.T.);
#10228=ADVANCED_FACE('',(#9287),#676,.F.);
#10229=ADVANCED_FACE('',(#9288),#9854,.T.);
#10230=ADVANCED_FACE('',(#9289),#677,.F.);
#10231=ADVANCED_FACE('',(#9290),#9855,.T.);
#10232=ADVANCED_FACE('',(#9291),#678,.F.);
#10233=ADVANCED_FACE('',(#9292),#9856,.T.);
#10234=ADVANCED_FACE('',(#9293),#9857,.T.);
#10235=ADVANCED_FACE('',(#9294),#679,.F.);
#10236=ADVANCED_FACE('',(#9295),#9858,.T.);
#10237=ADVANCED_FACE('',(#9296),#9859,.T.);
#10238=ADVANCED_FACE('',(#9297),#680,.F.);
#10239=ADVANCED_FACE('',(#9298),#9860,.T.);
#10240=ADVANCED_FACE('',(#9299),#681,.F.);
#10241=ADVANCED_FACE('',(#9300),#9861,.T.);
#10242=ADVANCED_FACE('',(#9301),#682,.F.);
#10243=ADVANCED_FACE('',(#9302),#9862,.T.);
#10244=ADVANCED_FACE('',(#9303),#9863,.T.);
#10245=ADVANCED_FACE('',(#9304),#9864,.T.);
#10246=ADVANCED_FACE('',(#9305),#9865,.T.);
#10247=ADVANCED_FACE('',(#9306),#9866,.T.);
#10248=ADVANCED_FACE('',(#9307),#9867,.T.);
#10249=ADVANCED_FACE('',(#9308),#683,.T.);
#10250=ADVANCED_FACE('',(#9309,#9310,#9311,#9312,#9313,#9314),#9868,.T.);
#10251=ADVANCED_FACE('',(#9315,#9316,#9317,#9318,#9319,#9320),#9869,.F.);
#10252=ADVANCED_FACE('',(#9321),#9870,.F.);
#10253=ADVANCED_FACE('',(#9322),#684,.T.);
#10254=ADVANCED_FACE('',(#9323),#9871,.F.);
#10255=ADVANCED_FACE('',(#9324),#685,.T.);
#10256=ADVANCED_FACE('',(#9325),#9872,.F.);
#10257=ADVANCED_FACE('',(#9326),#686,.T.);
#10258=ADVANCED_FACE('',(#9327),#9873,.F.);
#10259=ADVANCED_FACE('',(#9328),#687,.T.);
#10260=ADVANCED_FACE('',(#9329),#9874,.F.);
#10261=ADVANCED_FACE('',(#9330),#688,.T.);
#10262=ADVANCED_FACE('',(#9331),#9875,.F.);
#10263=ADVANCED_FACE('',(#9332),#689,.F.);
#10264=ADVANCED_FACE('',(#9333),#9876,.F.);
#10265=ADVANCED_FACE('',(#9334),#690,.F.);
#10266=ADVANCED_FACE('',(#9335),#9877,.F.);
#10267=ADVANCED_FACE('',(#9336),#691,.F.);
#10268=ADVANCED_FACE('',(#9337),#9878,.F.);
#10269=ADVANCED_FACE('',(#9338),#692,.F.);
#10270=ADVANCED_FACE('',(#9339),#9879,.F.);
#10271=ADVANCED_FACE('',(#9340),#693,.F.);
#10272=ADVANCED_FACE('',(#9341),#9880,.F.);
#10273=ADVANCED_FACE('',(#9342),#694,.F.);
#10274=ADVANCED_FACE('',(#9343),#9881,.F.);
#10275=ADVANCED_FACE('',(#9344),#695,.F.);
#10276=ADVANCED_FACE('',(#9345),#9882,.F.);
#10277=ADVANCED_FACE('',(#9346),#696,.F.);
#10278=ADVANCED_FACE('',(#9347),#9883,.F.);
#10279=ADVANCED_FACE('',(#9348),#697,.T.);
#10280=ADVANCED_FACE('',(#9349),#9884,.F.);
#10281=ADVANCED_FACE('',(#9350),#698,.T.);
#10282=ADVANCED_FACE('',(#9351),#9885,.F.);
#10283=ADVANCED_FACE('',(#9352),#699,.T.);
#10284=ADVANCED_FACE('',(#9353),#9886,.F.);
#10285=ADVANCED_FACE('',(#9354),#700,.T.);
#10286=ADVANCED_FACE('',(#9355),#9887,.F.);
#10287=ADVANCED_FACE('',(#9356),#701,.T.);
#10288=ADVANCED_FACE('',(#9357),#9888,.F.);
#10289=ADVANCED_FACE('',(#9358),#702,.T.);
#10290=ADVANCED_FACE('',(#9359),#9889,.F.);
#10291=ADVANCED_FACE('',(#9360),#703,.T.);
#10292=ADVANCED_FACE('',(#9361),#9890,.F.);
#10293=ADVANCED_FACE('',(#9362),#704,.F.);
#10294=ADVANCED_FACE('',(#9363),#9891,.F.);
#10295=ADVANCED_FACE('',(#9364),#705,.F.);
#10296=ADVANCED_FACE('',(#9365),#9892,.F.);
#10297=ADVANCED_FACE('',(#9366),#706,.F.);
#10298=ADVANCED_FACE('',(#9367),#9893,.F.);
#10299=ADVANCED_FACE('',(#9368),#707,.F.);
#10300=ADVANCED_FACE('',(#9369),#9894,.F.);
#10301=ADVANCED_FACE('',(#9370),#708,.F.);
#10302=ADVANCED_FACE('',(#9371),#9895,.F.);
#10303=ADVANCED_FACE('',(#9372),#709,.F.);
#10304=ADVANCED_FACE('',(#9373),#9896,.F.);
#10305=ADVANCED_FACE('',(#9374),#710,.F.);
#10306=ADVANCED_FACE('',(#9375),#9897,.F.);
#10307=ADVANCED_FACE('',(#9376),#711,.F.);
#10308=ADVANCED_FACE('',(#9377),#9898,.F.);
#10309=ADVANCED_FACE('',(#9378),#712,.T.);
#10310=ADVANCED_FACE('',(#9379),#9899,.F.);
#10311=ADVANCED_FACE('',(#9380),#713,.T.);
#10312=ADVANCED_FACE('',(#9381),#9900,.F.);
#10313=ADVANCED_FACE('',(#9382),#714,.T.);
#10314=ADVANCED_FACE('',(#9383),#9901,.F.);
#10315=ADVANCED_FACE('',(#9384),#715,.T.);
#10316=ADVANCED_FACE('',(#9385),#9902,.F.);
#10317=ADVANCED_FACE('',(#9386),#716,.T.);
#10318=ADVANCED_FACE('',(#9387),#9903,.F.);
#10319=ADVANCED_FACE('',(#9388),#717,.T.);
#10320=ADVANCED_FACE('',(#9389),#9904,.F.);
#10321=ADVANCED_FACE('',(#9390),#718,.T.);
#10322=ADVANCED_FACE('',(#9391),#9905,.F.);
#10323=ADVANCED_FACE('',(#9392),#719,.F.);
#10324=ADVANCED_FACE('',(#9393),#9906,.F.);
#10325=ADVANCED_FACE('',(#9394),#720,.F.);
#10326=ADVANCED_FACE('',(#9395),#9907,.F.);
#10327=ADVANCED_FACE('',(#9396),#721,.F.);
#10328=ADVANCED_FACE('',(#9397),#9908,.F.);
#10329=ADVANCED_FACE('',(#9398),#722,.F.);
#10330=ADVANCED_FACE('',(#9399),#9909,.F.);
#10331=ADVANCED_FACE('',(#9400),#723,.F.);
#10332=ADVANCED_FACE('',(#9401),#9910,.F.);
#10333=ADVANCED_FACE('',(#9402),#724,.F.);
#10334=ADVANCED_FACE('',(#9403),#9911,.F.);
#10335=ADVANCED_FACE('',(#9404),#725,.F.);
#10336=ADVANCED_FACE('',(#9405),#9912,.F.);
#10337=ADVANCED_FACE('',(#9406),#726,.F.);
#10338=ADVANCED_FACE('',(#9407),#9913,.F.);
#10339=ADVANCED_FACE('',(#9408),#727,.T.);
#10340=ADVANCED_FACE('',(#9409),#9914,.F.);
#10341=ADVANCED_FACE('',(#9410),#728,.T.);
#10342=ADVANCED_FACE('',(#9411),#9915,.F.);
#10343=ADVANCED_FACE('',(#9412),#729,.T.);
#10344=ADVANCED_FACE('',(#9413),#9916,.F.);
#10345=ADVANCED_FACE('',(#9414),#730,.T.);
#10346=ADVANCED_FACE('',(#9415),#9917,.F.);
#10347=ADVANCED_FACE('',(#9416),#731,.T.);
#10348=ADVANCED_FACE('',(#9417),#9918,.F.);
#10349=ADVANCED_FACE('',(#9418),#732,.T.);
#10350=ADVANCED_FACE('',(#9419),#9919,.F.);
#10351=ADVANCED_FACE('',(#9420),#733,.T.);
#10352=ADVANCED_FACE('',(#9421),#9920,.F.);
#10353=ADVANCED_FACE('',(#9422),#734,.F.);
#10354=ADVANCED_FACE('',(#9423),#9921,.F.);
#10355=ADVANCED_FACE('',(#9424),#735,.F.);
#10356=ADVANCED_FACE('',(#9425),#9922,.F.);
#10357=ADVANCED_FACE('',(#9426),#736,.F.);
#10358=ADVANCED_FACE('',(#9427),#9923,.F.);
#10359=ADVANCED_FACE('',(#9428),#737,.F.);
#10360=ADVANCED_FACE('',(#9429),#9924,.F.);
#10361=ADVANCED_FACE('',(#9430),#738,.F.);
#10362=ADVANCED_FACE('',(#9431),#9925,.F.);
#10363=ADVANCED_FACE('',(#9432),#739,.F.);
#10364=ADVANCED_FACE('',(#9433),#9926,.F.);
#10365=ADVANCED_FACE('',(#9434),#740,.F.);
#10366=ADVANCED_FACE('',(#9435),#9927,.F.);
#10367=ADVANCED_FACE('',(#9436),#741,.F.);
#10368=ADVANCED_FACE('',(#9437),#9928,.F.);
#10369=ADVANCED_FACE('',(#9438),#742,.T.);
#10370=ADVANCED_FACE('',(#9439),#9929,.F.);
#10371=ADVANCED_FACE('',(#9440),#743,.F.);
#10372=ADVANCED_FACE('',(#9441),#9930,.T.);
#10373=ADVANCED_FACE('',(#9442),#744,.F.);
#10374=ADVANCED_FACE('',(#9443),#9931,.T.);
#10375=ADVANCED_FACE('',(#9444),#745,.F.);
#10376=ADVANCED_FACE('',(#9445),#9932,.T.);
#10377=ADVANCED_FACE('',(#9446),#746,.F.);
#10378=ADVANCED_FACE('',(#9447),#747,.F.);
#10379=ADVANCED_FACE('',(#9448),#9933,.T.);
#10380=ADVANCED_FACE('',(#9449),#748,.F.);
#10381=ADVANCED_FACE('',(#9450),#9934,.T.);
#10382=ADVANCED_FACE('',(#9451),#749,.F.);
#10383=ADVANCED_FACE('',(#9452),#9935,.T.);
#10384=ADVANCED_FACE('',(#9453),#750,.F.);
#10385=ADVANCED_FACE('',(#9454),#751,.F.);
#10386=ADVANCED_FACE('',(#9455),#9936,.T.);
#10387=ADVANCED_FACE('',(#9456),#752,.F.);
#10388=ADVANCED_FACE('',(#9457),#9937,.T.);
#10389=ADVANCED_FACE('',(#9458),#753,.F.);
#10390=ADVANCED_FACE('',(#9459),#9938,.T.);
#10391=ADVANCED_FACE('',(#9460),#754,.F.);
#10392=ADVANCED_FACE('',(#9461),#755,.F.);
#10393=ADVANCED_FACE('',(#9462),#9939,.T.);
#10394=ADVANCED_FACE('',(#9463),#756,.F.);
#10395=ADVANCED_FACE('',(#9464),#9940,.T.);
#10396=ADVANCED_FACE('',(#9465),#757,.F.);
#10397=ADVANCED_FACE('',(#9466),#9941,.T.);
#10398=ADVANCED_FACE('',(#9467),#758,.F.);
#10399=ADVANCED_FACE('',(#9468),#759,.F.);
#10400=ADVANCED_FACE('',(#9469),#9942,.T.);
#10401=ADVANCED_FACE('',(#9470),#9943,.T.);
#10402=ADVANCED_FACE('',(#9471),#760,.F.);
#10403=ADVANCED_FACE('',(#9472),#9944,.T.);
#10404=ADVANCED_FACE('',(#9473),#761,.F.);
#10405=ADVANCED_FACE('',(#9474),#9945,.T.);
#10406=ADVANCED_FACE('',(#9475),#762,.F.);
#10407=ADVANCED_FACE('',(#9476),#9946,.T.);
#10408=ADVANCED_FACE('',(#9477),#9947,.T.);
#10409=ADVANCED_FACE('',(#9478),#763,.F.);
#10410=ADVANCED_FACE('',(#9479),#9948,.T.);
#10411=ADVANCED_FACE('',(#9480),#9949,.T.);
#10412=ADVANCED_FACE('',(#9481),#764,.F.);
#10413=ADVANCED_FACE('',(#9482),#9950,.T.);
#10414=ADVANCED_FACE('',(#9483),#765,.F.);
#10415=ADVANCED_FACE('',(#9484),#9951,.T.);
#10416=ADVANCED_FACE('',(#9485),#766,.F.);
#10417=ADVANCED_FACE('',(#9486),#9952,.T.);
#10418=ADVANCED_FACE('',(#9487),#9953,.T.);
#10419=ADVANCED_FACE('',(#9488),#767,.F.);
#10420=ADVANCED_FACE('',(#9489),#9954,.T.);
#10421=ADVANCED_FACE('',(#9490),#9955,.T.);
#10422=ADVANCED_FACE('',(#9491),#768,.F.);
#10423=ADVANCED_FACE('',(#9492),#9956,.T.);
#10424=ADVANCED_FACE('',(#9493),#769,.F.);
#10425=ADVANCED_FACE('',(#9494),#9957,.T.);
#10426=ADVANCED_FACE('',(#9495),#770,.F.);
#10427=ADVANCED_FACE('',(#9496),#9958,.T.);
#10428=ADVANCED_FACE('',(#9497),#9959,.T.);
#10429=ADVANCED_FACE('',(#9498),#771,.F.);
#10430=ADVANCED_FACE('',(#9499),#9960,.T.);
#10431=ADVANCED_FACE('',(#9500),#9961,.T.);
#10432=ADVANCED_FACE('',(#9501),#772,.F.);
#10433=ADVANCED_FACE('',(#9502),#9962,.T.);
#10434=ADVANCED_FACE('',(#9503),#773,.F.);
#10435=ADVANCED_FACE('',(#9504),#9963,.T.);
#10436=ADVANCED_FACE('',(#9505),#774,.F.);
#10437=ADVANCED_FACE('',(#9506),#9964,.T.);
#10438=ADVANCED_FACE('',(#9507),#9965,.T.);
#10439=ADVANCED_FACE('',(#9508),#9966,.T.);
#10440=ADVANCED_FACE('',(#9509),#9967,.T.);
#10441=ADVANCED_FACE('',(#9510),#9968,.T.);
#10442=ADVANCED_FACE('',(#9511),#9969,.T.);
#10443=ADVANCED_FACE('',(#9512),#775,.T.);
#10444=ADVANCED_FACE('',(#9513,#9514,#9515,#9516,#9517,#9518),#9970,.T.);
#10445=ADVANCED_FACE('',(#9519,#9520,#9521,#9522,#9523,#9524),#9971,.F.);
#10446=ADVANCED_FACE('',(#9525),#9972,.T.);
#10447=ADVANCED_FACE('',(#9526),#9973,.F.);
#10448=ADVANCED_FACE('',(#9527),#9974,.F.);
#10449=ADVANCED_FACE('',(#9528),#9975,.T.);
#10450=ADVANCED_FACE('',(#9529),#9976,.T.);
#10451=ADVANCED_FACE('',(#9530),#9977,.F.);
#10452=ADVANCED_FACE('',(#9531),#9978,.T.);
#10453=ADVANCED_FACE('',(#9532),#9979,.F.);
#10454=ADVANCED_FACE('',(#9533),#9980,.F.);
#10455=ADVANCED_FACE('',(#9534),#9981,.T.);
#10456=ADVANCED_FACE('',(#9535),#9982,.F.);
#10457=ADVANCED_FACE('',(#9536),#9983,.F.);
#10458=ADVANCED_FACE('',(#9537),#9984,.T.);
#10459=ADVANCED_FACE('',(#9538),#9985,.F.);
#10460=ADVANCED_FACE('',(#9539),#9986,.F.);
#10461=ADVANCED_FACE('',(#9540),#776,.T.);
#10462=ADVANCED_FACE('',(#9541),#9987,.T.);
#10463=ADVANCED_FACE('',(#9542),#777,.T.);
#10464=ADVANCED_FACE('',(#9543),#9988,.T.);
#10465=ADVANCED_FACE('',(#9544),#778,.F.);
#10466=ADVANCED_FACE('',(#9545),#9989,.T.);
#10467=ADVANCED_FACE('',(#9546),#779,.F.);
#10468=ADVANCED_FACE('',(#9547),#9990,.T.);
#10469=ADVANCED_FACE('',(#9548),#780,.T.);
#10470=ADVANCED_FACE('',(#9549),#9991,.F.);
#10471=ADVANCED_FACE('',(#9550),#781,.T.);
#10472=ADVANCED_FACE('',(#9551),#9992,.F.);
#10473=ADVANCED_FACE('',(#9552),#9993,.F.);
#10474=ADVANCED_FACE('',(#9553),#9994,.T.);
#10475=ADVANCED_FACE('',(#9554),#9995,.F.);
#10476=ADVANCED_FACE('',(#9555),#9996,.F.);
#10477=ADVANCED_FACE('',(#9556),#9997,.T.);
#10478=ADVANCED_FACE('',(#9557),#9998,.F.);
#10479=ADVANCED_FACE('',(#9558),#9999,.F.);
#10480=ADVANCED_FACE('',(#9559),#10000,.T.);
#10481=ADVANCED_FACE('',(#9560),#10001,.T.);
#10482=ADVANCED_FACE('',(#9561),#10002,.T.);
#10483=ADVANCED_FACE('',(#9562,#9563),#782,.F.);
#10484=ADVANCED_FACE('',(#9564,#9565),#783,.F.);
#10485=ADVANCED_FACE('',(#9566,#9567),#784,.F.);
#10486=ADVANCED_FACE('',(#9568,#9569),#785,.F.);
#10487=ADVANCED_FACE('',(#9570,#9571),#786,.F.);
#10488=ADVANCED_FACE('',(#9572,#9573),#787,.F.);
#10489=ADVANCED_FACE('',(#9574),#10003,.T.);
#10490=ADVANCED_FACE('',(#9575),#10004,.T.);
#10491=ADVANCED_FACE('',(#9576),#10005,.T.);
#10492=ADVANCED_FACE('',(#9577),#10006,.T.);
#10493=ADVANCED_FACE('',(#9578,#9579,#9580,#9581,#9582,#9583,#9584,#9585,
#9586,#9587,#9588,#9589,#9590),#10007,.T.);
#10494=ADVANCED_FACE('',(#9591,#9592,#9593,#9594,#9595,#9596,#9597,#9598,
#9599,#9600,#9601,#9602,#9603),#10008,.F.);
#10495=ADVANCED_FACE('',(#9604),#10009,.T.);
#10496=ADVANCED_FACE('',(#9605),#10010,.F.);
#10497=ADVANCED_FACE('',(#9606,#9607),#788,.F.);
#10498=ADVANCED_FACE('',(#9608,#9609),#789,.F.);
#10499=ADVANCED_FACE('',(#9610,#9611),#790,.F.);
#10500=ADVANCED_FACE('',(#9612,#9613),#791,.F.);
#10501=ADVANCED_FACE('',(#9614,#9615),#792,.F.);
#10502=ADVANCED_FACE('',(#9616,#9617),#793,.F.);
#10503=ADVANCED_FACE('',(#9618,#9619),#794,.F.);
#10504=ADVANCED_FACE('',(#9620),#10011,.F.);
#10505=ADVANCED_FACE('',(#9621,#9622,#9623,#9624,#9625,#9626,#9627,#9628),
#10012,.F.);
#10506=ADVANCED_FACE('',(#9629,#9630,#9631,#9632,#9633,#9634,#9635,#9636),
#10013,.T.);
#10507=ADVANCED_FACE('',(#9637),#795,.T.);
#10508=ADVANCED_FACE('',(#9638),#796,.T.);
#10509=ADVANCED_FACE('',(#9639),#10014,.F.);
#10510=ADVANCED_FACE('',(#9640),#10015,.T.);
#10511=ADVANCED_FACE('',(#9641),#797,.T.);
#10512=ADVANCED_FACE('',(#9642),#798,.F.);
#10513=ADVANCED_FACE('',(#9643),#799,.T.);
#10514=ADVANCED_FACE('',(#9644),#10016,.T.);
#10515=ADVANCED_FACE('',(#9645),#800,.T.);
#10516=ADVANCED_FACE('',(#9646),#10017,.F.);
#10517=ADVANCED_FACE('',(#9647),#801,.T.);
#10518=ADVANCED_FACE('',(#9648),#10018,.F.);
#10519=ADVANCED_FACE('',(#9649),#10019,.T.);
#10520=ADVANCED_FACE('',(#9650),#802,.T.);
#10521=ADVANCED_FACE('',(#9651),#10020,.T.);
#10522=ADVANCED_FACE('',(#9652),#803,.T.);
#10523=ADVANCED_FACE('',(#9653,#9654),#804,.F.);
#10524=ADVANCED_FACE('',(#9655,#9656),#805,.F.);
#10525=ADVANCED_FACE('',(#9657,#9658),#806,.F.);
#10526=ADVANCED_FACE('',(#9659,#9660),#807,.F.);
#10527=ADVANCED_FACE('',(#9661),#10021,.T.);
#10528=ADVANCED_FACE('',(#9662,#9663),#808,.F.);
#10529=ADVANCED_FACE('',(#9664,#9665),#809,.F.);
#10530=ADVANCED_FACE('',(#9666,#9667,#9668,#9669,#9670,#9671,#9672),#10022,
 .T.);
#10531=ADVANCED_FACE('',(#9673,#9674,#9675,#9676,#9677,#9678,#9679),#10023,
 .F.);
#10532=ADVANCED_FACE('',(#9680),#10024,.F.);
#10533=ADVANCED_FACE('',(#9681),#10025,.F.);
#10534=ADVANCED_FACE('',(#9682),#10026,.T.);
#10535=ADVANCED_FACE('',(#9683),#10027,.T.);
#10536=ADVANCED_FACE('',(#9684),#810,.T.);
#10537=ADVANCED_FACE('',(#9685),#10028,.F.);
#10538=ADVANCED_FACE('',(#9686),#811,.T.);
#10539=ADVANCED_FACE('',(#9687),#10029,.F.);
#10540=ADVANCED_FACE('',(#9688),#812,.F.);
#10541=ADVANCED_FACE('',(#9689),#10030,.F.);
#10542=ADVANCED_FACE('',(#9690),#813,.F.);
#10543=ADVANCED_FACE('',(#9691),#10031,.F.);
#10544=ADVANCED_FACE('',(#9692),#814,.T.);
#10545=ADVANCED_FACE('',(#9693),#10032,.T.);
#10546=ADVANCED_FACE('',(#9694),#815,.T.);
#10547=ADVANCED_FACE('',(#9695),#10033,.T.);
#10548=ADVANCED_FACE('',(#9696),#10034,.T.);
#10549=ADVANCED_FACE('',(#9697),#10035,.F.);
#10550=ADVANCED_FACE('',(#9698),#816,.T.);
#10551=ADVANCED_FACE('',(#9699),#10036,.F.);
#10552=ADVANCED_FACE('',(#9700,#9701),#817,.F.);
#10553=ADVANCED_FACE('',(#9702,#9703),#818,.F.);
#10554=ADVANCED_FACE('',(#9704,#9705),#819,.F.);
#10555=ADVANCED_FACE('',(#9706,#9707),#820,.F.);
#10556=ADVANCED_FACE('',(#9708,#9709),#821,.F.);
#10557=ADVANCED_FACE('',(#9710,#9711),#822,.F.);
#10558=ADVANCED_FACE('',(#9712),#823,.T.);
#10559=ADVANCED_FACE('',(#9713,#9714),#824,.F.);
#10560=ADVANCED_FACE('',(#9715,#9716),#825,.F.);
#10561=ADVANCED_FACE('',(#9717,#9718),#826,.F.);
#10562=ADVANCED_FACE('',(#9719,#9720),#827,.F.);
#10563=ADVANCED_FACE('',(#9721,#9722),#828,.F.);
#10564=ADVANCED_FACE('',(#9723,#9724,#9725,#9726,#9727,#9728,#9729,#9730,
#9731,#9732,#9733,#9734),#10037,.T.);
#10565=ADVANCED_FACE('',(#9735,#9736,#9737,#9738,#9739,#9740,#9741,#9742,
#9743,#9744,#9745,#9746),#10038,.F.);
#10566=ADVANCED_FACE('',(#9747),#829,.T.);
#10567=ADVANCED_FACE('',(#9748),#830,.T.);
#10568=ADVANCED_FACE('',(#9749),#10039,.F.);
#10569=ADVANCED_FACE('',(#9750),#10040,.F.);
#10570=ADVANCED_FACE('',(#9751),#10041,.T.);
#10571=ADVANCED_FACE('',(#9752),#10042,.T.);
#10572=ADVANCED_FACE('',(#9753),#10043,.T.);
#10573=ADVANCED_FACE('',(#9754),#10044,.T.);
#10574=ADVANCED_FACE('',(#9755),#10045,.T.);
#10575=ADVANCED_FACE('',(#9756),#10046,.T.);
#10576=ADVANCED_FACE('',(#9757),#10047,.T.);
#10577=ADVANCED_FACE('',(#9758),#10048,.F.);
#10578=ADVANCED_FACE('',(#9759),#10049,.T.);
#10579=ADVANCED_FACE('',(#9760),#10050,.T.);
#10580=ADVANCED_FACE('',(#9761),#10051,.T.);
#10581=ADVANCED_FACE('',(#9762),#10052,.T.);
#10582=ADVANCED_FACE('',(#9763),#10053,.F.);
#10583=ADVANCED_FACE('',(#9764),#10054,.F.);
#10584=ADVANCED_FACE('',(#9765),#10055,.T.);
#10585=ADVANCED_FACE('',(#9766),#10056,.T.);
#10586=ADVANCED_FACE('',(#9767),#10057,.F.);
#10587=CLOSED_SHELL('',(#10058,#10059,#10060,#10061,#10062,#10063,#10064,
#10065,#10066,#10067,#10068,#10069,#10070,#10071,#10072,#10073,#10074,#10075,
#10076,#10077,#10078,#10079,#10080,#10081,#10082,#10083,#10084,#10085,#10086,
#10087,#10088,#10089,#10090,#10091,#10092,#10093,#10094,#10095,#10096,#10097,
#10098,#10099,#10100,#10101,#10102,#10103,#10104,#10105,#10106,#10107,#10108,
#10109,#10110,#10111,#10112,#10113,#10114,#10115,#10116,#10117,#10118,#10119,
#10120,#10121,#10122,#10123,#10124,#10125,#10126,#10127,#10128,#10129,#10130,
#10131,#10132,#10133,#10134,#10135,#10136,#10137,#10138,#10139,#10140,#10141,
#10142,#10143,#10144,#10145,#10146,#10147,#10148,#10149,#10150,#10151,#10152,
#10153,#10154,#10155,#10156,#10157,#10158,#10159,#10160,#10161,#10162,#10163,
#10164,#10165,#10166,#10167,#10168,#10169,#10170,#10171,#10172,#10173,#10174,
#10175,#10176,#10177,#10178,#10179,#10180,#10181,#10182,#10183,#10184,#10185,
#10186,#10187,#10188,#10189,#10190,#10191,#10192,#10193,#10194,#10195,#10196,
#10197,#10198,#10199,#10200,#10201,#10202,#10203,#10204,#10205,#10206,#10207,
#10208,#10209,#10210,#10211,#10212,#10213,#10214,#10215,#10216,#10217,#10218,
#10219,#10220,#10221,#10222,#10223,#10224,#10225,#10226,#10227,#10228,#10229,
#10230,#10231,#10232,#10233,#10234,#10235,#10236,#10237,#10238,#10239,#10240,
#10241,#10242,#10243,#10244,#10245,#10246,#10247,#10248,#10249,#10250,#10251));
#10588=CLOSED_SHELL('',(#10252,#10253,#10254,#10255,#10256,#10257,#10258,
#10259,#10260,#10261,#10262,#10263,#10264,#10265,#10266,#10267,#10268,#10269,
#10270,#10271,#10272,#10273,#10274,#10275,#10276,#10277,#10278,#10279,#10280,
#10281,#10282,#10283,#10284,#10285,#10286,#10287,#10288,#10289,#10290,#10291,
#10292,#10293,#10294,#10295,#10296,#10297,#10298,#10299,#10300,#10301,#10302,
#10303,#10304,#10305,#10306,#10307,#10308,#10309,#10310,#10311,#10312,#10313,
#10314,#10315,#10316,#10317,#10318,#10319,#10320,#10321,#10322,#10323,#10324,
#10325,#10326,#10327,#10328,#10329,#10330,#10331,#10332,#10333,#10334,#10335,
#10336,#10337,#10338,#10339,#10340,#10341,#10342,#10343,#10344,#10345,#10346,
#10347,#10348,#10349,#10350,#10351,#10352,#10353,#10354,#10355,#10356,#10357,
#10358,#10359,#10360,#10361,#10362,#10363,#10364,#10365,#10366,#10367,#10368,
#10369,#10370,#10371,#10372,#10373,#10374,#10375,#10376,#10377,#10378,#10379,
#10380,#10381,#10382,#10383,#10384,#10385,#10386,#10387,#10388,#10389,#10390,
#10391,#10392,#10393,#10394,#10395,#10396,#10397,#10398,#10399,#10400,#10401,
#10402,#10403,#10404,#10405,#10406,#10407,#10408,#10409,#10410,#10411,#10412,
#10413,#10414,#10415,#10416,#10417,#10418,#10419,#10420,#10421,#10422,#10423,
#10424,#10425,#10426,#10427,#10428,#10429,#10430,#10431,#10432,#10433,#10434,
#10435,#10436,#10437,#10438,#10439,#10440,#10441,#10442,#10443,#10444,#10445));
#10589=CLOSED_SHELL('',(#10446,#10447,#10448,#10449,#10450,#10451,#10452,
#10453,#10454,#10455,#10456,#10457,#10458,#10459,#10460,#10461,#10462,#10463,
#10464,#10465,#10466,#10467,#10468,#10469,#10470,#10471,#10472,#10473,#10474,
#10475,#10476,#10477,#10478,#10479,#10480,#10481,#10482,#10483,#10484,#10485,
#10486,#10487,#10488,#10489,#10490,#10491,#10492,#10493,#10494,#10495,#10496,
#10497,#10498,#10499,#10500,#10501,#10502,#10503,#10504,#10505,#10506,#10507,
#10508,#10509,#10510,#10511,#10512));
#10590=CLOSED_SHELL('',(#10513,#10514,#10515,#10516,#10517,#10518,#10519,
#10520,#10521,#10522,#10523,#10524,#10525,#10526,#10527,#10528,#10529,#10530,
#10531,#10532));
#10591=CLOSED_SHELL('',(#10533,#10534,#10535,#10536,#10537,#10538,#10539,
#10540,#10541,#10542,#10543,#10544,#10545,#10546,#10547,#10548,#10549,#10550,
#10551,#10552,#10553,#10554,#10555,#10556,#10557,#10558,#10559,#10560,#10561,
#10562,#10563,#10564,#10565,#10566,#10567));
#10592=CLOSED_SHELL('',(#10568,#10569,#10570,#10571,#10572,#10573,#10574,
#10575,#10576,#10577,#10578,#10579,#10580,#10581,#10582,#10583,#10584,#10585,
#10586));
#10593=STYLED_ITEM('',(#10599),#10639);
#10594=STYLED_ITEM('',(#10600),#10640);
#10595=STYLED_ITEM('',(#10601),#10641);
#10596=STYLED_ITEM('',(#10602),#10642);
#10597=STYLED_ITEM('',(#10603),#10643);
#10598=STYLED_ITEM('',(#10604),#10644);
#10599=PRESENTATION_STYLE_ASSIGNMENT((#10605));
#10600=PRESENTATION_STYLE_ASSIGNMENT((#10606));
#10601=PRESENTATION_STYLE_ASSIGNMENT((#10607));
#10602=PRESENTATION_STYLE_ASSIGNMENT((#10608));
#10603=PRESENTATION_STYLE_ASSIGNMENT((#10609));
#10604=PRESENTATION_STYLE_ASSIGNMENT((#10610));
#10605=SURFACE_STYLE_USAGE(.BOTH.,#10611);
#10606=SURFACE_STYLE_USAGE(.BOTH.,#10612);
#10607=SURFACE_STYLE_USAGE(.BOTH.,#10613);
#10608=SURFACE_STYLE_USAGE(.BOTH.,#10614);
#10609=SURFACE_STYLE_USAGE(.BOTH.,#10615);
#10610=SURFACE_STYLE_USAGE(.BOTH.,#10616);
#10611=SURFACE_SIDE_STYLE('',(#10617));
#10612=SURFACE_SIDE_STYLE('',(#10618));
#10613=SURFACE_SIDE_STYLE('',(#10619));
#10614=SURFACE_SIDE_STYLE('',(#10620));
#10615=SURFACE_SIDE_STYLE('',(#10621));
#10616=SURFACE_SIDE_STYLE('',(#10622));
#10617=SURFACE_STYLE_FILL_AREA(#10623);
#10618=SURFACE_STYLE_FILL_AREA(#10624);
#10619=SURFACE_STYLE_FILL_AREA(#10625);
#10620=SURFACE_STYLE_FILL_AREA(#10626);
#10621=SURFACE_STYLE_FILL_AREA(#10627);
#10622=SURFACE_STYLE_FILL_AREA(#10628);
#10623=FILL_AREA_STYLE('',(#10629));
#10624=FILL_AREA_STYLE('',(#10630));
#10625=FILL_AREA_STYLE('',(#10631));
#10626=FILL_AREA_STYLE('',(#10632));
#10627=FILL_AREA_STYLE('',(#10633));
#10628=FILL_AREA_STYLE('',(#10634));
#10629=FILL_AREA_STYLE_COLOUR('',#10635);
#10630=FILL_AREA_STYLE_COLOUR('',#10635);
#10631=FILL_AREA_STYLE_COLOUR('',#10636);
#10632=FILL_AREA_STYLE_COLOUR('',#10637);
#10633=FILL_AREA_STYLE_COLOUR('',#10637);
#10634=FILL_AREA_STYLE_COLOUR('',#10638);
#10635=COLOUR_RGB('',0.701960784313725,0.701960784313725,0.701960784313725);
#10636=COLOUR_RGB('',0.972549019607843,0.529411764705882,0.00392156862745098);
#10637=COLOUR_RGB('',0.615686274509804,0.811764705882353,0.929411764705882);
#10638=COLOUR_RGB('',0.231372549019608,0.380392156862745,0.705882352941177);
#10639=MANIFOLD_SOLID_BREP('Part 1',#10587);
#10640=MANIFOLD_SOLID_BREP('Part 1',#10588);
#10641=MANIFOLD_SOLID_BREP('Part 1',#10589);
#10642=MANIFOLD_SOLID_BREP('Part 1',#10590);
#10643=MANIFOLD_SOLID_BREP('Part 1',#10591);
#10644=MANIFOLD_SOLID_BREP('Part 2',#10592);
#10645=SHAPE_DEFINITION_REPRESENTATION(#17905,#10654);
#10646=SHAPE_DEFINITION_REPRESENTATION(#17906,#10655);
#10647=SHAPE_DEFINITION_REPRESENTATION(#17908,#10656);
#10648=SHAPE_DEFINITION_REPRESENTATION(#17910,#10657);
#10649=SHAPE_DEFINITION_REPRESENTATION(#17913,#10658);
#10650=SHAPE_DEFINITION_REPRESENTATION(#17916,#10659);
#10651=SHAPE_DEFINITION_REPRESENTATION(#17920,#10660);
#10652=SHAPE_DEFINITION_REPRESENTATION(#17921,#10661);
#10653=SHAPE_DEFINITION_REPRESENTATION(#17929,#10662);
#10654=SHAPE_REPRESENTATION('Assembly 1',(#10663,#11042,#11421,#11535,#11536,
#11579,#11580,#11658,#11659,#11660,#11683,#11684,#11685,#11686,#11690,#11691,
#11692,#11693),#17884);
#10655=SHAPE_REPRESENTATION('Part 1',(#10663),#17885);
#10656=SHAPE_REPRESENTATION('Part 1',(#10663),#17886);
#10657=SHAPE_REPRESENTATION('Part 1',(#10663),#17887);
#10658=SHAPE_REPRESENTATION('Part 1',(#10663),#17888);
#10659=SHAPE_REPRESENTATION('Part 1',(#10663),#17889);
#10660=SHAPE_REPRESENTATION('Assembly 2 <1>',(#10663,#11680,#11681,#11682),
#17890);
#10661=SHAPE_REPRESENTATION('Part 2',(#10663),#17891);
#10662=SHAPE_REPRESENTATION('Assembly 2 <2>',(#10663,#11687,#11688,#11689),
#17892);
#10663=AXIS2_PLACEMENT_3D('',#14791,#11694,#11695);
#10664=AXIS2_PLACEMENT_3D('',#14792,#11696,#11697);
#10665=AXIS2_PLACEMENT_3D('',#14801,#11702,#11703);
#10666=AXIS2_PLACEMENT_3D('',#14802,#11704,#11705);
#10667=AXIS2_PLACEMENT_3D('',#14806,#11707,#11708);
#10668=AXIS2_PLACEMENT_3D('',#14807,#11709,#11710);
#10669=AXIS2_PLACEMENT_3D('',#14813,#11714,#11715);
#10670=AXIS2_PLACEMENT_3D('',#14814,#11716,#11717);
#10671=AXIS2_PLACEMENT_3D('',#14818,#11719,#11720);
#10672=AXIS2_PLACEMENT_3D('',#14819,#11721,#11722);
#10673=AXIS2_PLACEMENT_3D('',#14825,#11726,#11727);
#10674=AXIS2_PLACEMENT_3D('',#14826,#11728,#11729);
#10675=AXIS2_PLACEMENT_3D('',#14830,#11731,#11732);
#10676=AXIS2_PLACEMENT_3D('',#14831,#11733,#11734);
#10677=AXIS2_PLACEMENT_3D('',#14837,#11738,#11739);
#10678=AXIS2_PLACEMENT_3D('',#14838,#11740,#11741);
#10679=AXIS2_PLACEMENT_3D('',#14842,#11743,#11744);
#10680=AXIS2_PLACEMENT_3D('',#14843,#11745,#11746);
#10681=AXIS2_PLACEMENT_3D('',#14849,#11750,#11751);
#10682=AXIS2_PLACEMENT_3D('',#14850,#11752,#11753);
#10683=AXIS2_PLACEMENT_3D('',#14854,#11755,#11756);
#10684=AXIS2_PLACEMENT_3D('',#14855,#11757,#11758);
#10685=AXIS2_PLACEMENT_3D('',#14861,#11762,#11763);
#10686=AXIS2_PLACEMENT_3D('',#14862,#11764,#11765);
#10687=AXIS2_PLACEMENT_3D('',#14866,#11767,#11768);
#10688=AXIS2_PLACEMENT_3D('',#14867,#11769,#11770);
#10689=AXIS2_PLACEMENT_3D('',#14873,#11774,#11775);
#10690=AXIS2_PLACEMENT_3D('',#14874,#11776,#11777);
#10691=AXIS2_PLACEMENT_3D('',#14878,#11779,#11780);
#10692=AXIS2_PLACEMENT_3D('',#14879,#11781,#11782);
#10693=AXIS2_PLACEMENT_3D('',#14885,#11786,#11787);
#10694=AXIS2_PLACEMENT_3D('',#14886,#11788,#11789);
#10695=AXIS2_PLACEMENT_3D('',#14890,#11791,#11792);
#10696=AXIS2_PLACEMENT_3D('',#14891,#11793,#11794);
#10697=AXIS2_PLACEMENT_3D('',#14897,#11798,#11799);
#10698=AXIS2_PLACEMENT_3D('',#14898,#11800,#11801);
#10699=AXIS2_PLACEMENT_3D('',#14902,#11803,#11804);
#10700=AXIS2_PLACEMENT_3D('',#14903,#11805,#11806);
#10701=AXIS2_PLACEMENT_3D('',#14909,#11810,#11811);
#10702=AXIS2_PLACEMENT_3D('',#14910,#11812,#11813);
#10703=AXIS2_PLACEMENT_3D('',#14914,#11815,#11816);
#10704=AXIS2_PLACEMENT_3D('',#14915,#11817,#11818);
#10705=AXIS2_PLACEMENT_3D('',#14921,#11822,#11823);
#10706=AXIS2_PLACEMENT_3D('',#14922,#11824,#11825);
#10707=AXIS2_PLACEMENT_3D('',#14926,#11827,#11828);
#10708=AXIS2_PLACEMENT_3D('',#14927,#11829,#11830);
#10709=AXIS2_PLACEMENT_3D('',#14933,#11834,#11835);
#10710=AXIS2_PLACEMENT_3D('',#14934,#11836,#11837);
#10711=AXIS2_PLACEMENT_3D('',#14938,#11839,#11840);
#10712=AXIS2_PLACEMENT_3D('',#14939,#11841,#11842);
#10713=AXIS2_PLACEMENT_3D('',#14945,#11846,#11847);
#10714=AXIS2_PLACEMENT_3D('',#14946,#11848,#11849);
#10715=AXIS2_PLACEMENT_3D('',#14950,#11851,#11852);
#10716=AXIS2_PLACEMENT_3D('',#14951,#11853,#11854);
#10717=AXIS2_PLACEMENT_3D('',#14957,#11858,#11859);
#10718=AXIS2_PLACEMENT_3D('',#14958,#11860,#11861);
#10719=AXIS2_PLACEMENT_3D('',#14962,#11863,#11864);
#10720=AXIS2_PLACEMENT_3D('',#14963,#11865,#11866);
#10721=AXIS2_PLACEMENT_3D('',#14969,#11870,#11871);
#10722=AXIS2_PLACEMENT_3D('',#14970,#11872,#11873);
#10723=AXIS2_PLACEMENT_3D('',#14974,#11875,#11876);
#10724=AXIS2_PLACEMENT_3D('',#14975,#11877,#11878);
#10725=AXIS2_PLACEMENT_3D('',#14981,#11882,#11883);
#10726=AXIS2_PLACEMENT_3D('',#14982,#11884,#11885);
#10727=AXIS2_PLACEMENT_3D('',#14986,#11887,#11888);
#10728=AXIS2_PLACEMENT_3D('',#14987,#11889,#11890);
#10729=AXIS2_PLACEMENT_3D('',#14993,#11894,#11895);
#10730=AXIS2_PLACEMENT_3D('',#14994,#11896,#11897);
#10731=AXIS2_PLACEMENT_3D('',#14998,#11899,#11900);
#10732=AXIS2_PLACEMENT_3D('',#14999,#11901,#11902);
#10733=AXIS2_PLACEMENT_3D('',#15005,#11906,#11907);
#10734=AXIS2_PLACEMENT_3D('',#15006,#11908,#11909);
#10735=AXIS2_PLACEMENT_3D('',#15010,#11911,#11912);
#10736=AXIS2_PLACEMENT_3D('',#15011,#11913,#11914);
#10737=AXIS2_PLACEMENT_3D('',#15017,#11918,#11919);
#10738=AXIS2_PLACEMENT_3D('',#15018,#11920,#11921);
#10739=AXIS2_PLACEMENT_3D('',#15022,#11923,#11924);
#10740=AXIS2_PLACEMENT_3D('',#15023,#11925,#11926);
#10741=AXIS2_PLACEMENT_3D('',#15029,#11930,#11931);
#10742=AXIS2_PLACEMENT_3D('',#15030,#11932,#11933);
#10743=AXIS2_PLACEMENT_3D('',#15034,#11935,#11936);
#10744=AXIS2_PLACEMENT_3D('',#15035,#11937,#11938);
#10745=AXIS2_PLACEMENT_3D('',#15041,#11942,#11943);
#10746=AXIS2_PLACEMENT_3D('',#15042,#11944,#11945);
#10747=AXIS2_PLACEMENT_3D('',#15046,#11947,#11948);
#10748=AXIS2_PLACEMENT_3D('',#15047,#11949,#11950);
#10749=AXIS2_PLACEMENT_3D('',#15053,#11954,#11955);
#10750=AXIS2_PLACEMENT_3D('',#15054,#11956,#11957);
#10751=AXIS2_PLACEMENT_3D('',#15058,#11959,#11960);
#10752=AXIS2_PLACEMENT_3D('',#15059,#11961,#11962);
#10753=AXIS2_PLACEMENT_3D('',#15065,#11966,#11967);
#10754=AXIS2_PLACEMENT_3D('',#15066,#11968,#11969);
#10755=AXIS2_PLACEMENT_3D('',#15070,#11971,#11972);
#10756=AXIS2_PLACEMENT_3D('',#15071,#11973,#11974);
#10757=AXIS2_PLACEMENT_3D('',#15077,#11978,#11979);
#10758=AXIS2_PLACEMENT_3D('',#15078,#11980,#11981);
#10759=AXIS2_PLACEMENT_3D('',#15082,#11983,#11984);
#10760=AXIS2_PLACEMENT_3D('',#15083,#11985,#11986);
#10761=AXIS2_PLACEMENT_3D('',#15089,#11990,#11991);
#10762=AXIS2_PLACEMENT_3D('',#15090,#11992,#11993);
#10763=AXIS2_PLACEMENT_3D('',#15094,#11995,#11996);
#10764=AXIS2_PLACEMENT_3D('',#15095,#11997,#11998);
#10765=AXIS2_PLACEMENT_3D('',#15101,#12002,#12003);
#10766=AXIS2_PLACEMENT_3D('',#15102,#12004,#12005);
#10767=AXIS2_PLACEMENT_3D('',#15106,#12007,#12008);
#10768=AXIS2_PLACEMENT_3D('',#15107,#12009,#12010);
#10769=AXIS2_PLACEMENT_3D('',#15113,#12014,#12015);
#10770=AXIS2_PLACEMENT_3D('',#15114,#12016,#12017);
#10771=AXIS2_PLACEMENT_3D('',#15118,#12019,#12020);
#10772=AXIS2_PLACEMENT_3D('',#15119,#12021,#12022);
#10773=AXIS2_PLACEMENT_3D('',#15125,#12026,#12027);
#10774=AXIS2_PLACEMENT_3D('',#15126,#12028,#12029);
#10775=AXIS2_PLACEMENT_3D('',#15130,#12031,#12032);
#10776=AXIS2_PLACEMENT_3D('',#15131,#12033,#12034);
#10777=AXIS2_PLACEMENT_3D('',#15137,#12038,#12039);
#10778=AXIS2_PLACEMENT_3D('',#15138,#12040,#12041);
#10779=AXIS2_PLACEMENT_3D('',#15142,#12043,#12044);
#10780=AXIS2_PLACEMENT_3D('',#15143,#12045,#12046);
#10781=AXIS2_PLACEMENT_3D('',#15149,#12050,#12051);
#10782=AXIS2_PLACEMENT_3D('',#15150,#12052,#12053);
#10783=AXIS2_PLACEMENT_3D('',#15154,#12055,#12056);
#10784=AXIS2_PLACEMENT_3D('',#15155,#12057,#12058);
#10785=AXIS2_PLACEMENT_3D('',#15161,#12062,#12063);
#10786=AXIS2_PLACEMENT_3D('',#15162,#12064,#12065);
#10787=AXIS2_PLACEMENT_3D('',#15166,#12067,#12068);
#10788=AXIS2_PLACEMENT_3D('',#15167,#12069,#12070);
#10789=AXIS2_PLACEMENT_3D('',#15173,#12074,#12075);
#10790=AXIS2_PLACEMENT_3D('',#15174,#12076,#12077);
#10791=AXIS2_PLACEMENT_3D('',#15178,#12079,#12080);
#10792=AXIS2_PLACEMENT_3D('',#15179,#12081,#12082);
#10793=AXIS2_PLACEMENT_3D('',#15185,#12086,#12087);
#10794=AXIS2_PLACEMENT_3D('',#15186,#12088,#12089);
#10795=AXIS2_PLACEMENT_3D('',#15190,#12091,#12092);
#10796=AXIS2_PLACEMENT_3D('',#15191,#12093,#12094);
#10797=AXIS2_PLACEMENT_3D('',#15197,#12098,#12099);
#10798=AXIS2_PLACEMENT_3D('',#15198,#12100,#12101);
#10799=AXIS2_PLACEMENT_3D('',#15202,#12103,#12104);
#10800=AXIS2_PLACEMENT_3D('',#15203,#12105,#12106);
#10801=AXIS2_PLACEMENT_3D('',#15209,#12110,#12111);
#10802=AXIS2_PLACEMENT_3D('',#15210,#12112,#12113);
#10803=AXIS2_PLACEMENT_3D('',#15214,#12115,#12116);
#10804=AXIS2_PLACEMENT_3D('',#15215,#12117,#12118);
#10805=AXIS2_PLACEMENT_3D('',#15221,#12122,#12123);
#10806=AXIS2_PLACEMENT_3D('',#15222,#12124,#12125);
#10807=AXIS2_PLACEMENT_3D('',#15226,#12127,#12128);
#10808=AXIS2_PLACEMENT_3D('',#15227,#12129,#12130);
#10809=AXIS2_PLACEMENT_3D('',#15233,#12134,#12135);
#10810=AXIS2_PLACEMENT_3D('',#15234,#12136,#12137);
#10811=AXIS2_PLACEMENT_3D('',#15238,#12139,#12140);
#10812=AXIS2_PLACEMENT_3D('',#15239,#12141,#12142);
#10813=AXIS2_PLACEMENT_3D('',#15245,#12146,#12147);
#10814=AXIS2_PLACEMENT_3D('',#15246,#12148,#12149);
#10815=AXIS2_PLACEMENT_3D('',#15250,#12151,#12152);
#10816=AXIS2_PLACEMENT_3D('',#15251,#12153,#12154);
#10817=AXIS2_PLACEMENT_3D('',#15257,#12158,#12159);
#10818=AXIS2_PLACEMENT_3D('',#15258,#12160,#12161);
#10819=AXIS2_PLACEMENT_3D('',#15262,#12163,#12164);
#10820=AXIS2_PLACEMENT_3D('',#15263,#12165,#12166);
#10821=AXIS2_PLACEMENT_3D('',#15269,#12170,#12171);
#10822=AXIS2_PLACEMENT_3D('',#15270,#12172,#12173);
#10823=AXIS2_PLACEMENT_3D('',#15274,#12175,#12176);
#10824=AXIS2_PLACEMENT_3D('',#15275,#12177,#12178);
#10825=AXIS2_PLACEMENT_3D('',#15281,#12182,#12183);
#10826=AXIS2_PLACEMENT_3D('',#15282,#12184,#12185);
#10827=AXIS2_PLACEMENT_3D('',#15286,#12187,#12188);
#10828=AXIS2_PLACEMENT_3D('',#15287,#12189,#12190);
#10829=AXIS2_PLACEMENT_3D('',#15293,#12194,#12195);
#10830=AXIS2_PLACEMENT_3D('',#15294,#12196,#12197);
#10831=AXIS2_PLACEMENT_3D('',#15298,#12199,#12200);
#10832=AXIS2_PLACEMENT_3D('',#15299,#12201,#12202);
#10833=AXIS2_PLACEMENT_3D('',#15305,#12206,#12207);
#10834=AXIS2_PLACEMENT_3D('',#15306,#12208,#12209);
#10835=AXIS2_PLACEMENT_3D('',#15310,#12211,#12212);
#10836=AXIS2_PLACEMENT_3D('',#15311,#12213,#12214);
#10837=AXIS2_PLACEMENT_3D('',#15317,#12218,#12219);
#10838=AXIS2_PLACEMENT_3D('',#15318,#12220,#12221);
#10839=AXIS2_PLACEMENT_3D('',#15322,#12223,#12224);
#10840=AXIS2_PLACEMENT_3D('',#15323,#12225,#12226);
#10841=AXIS2_PLACEMENT_3D('',#15329,#12230,#12231);
#10842=AXIS2_PLACEMENT_3D('',#15330,#12232,#12233);
#10843=AXIS2_PLACEMENT_3D('',#15334,#12235,#12236);
#10844=AXIS2_PLACEMENT_3D('',#15335,#12237,#12238);
#10845=AXIS2_PLACEMENT_3D('',#15341,#12242,#12243);
#10846=AXIS2_PLACEMENT_3D('',#15342,#12244,#12245);
#10847=AXIS2_PLACEMENT_3D('',#15346,#12247,#12248);
#10848=AXIS2_PLACEMENT_3D('',#15347,#12249,#12250);
#10849=AXIS2_PLACEMENT_3D('',#15353,#12254,#12255);
#10850=AXIS2_PLACEMENT_3D('',#15354,#12256,#12257);
#10851=AXIS2_PLACEMENT_3D('',#15358,#12259,#12260);
#10852=AXIS2_PLACEMENT_3D('',#15359,#12261,#12262);
#10853=AXIS2_PLACEMENT_3D('',#15365,#12266,#12267);
#10854=AXIS2_PLACEMENT_3D('',#15366,#12268,#12269);
#10855=AXIS2_PLACEMENT_3D('',#15370,#12271,#12272);
#10856=AXIS2_PLACEMENT_3D('',#15371,#12273,#12274);
#10857=AXIS2_PLACEMENT_3D('',#15377,#12278,#12279);
#10858=AXIS2_PLACEMENT_3D('',#15378,#12280,#12281);
#10859=AXIS2_PLACEMENT_3D('',#15382,#12283,#12284);
#10860=AXIS2_PLACEMENT_3D('',#15383,#12285,#12286);
#10861=AXIS2_PLACEMENT_3D('',#15389,#12290,#12291);
#10862=AXIS2_PLACEMENT_3D('',#15390,#12292,#12293);
#10863=AXIS2_PLACEMENT_3D('',#15394,#12295,#12296);
#10864=AXIS2_PLACEMENT_3D('',#15395,#12297,#12298);
#10865=AXIS2_PLACEMENT_3D('',#15401,#12302,#12303);
#10866=AXIS2_PLACEMENT_3D('',#15402,#12304,#12305);
#10867=AXIS2_PLACEMENT_3D('',#15406,#12307,#12308);
#10868=AXIS2_PLACEMENT_3D('',#15407,#12309,#12310);
#10869=AXIS2_PLACEMENT_3D('',#15413,#12314,#12315);
#10870=AXIS2_PLACEMENT_3D('',#15414,#12316,#12317);
#10871=AXIS2_PLACEMENT_3D('',#15418,#12319,#12320);
#10872=AXIS2_PLACEMENT_3D('',#15419,#12321,#12322);
#10873=AXIS2_PLACEMENT_3D('',#15425,#12326,#12327);
#10874=AXIS2_PLACEMENT_3D('',#15426,#12328,#12329);
#10875=AXIS2_PLACEMENT_3D('',#15430,#12331,#12332);
#10876=AXIS2_PLACEMENT_3D('',#15431,#12333,#12334);
#10877=AXIS2_PLACEMENT_3D('',#15437,#12338,#12339);
#10878=AXIS2_PLACEMENT_3D('',#15438,#12340,#12341);
#10879=AXIS2_PLACEMENT_3D('',#15442,#12343,#12344);
#10880=AXIS2_PLACEMENT_3D('',#15443,#12345,#12346);
#10881=AXIS2_PLACEMENT_3D('',#15449,#12350,#12351);
#10882=AXIS2_PLACEMENT_3D('',#15450,#12352,#12353);
#10883=AXIS2_PLACEMENT_3D('',#15454,#12355,#12356);
#10884=AXIS2_PLACEMENT_3D('',#15455,#12357,#12358);
#10885=AXIS2_PLACEMENT_3D('',#15461,#12362,#12363);
#10886=AXIS2_PLACEMENT_3D('',#15462,#12364,#12365);
#10887=AXIS2_PLACEMENT_3D('',#15466,#12367,#12368);
#10888=AXIS2_PLACEMENT_3D('',#15467,#12369,#12370);
#10889=AXIS2_PLACEMENT_3D('',#15473,#12374,#12375);
#10890=AXIS2_PLACEMENT_3D('',#15474,#12376,#12377);
#10891=AXIS2_PLACEMENT_3D('',#15478,#12379,#12380);
#10892=AXIS2_PLACEMENT_3D('',#15479,#12381,#12382);
#10893=AXIS2_PLACEMENT_3D('',#15485,#12386,#12387);
#10894=AXIS2_PLACEMENT_3D('',#15486,#12388,#12389);
#10895=AXIS2_PLACEMENT_3D('',#15490,#12391,#12392);
#10896=AXIS2_PLACEMENT_3D('',#15491,#12393,#12394);
#10897=AXIS2_PLACEMENT_3D('',#15497,#12398,#12399);
#10898=AXIS2_PLACEMENT_3D('',#15498,#12400,#12401);
#10899=AXIS2_PLACEMENT_3D('',#15502,#12403,#12404);
#10900=AXIS2_PLACEMENT_3D('',#15503,#12405,#12406);
#10901=AXIS2_PLACEMENT_3D('',#15509,#12410,#12411);
#10902=AXIS2_PLACEMENT_3D('',#15510,#12412,#12413);
#10903=AXIS2_PLACEMENT_3D('',#15515,#12415,#12416);
#10904=AXIS2_PLACEMENT_3D('',#15518,#12418,#12419);
#10905=AXIS2_PLACEMENT_3D('',#15524,#12423,#12424);
#10906=AXIS2_PLACEMENT_3D('',#15525,#12425,#12426);
#10907=AXIS2_PLACEMENT_3D('',#15529,#12428,#12429);
#10908=AXIS2_PLACEMENT_3D('',#15530,#12430,#12431);
#10909=AXIS2_PLACEMENT_3D('',#15536,#12435,#12436);
#10910=AXIS2_PLACEMENT_3D('',#15537,#12437,#12438);
#10911=AXIS2_PLACEMENT_3D('',#15541,#12440,#12441);
#10912=AXIS2_PLACEMENT_3D('',#15542,#12442,#12443);
#10913=AXIS2_PLACEMENT_3D('',#15548,#12447,#12448);
#10914=AXIS2_PLACEMENT_3D('',#15549,#12449,#12450);
#10915=AXIS2_PLACEMENT_3D('',#15553,#12452,#12453);
#10916=AXIS2_PLACEMENT_3D('',#15554,#12454,#12455);
#10917=AXIS2_PLACEMENT_3D('',#15555,#12456,#12457);
#10918=AXIS2_PLACEMENT_3D('',#15560,#12459,#12460);
#10919=AXIS2_PLACEMENT_3D('',#15563,#12462,#12463);
#10920=AXIS2_PLACEMENT_3D('',#15569,#12467,#12468);
#10921=AXIS2_PLACEMENT_3D('',#15570,#12469,#12470);
#10922=AXIS2_PLACEMENT_3D('',#15574,#12472,#12473);
#10923=AXIS2_PLACEMENT_3D('',#15575,#12474,#12475);
#10924=AXIS2_PLACEMENT_3D('',#15581,#12479,#12480);
#10925=AXIS2_PLACEMENT_3D('',#15582,#12481,#12482);
#10926=AXIS2_PLACEMENT_3D('',#15586,#12484,#12485);
#10927=AXIS2_PLACEMENT_3D('',#15587,#12486,#12487);
#10928=AXIS2_PLACEMENT_3D('',#15593,#12491,#12492);
#10929=AXIS2_PLACEMENT_3D('',#15594,#12493,#12494);
#10930=AXIS2_PLACEMENT_3D('',#15598,#12496,#12497);
#10931=AXIS2_PLACEMENT_3D('',#15599,#12498,#12499);
#10932=AXIS2_PLACEMENT_3D('',#15600,#12500,#12501);
#10933=AXIS2_PLACEMENT_3D('',#15605,#12503,#12504);
#10934=AXIS2_PLACEMENT_3D('',#15608,#12506,#12507);
#10935=AXIS2_PLACEMENT_3D('',#15614,#12511,#12512);
#10936=AXIS2_PLACEMENT_3D('',#15615,#12513,#12514);
#10937=AXIS2_PLACEMENT_3D('',#15619,#12516,#12517);
#10938=AXIS2_PLACEMENT_3D('',#15620,#12518,#12519);
#10939=AXIS2_PLACEMENT_3D('',#15626,#12523,#12524);
#10940=AXIS2_PLACEMENT_3D('',#15627,#12525,#12526);
#10941=AXIS2_PLACEMENT_3D('',#15631,#12528,#12529);
#10942=AXIS2_PLACEMENT_3D('',#15632,#12530,#12531);
#10943=AXIS2_PLACEMENT_3D('',#15638,#12535,#12536);
#10944=AXIS2_PLACEMENT_3D('',#15639,#12537,#12538);
#10945=AXIS2_PLACEMENT_3D('',#15643,#12540,#12541);
#10946=AXIS2_PLACEMENT_3D('',#15644,#12542,#12543);
#10947=AXIS2_PLACEMENT_3D('',#15645,#12544,#12545);
#10948=AXIS2_PLACEMENT_3D('',#15650,#12547,#12548);
#10949=AXIS2_PLACEMENT_3D('',#15653,#12550,#12551);
#10950=AXIS2_PLACEMENT_3D('',#15659,#12555,#12556);
#10951=AXIS2_PLACEMENT_3D('',#15660,#12557,#12558);
#10952=AXIS2_PLACEMENT_3D('',#15664,#12560,#12561);
#10953=AXIS2_PLACEMENT_3D('',#15665,#12562,#12563);
#10954=AXIS2_PLACEMENT_3D('',#15671,#12567,#12568);
#10955=AXIS2_PLACEMENT_3D('',#15672,#12569,#12570);
#10956=AXIS2_PLACEMENT_3D('',#15676,#12572,#12573);
#10957=AXIS2_PLACEMENT_3D('',#15677,#12574,#12575);
#10958=AXIS2_PLACEMENT_3D('',#15683,#12579,#12580);
#10959=AXIS2_PLACEMENT_3D('',#15684,#12581,#12582);
#10960=AXIS2_PLACEMENT_3D('',#15688,#12584,#12585);
#10961=AXIS2_PLACEMENT_3D('',#15689,#12586,#12587);
#10962=AXIS2_PLACEMENT_3D('',#15690,#12588,#12589);
#10963=AXIS2_PLACEMENT_3D('',#15695,#12591,#12592);
#10964=AXIS2_PLACEMENT_3D('',#15698,#12594,#12595);
#10965=AXIS2_PLACEMENT_3D('',#15704,#12599,#12600);
#10966=AXIS2_PLACEMENT_3D('',#15710,#12604,#12605);
#10967=AXIS2_PLACEMENT_3D('',#15711,#12606,#12607);
#10968=AXIS2_PLACEMENT_3D('',#15715,#12609,#12610);
#10969=AXIS2_PLACEMENT_3D('',#15716,#12611,#12612);
#10970=AXIS2_PLACEMENT_3D('',#15722,#12616,#12617);
#10971=AXIS2_PLACEMENT_3D('',#15723,#12618,#12619);
#10972=AXIS2_PLACEMENT_3D('',#15727,#12621,#12622);
#10973=AXIS2_PLACEMENT_3D('',#15728,#12623,#12624);
#10974=AXIS2_PLACEMENT_3D('',#15734,#12628,#12629);
#10975=AXIS2_PLACEMENT_3D('',#15735,#12630,#12631);
#10976=AXIS2_PLACEMENT_3D('',#15739,#12633,#12634);
#10977=AXIS2_PLACEMENT_3D('',#15740,#12635,#12636);
#10978=AXIS2_PLACEMENT_3D('',#15746,#12640,#12641);
#10979=AXIS2_PLACEMENT_3D('',#15752,#12645,#12646);
#10980=AXIS2_PLACEMENT_3D('',#15753,#12647,#12648);
#10981=AXIS2_PLACEMENT_3D('',#15757,#12650,#12651);
#10982=AXIS2_PLACEMENT_3D('',#15758,#12652,#12653);
#10983=AXIS2_PLACEMENT_3D('',#15764,#12657,#12658);
#10984=AXIS2_PLACEMENT_3D('',#15770,#12662,#12663);
#10985=AXIS2_PLACEMENT_3D('',#15771,#12664,#12665);
#10986=AXIS2_PLACEMENT_3D('',#15775,#12667,#12668);
#10987=AXIS2_PLACEMENT_3D('',#15776,#12669,#12670);
#10988=AXIS2_PLACEMENT_3D('',#15782,#12674,#12675);
#10989=AXIS2_PLACEMENT_3D('',#15783,#12676,#12677);
#10990=AXIS2_PLACEMENT_3D('',#15787,#12679,#12680);
#10991=AXIS2_PLACEMENT_3D('',#15788,#12681,#12682);
#10992=AXIS2_PLACEMENT_3D('',#15794,#12686,#12687);
#10993=AXIS2_PLACEMENT_3D('',#15795,#12688,#12689);
#10994=AXIS2_PLACEMENT_3D('',#15799,#12691,#12692);
#10995=AXIS2_PLACEMENT_3D('',#15800,#12693,#12694);
#10996=AXIS2_PLACEMENT_3D('',#15806,#12698,#12699);
#10997=AXIS2_PLACEMENT_3D('',#15812,#12703,#12704);
#10998=AXIS2_PLACEMENT_3D('',#15813,#12705,#12706);
#10999=AXIS2_PLACEMENT_3D('',#15817,#12708,#12709);
#11000=AXIS2_PLACEMENT_3D('',#15818,#12710,#12711);
#11001=AXIS2_PLACEMENT_3D('',#15824,#12715,#12716);
#11002=AXIS2_PLACEMENT_3D('',#15830,#12720,#12721);
#11003=AXIS2_PLACEMENT_3D('',#15831,#12722,#12723);
#11004=AXIS2_PLACEMENT_3D('',#15835,#12725,#12726);
#11005=AXIS2_PLACEMENT_3D('',#15836,#12727,#12728);
#11006=AXIS2_PLACEMENT_3D('',#15842,#12732,#12733);
#11007=AXIS2_PLACEMENT_3D('',#15843,#12734,#12735);
#11008=AXIS2_PLACEMENT_3D('',#15847,#12737,#12738);
#11009=AXIS2_PLACEMENT_3D('',#15848,#12739,#12740);
#11010=AXIS2_PLACEMENT_3D('',#15854,#12744,#12745);
#11011=AXIS2_PLACEMENT_3D('',#15855,#12746,#12747);
#11012=AXIS2_PLACEMENT_3D('',#15859,#12749,#12750);
#11013=AXIS2_PLACEMENT_3D('',#15860,#12751,#12752);
#11014=AXIS2_PLACEMENT_3D('',#15866,#12756,#12757);
#11015=AXIS2_PLACEMENT_3D('',#15872,#12761,#12762);
#11016=AXIS2_PLACEMENT_3D('',#15873,#12763,#12764);
#11017=AXIS2_PLACEMENT_3D('',#15877,#12766,#12767);
#11018=AXIS2_PLACEMENT_3D('',#15878,#12768,#12769);
#11019=AXIS2_PLACEMENT_3D('',#15884,#12773,#12774);
#11020=AXIS2_PLACEMENT_3D('',#15890,#12778,#12779);
#11021=AXIS2_PLACEMENT_3D('',#15891,#12780,#12781);
#11022=AXIS2_PLACEMENT_3D('',#15895,#12783,#12784);
#11023=AXIS2_PLACEMENT_3D('',#15896,#12785,#12786);
#11024=AXIS2_PLACEMENT_3D('',#15902,#12790,#12791);
#11025=AXIS2_PLACEMENT_3D('',#15903,#12792,#12793);
#11026=AXIS2_PLACEMENT_3D('',#15907,#12795,#12796);
#11027=AXIS2_PLACEMENT_3D('',#15908,#12797,#12798);
#11028=AXIS2_PLACEMENT_3D('',#15914,#12802,#12803);
#11029=AXIS2_PLACEMENT_3D('',#15915,#12804,#12805);
#11030=AXIS2_PLACEMENT_3D('',#15919,#12807,#12808);
#11031=AXIS2_PLACEMENT_3D('',#15920,#12809,#12810);
#11032=AXIS2_PLACEMENT_3D('',#15926,#12814,#12815);
#11033=AXIS2_PLACEMENT_3D('',#15929,#12818,#12819);
#11034=AXIS2_PLACEMENT_3D('',#15932,#12822,#12823);
#11035=AXIS2_PLACEMENT_3D('',#15935,#12826,#12827);
#11036=AXIS2_PLACEMENT_3D('',#15938,#12830,#12831);
#11037=AXIS2_PLACEMENT_3D('',#15941,#12834,#12835);
#11038=AXIS2_PLACEMENT_3D('',#15942,#12836,#12837);
#11039=AXIS2_PLACEMENT_3D('',#15943,#12838,#12839);
#11040=AXIS2_PLACEMENT_3D('',#15944,#12840,#12841);
#11041=AXIS2_PLACEMENT_3D('',#15945,#12842,#12843);
#11042=AXIS2_PLACEMENT_3D('',#15946,#12844,#12845);
#11043=AXIS2_PLACEMENT_3D('',#15947,#12846,#12847);
#11044=AXIS2_PLACEMENT_3D('',#15956,#12852,#12853);
#11045=AXIS2_PLACEMENT_3D('',#15957,#12854,#12855);
#11046=AXIS2_PLACEMENT_3D('',#15961,#12857,#12858);
#11047=AXIS2_PLACEMENT_3D('',#15962,#12859,#12860);
#11048=AXIS2_PLACEMENT_3D('',#15968,#12864,#12865);
#11049=AXIS2_PLACEMENT_3D('',#15969,#12866,#12867);
#11050=AXIS2_PLACEMENT_3D('',#15973,#12869,#12870);
#11051=AXIS2_PLACEMENT_3D('',#15974,#12871,#12872);
#11052=AXIS2_PLACEMENT_3D('',#15980,#12876,#12877);
#11053=AXIS2_PLACEMENT_3D('',#15981,#12878,#12879);
#11054=AXIS2_PLACEMENT_3D('',#15985,#12881,#12882);
#11055=AXIS2_PLACEMENT_3D('',#15986,#12883,#12884);
#11056=AXIS2_PLACEMENT_3D('',#15992,#12888,#12889);
#11057=AXIS2_PLACEMENT_3D('',#15993,#12890,#12891);
#11058=AXIS2_PLACEMENT_3D('',#15997,#12893,#12894);
#11059=AXIS2_PLACEMENT_3D('',#15998,#12895,#12896);
#11060=AXIS2_PLACEMENT_3D('',#16004,#12900,#12901);
#11061=AXIS2_PLACEMENT_3D('',#16005,#12902,#12903);
#11062=AXIS2_PLACEMENT_3D('',#16009,#12905,#12906);
#11063=AXIS2_PLACEMENT_3D('',#16010,#12907,#12908);
#11064=AXIS2_PLACEMENT_3D('',#16016,#12912,#12913);
#11065=AXIS2_PLACEMENT_3D('',#16017,#12914,#12915);
#11066=AXIS2_PLACEMENT_3D('',#16021,#12917,#12918);
#11067=AXIS2_PLACEMENT_3D('',#16022,#12919,#12920);
#11068=AXIS2_PLACEMENT_3D('',#16028,#12924,#12925);
#11069=AXIS2_PLACEMENT_3D('',#16029,#12926,#12927);
#11070=AXIS2_PLACEMENT_3D('',#16033,#12929,#12930);
#11071=AXIS2_PLACEMENT_3D('',#16034,#12931,#12932);
#11072=AXIS2_PLACEMENT_3D('',#16040,#12936,#12937);
#11073=AXIS2_PLACEMENT_3D('',#16041,#12938,#12939);
#11074=AXIS2_PLACEMENT_3D('',#16045,#12941,#12942);
#11075=AXIS2_PLACEMENT_3D('',#16046,#12943,#12944);
#11076=AXIS2_PLACEMENT_3D('',#16052,#12948,#12949);
#11077=AXIS2_PLACEMENT_3D('',#16053,#12950,#12951);
#11078=AXIS2_PLACEMENT_3D('',#16057,#12953,#12954);
#11079=AXIS2_PLACEMENT_3D('',#16058,#12955,#12956);
#11080=AXIS2_PLACEMENT_3D('',#16064,#12960,#12961);
#11081=AXIS2_PLACEMENT_3D('',#16065,#12962,#12963);
#11082=AXIS2_PLACEMENT_3D('',#16069,#12965,#12966);
#11083=AXIS2_PLACEMENT_3D('',#16070,#12967,#12968);
#11084=AXIS2_PLACEMENT_3D('',#16076,#12972,#12973);
#11085=AXIS2_PLACEMENT_3D('',#16077,#12974,#12975);
#11086=AXIS2_PLACEMENT_3D('',#16081,#12977,#12978);
#11087=AXIS2_PLACEMENT_3D('',#16082,#12979,#12980);
#11088=AXIS2_PLACEMENT_3D('',#16088,#12984,#12985);
#11089=AXIS2_PLACEMENT_3D('',#16089,#12986,#12987);
#11090=AXIS2_PLACEMENT_3D('',#16093,#12989,#12990);
#11091=AXIS2_PLACEMENT_3D('',#16094,#12991,#12992);
#11092=AXIS2_PLACEMENT_3D('',#16100,#12996,#12997);
#11093=AXIS2_PLACEMENT_3D('',#16101,#12998,#12999);
#11094=AXIS2_PLACEMENT_3D('',#16105,#13001,#13002);
#11095=AXIS2_PLACEMENT_3D('',#16106,#13003,#13004);
#11096=AXIS2_PLACEMENT_3D('',#16112,#13008,#13009);
#11097=AXIS2_PLACEMENT_3D('',#16113,#13010,#13011);
#11098=AXIS2_PLACEMENT_3D('',#16117,#13013,#13014);
#11099=AXIS2_PLACEMENT_3D('',#16118,#13015,#13016);
#11100=AXIS2_PLACEMENT_3D('',#16124,#13020,#13021);
#11101=AXIS2_PLACEMENT_3D('',#16125,#13022,#13023);
#11102=AXIS2_PLACEMENT_3D('',#16129,#13025,#13026);
#11103=AXIS2_PLACEMENT_3D('',#16130,#13027,#13028);
#11104=AXIS2_PLACEMENT_3D('',#16136,#13032,#13033);
#11105=AXIS2_PLACEMENT_3D('',#16137,#13034,#13035);
#11106=AXIS2_PLACEMENT_3D('',#16141,#13037,#13038);
#11107=AXIS2_PLACEMENT_3D('',#16142,#13039,#13040);
#11108=AXIS2_PLACEMENT_3D('',#16148,#13044,#13045);
#11109=AXIS2_PLACEMENT_3D('',#16149,#13046,#13047);
#11110=AXIS2_PLACEMENT_3D('',#16153,#13049,#13050);
#11111=AXIS2_PLACEMENT_3D('',#16154,#13051,#13052);
#11112=AXIS2_PLACEMENT_3D('',#16160,#13056,#13057);
#11113=AXIS2_PLACEMENT_3D('',#16161,#13058,#13059);
#11114=AXIS2_PLACEMENT_3D('',#16165,#13061,#13062);
#11115=AXIS2_PLACEMENT_3D('',#16166,#13063,#13064);
#11116=AXIS2_PLACEMENT_3D('',#16172,#13068,#13069);
#11117=AXIS2_PLACEMENT_3D('',#16173,#13070,#13071);
#11118=AXIS2_PLACEMENT_3D('',#16177,#13073,#13074);
#11119=AXIS2_PLACEMENT_3D('',#16178,#13075,#13076);
#11120=AXIS2_PLACEMENT_3D('',#16184,#13080,#13081);
#11121=AXIS2_PLACEMENT_3D('',#16185,#13082,#13083);
#11122=AXIS2_PLACEMENT_3D('',#16189,#13085,#13086);
#11123=AXIS2_PLACEMENT_3D('',#16190,#13087,#13088);
#11124=AXIS2_PLACEMENT_3D('',#16196,#13092,#13093);
#11125=AXIS2_PLACEMENT_3D('',#16197,#13094,#13095);
#11126=AXIS2_PLACEMENT_3D('',#16201,#13097,#13098);
#11127=AXIS2_PLACEMENT_3D('',#16202,#13099,#13100);
#11128=AXIS2_PLACEMENT_3D('',#16208,#13104,#13105);
#11129=AXIS2_PLACEMENT_3D('',#16209,#13106,#13107);
#11130=AXIS2_PLACEMENT_3D('',#16213,#13109,#13110);
#11131=AXIS2_PLACEMENT_3D('',#16214,#13111,#13112);
#11132=AXIS2_PLACEMENT_3D('',#16220,#13116,#13117);
#11133=AXIS2_PLACEMENT_3D('',#16221,#13118,#13119);
#11134=AXIS2_PLACEMENT_3D('',#16225,#13121,#13122);
#11135=AXIS2_PLACEMENT_3D('',#16226,#13123,#13124);
#11136=AXIS2_PLACEMENT_3D('',#16232,#13128,#13129);
#11137=AXIS2_PLACEMENT_3D('',#16233,#13130,#13131);
#11138=AXIS2_PLACEMENT_3D('',#16237,#13133,#13134);
#11139=AXIS2_PLACEMENT_3D('',#16238,#13135,#13136);
#11140=AXIS2_PLACEMENT_3D('',#16244,#13140,#13141);
#11141=AXIS2_PLACEMENT_3D('',#16245,#13142,#13143);
#11142=AXIS2_PLACEMENT_3D('',#16249,#13145,#13146);
#11143=AXIS2_PLACEMENT_3D('',#16250,#13147,#13148);
#11144=AXIS2_PLACEMENT_3D('',#16256,#13152,#13153);
#11145=AXIS2_PLACEMENT_3D('',#16257,#13154,#13155);
#11146=AXIS2_PLACEMENT_3D('',#16261,#13157,#13158);
#11147=AXIS2_PLACEMENT_3D('',#16262,#13159,#13160);
#11148=AXIS2_PLACEMENT_3D('',#16268,#13164,#13165);
#11149=AXIS2_PLACEMENT_3D('',#16269,#13166,#13167);
#11150=AXIS2_PLACEMENT_3D('',#16273,#13169,#13170);
#11151=AXIS2_PLACEMENT_3D('',#16274,#13171,#13172);
#11152=AXIS2_PLACEMENT_3D('',#16280,#13176,#13177);
#11153=AXIS2_PLACEMENT_3D('',#16281,#13178,#13179);
#11154=AXIS2_PLACEMENT_3D('',#16285,#13181,#13182);
#11155=AXIS2_PLACEMENT_3D('',#16286,#13183,#13184);
#11156=AXIS2_PLACEMENT_3D('',#16292,#13188,#13189);
#11157=AXIS2_PLACEMENT_3D('',#16293,#13190,#13191);
#11158=AXIS2_PLACEMENT_3D('',#16297,#13193,#13194);
#11159=AXIS2_PLACEMENT_3D('',#16298,#13195,#13196);
#11160=AXIS2_PLACEMENT_3D('',#16304,#13200,#13201);
#11161=AXIS2_PLACEMENT_3D('',#16305,#13202,#13203);
#11162=AXIS2_PLACEMENT_3D('',#16309,#13205,#13206);
#11163=AXIS2_PLACEMENT_3D('',#16310,#13207,#13208);
#11164=AXIS2_PLACEMENT_3D('',#16316,#13212,#13213);
#11165=AXIS2_PLACEMENT_3D('',#16317,#13214,#13215);
#11166=AXIS2_PLACEMENT_3D('',#16321,#13217,#13218);
#11167=AXIS2_PLACEMENT_3D('',#16322,#13219,#13220);
#11168=AXIS2_PLACEMENT_3D('',#16328,#13224,#13225);
#11169=AXIS2_PLACEMENT_3D('',#16329,#13226,#13227);
#11170=AXIS2_PLACEMENT_3D('',#16333,#13229,#13230);
#11171=AXIS2_PLACEMENT_3D('',#16334,#13231,#13232);
#11172=AXIS2_PLACEMENT_3D('',#16340,#13236,#13237);
#11173=AXIS2_PLACEMENT_3D('',#16341,#13238,#13239);
#11174=AXIS2_PLACEMENT_3D('',#16345,#13241,#13242);
#11175=AXIS2_PLACEMENT_3D('',#16346,#13243,#13244);
#11176=AXIS2_PLACEMENT_3D('',#16352,#13248,#13249);
#11177=AXIS2_PLACEMENT_3D('',#16353,#13250,#13251);
#11178=AXIS2_PLACEMENT_3D('',#16357,#13253,#13254);
#11179=AXIS2_PLACEMENT_3D('',#16358,#13255,#13256);
#11180=AXIS2_PLACEMENT_3D('',#16364,#13260,#13261);
#11181=AXIS2_PLACEMENT_3D('',#16365,#13262,#13263);
#11182=AXIS2_PLACEMENT_3D('',#16369,#13265,#13266);
#11183=AXIS2_PLACEMENT_3D('',#16370,#13267,#13268);
#11184=AXIS2_PLACEMENT_3D('',#16376,#13272,#13273);
#11185=AXIS2_PLACEMENT_3D('',#16377,#13274,#13275);
#11186=AXIS2_PLACEMENT_3D('',#16381,#13277,#13278);
#11187=AXIS2_PLACEMENT_3D('',#16382,#13279,#13280);
#11188=AXIS2_PLACEMENT_3D('',#16388,#13284,#13285);
#11189=AXIS2_PLACEMENT_3D('',#16389,#13286,#13287);
#11190=AXIS2_PLACEMENT_3D('',#16393,#13289,#13290);
#11191=AXIS2_PLACEMENT_3D('',#16394,#13291,#13292);
#11192=AXIS2_PLACEMENT_3D('',#16400,#13296,#13297);
#11193=AXIS2_PLACEMENT_3D('',#16401,#13298,#13299);
#11194=AXIS2_PLACEMENT_3D('',#16405,#13301,#13302);
#11195=AXIS2_PLACEMENT_3D('',#16406,#13303,#13304);
#11196=AXIS2_PLACEMENT_3D('',#16412,#13308,#13309);
#11197=AXIS2_PLACEMENT_3D('',#16413,#13310,#13311);
#11198=AXIS2_PLACEMENT_3D('',#16417,#13313,#13314);
#11199=AXIS2_PLACEMENT_3D('',#16418,#13315,#13316);
#11200=AXIS2_PLACEMENT_3D('',#16424,#13320,#13321);
#11201=AXIS2_PLACEMENT_3D('',#16425,#13322,#13323);
#11202=AXIS2_PLACEMENT_3D('',#16429,#13325,#13326);
#11203=AXIS2_PLACEMENT_3D('',#16430,#13327,#13328);
#11204=AXIS2_PLACEMENT_3D('',#16436,#13332,#13333);
#11205=AXIS2_PLACEMENT_3D('',#16437,#13334,#13335);
#11206=AXIS2_PLACEMENT_3D('',#16441,#13337,#13338);
#11207=AXIS2_PLACEMENT_3D('',#16442,#13339,#13340);
#11208=AXIS2_PLACEMENT_3D('',#16448,#13344,#13345);
#11209=AXIS2_PLACEMENT_3D('',#16449,#13346,#13347);
#11210=AXIS2_PLACEMENT_3D('',#16453,#13349,#13350);
#11211=AXIS2_PLACEMENT_3D('',#16454,#13351,#13352);
#11212=AXIS2_PLACEMENT_3D('',#16460,#13356,#13357);
#11213=AXIS2_PLACEMENT_3D('',#16461,#13358,#13359);
#11214=AXIS2_PLACEMENT_3D('',#16465,#13361,#13362);
#11215=AXIS2_PLACEMENT_3D('',#16466,#13363,#13364);
#11216=AXIS2_PLACEMENT_3D('',#16472,#13368,#13369);
#11217=AXIS2_PLACEMENT_3D('',#16473,#13370,#13371);
#11218=AXIS2_PLACEMENT_3D('',#16477,#13373,#13374);
#11219=AXIS2_PLACEMENT_3D('',#16478,#13375,#13376);
#11220=AXIS2_PLACEMENT_3D('',#16484,#13380,#13381);
#11221=AXIS2_PLACEMENT_3D('',#16485,#13382,#13383);
#11222=AXIS2_PLACEMENT_3D('',#16489,#13385,#13386);
#11223=AXIS2_PLACEMENT_3D('',#16490,#13387,#13388);
#11224=AXIS2_PLACEMENT_3D('',#16496,#13392,#13393);
#11225=AXIS2_PLACEMENT_3D('',#16497,#13394,#13395);
#11226=AXIS2_PLACEMENT_3D('',#16501,#13397,#13398);
#11227=AXIS2_PLACEMENT_3D('',#16502,#13399,#13400);
#11228=AXIS2_PLACEMENT_3D('',#16508,#13404,#13405);
#11229=AXIS2_PLACEMENT_3D('',#16509,#13406,#13407);
#11230=AXIS2_PLACEMENT_3D('',#16513,#13409,#13410);
#11231=AXIS2_PLACEMENT_3D('',#16514,#13411,#13412);
#11232=AXIS2_PLACEMENT_3D('',#16520,#13416,#13417);
#11233=AXIS2_PLACEMENT_3D('',#16521,#13418,#13419);
#11234=AXIS2_PLACEMENT_3D('',#16525,#13421,#13422);
#11235=AXIS2_PLACEMENT_3D('',#16526,#13423,#13424);
#11236=AXIS2_PLACEMENT_3D('',#16532,#13428,#13429);
#11237=AXIS2_PLACEMENT_3D('',#16533,#13430,#13431);
#11238=AXIS2_PLACEMENT_3D('',#16537,#13433,#13434);
#11239=AXIS2_PLACEMENT_3D('',#16538,#13435,#13436);
#11240=AXIS2_PLACEMENT_3D('',#16544,#13440,#13441);
#11241=AXIS2_PLACEMENT_3D('',#16545,#13442,#13443);
#11242=AXIS2_PLACEMENT_3D('',#16549,#13445,#13446);
#11243=AXIS2_PLACEMENT_3D('',#16550,#13447,#13448);
#11244=AXIS2_PLACEMENT_3D('',#16556,#13452,#13453);
#11245=AXIS2_PLACEMENT_3D('',#16557,#13454,#13455);
#11246=AXIS2_PLACEMENT_3D('',#16561,#13457,#13458);
#11247=AXIS2_PLACEMENT_3D('',#16562,#13459,#13460);
#11248=AXIS2_PLACEMENT_3D('',#16568,#13464,#13465);
#11249=AXIS2_PLACEMENT_3D('',#16569,#13466,#13467);
#11250=AXIS2_PLACEMENT_3D('',#16573,#13469,#13470);
#11251=AXIS2_PLACEMENT_3D('',#16574,#13471,#13472);
#11252=AXIS2_PLACEMENT_3D('',#16580,#13476,#13477);
#11253=AXIS2_PLACEMENT_3D('',#16581,#13478,#13479);
#11254=AXIS2_PLACEMENT_3D('',#16585,#13481,#13482);
#11255=AXIS2_PLACEMENT_3D('',#16586,#13483,#13484);
#11256=AXIS2_PLACEMENT_3D('',#16592,#13488,#13489);
#11257=AXIS2_PLACEMENT_3D('',#16593,#13490,#13491);
#11258=AXIS2_PLACEMENT_3D('',#16597,#13493,#13494);
#11259=AXIS2_PLACEMENT_3D('',#16598,#13495,#13496);
#11260=AXIS2_PLACEMENT_3D('',#16604,#13500,#13501);
#11261=AXIS2_PLACEMENT_3D('',#16605,#13502,#13503);
#11262=AXIS2_PLACEMENT_3D('',#16609,#13505,#13506);
#11263=AXIS2_PLACEMENT_3D('',#16610,#13507,#13508);
#11264=AXIS2_PLACEMENT_3D('',#16616,#13512,#13513);
#11265=AXIS2_PLACEMENT_3D('',#16617,#13514,#13515);
#11266=AXIS2_PLACEMENT_3D('',#16621,#13517,#13518);
#11267=AXIS2_PLACEMENT_3D('',#16622,#13519,#13520);
#11268=AXIS2_PLACEMENT_3D('',#16628,#13524,#13525);
#11269=AXIS2_PLACEMENT_3D('',#16629,#13526,#13527);
#11270=AXIS2_PLACEMENT_3D('',#16633,#13529,#13530);
#11271=AXIS2_PLACEMENT_3D('',#16634,#13531,#13532);
#11272=AXIS2_PLACEMENT_3D('',#16640,#13536,#13537);
#11273=AXIS2_PLACEMENT_3D('',#16641,#13538,#13539);
#11274=AXIS2_PLACEMENT_3D('',#16645,#13541,#13542);
#11275=AXIS2_PLACEMENT_3D('',#16646,#13543,#13544);
#11276=AXIS2_PLACEMENT_3D('',#16652,#13548,#13549);
#11277=AXIS2_PLACEMENT_3D('',#16653,#13550,#13551);
#11278=AXIS2_PLACEMENT_3D('',#16657,#13553,#13554);
#11279=AXIS2_PLACEMENT_3D('',#16658,#13555,#13556);
#11280=AXIS2_PLACEMENT_3D('',#16664,#13560,#13561);
#11281=AXIS2_PLACEMENT_3D('',#16665,#13562,#13563);
#11282=AXIS2_PLACEMENT_3D('',#16670,#13565,#13566);
#11283=AXIS2_PLACEMENT_3D('',#16673,#13568,#13569);
#11284=AXIS2_PLACEMENT_3D('',#16679,#13573,#13574);
#11285=AXIS2_PLACEMENT_3D('',#16680,#13575,#13576);
#11286=AXIS2_PLACEMENT_3D('',#16684,#13578,#13579);
#11287=AXIS2_PLACEMENT_3D('',#16685,#13580,#13581);
#11288=AXIS2_PLACEMENT_3D('',#16691,#13585,#13586);
#11289=AXIS2_PLACEMENT_3D('',#16692,#13587,#13588);
#11290=AXIS2_PLACEMENT_3D('',#16696,#13590,#13591);
#11291=AXIS2_PLACEMENT_3D('',#16697,#13592,#13593);
#11292=AXIS2_PLACEMENT_3D('',#16703,#13597,#13598);
#11293=AXIS2_PLACEMENT_3D('',#16704,#13599,#13600);
#11294=AXIS2_PLACEMENT_3D('',#16708,#13602,#13603);
#11295=AXIS2_PLACEMENT_3D('',#16709,#13604,#13605);
#11296=AXIS2_PLACEMENT_3D('',#16710,#13606,#13607);
#11297=AXIS2_PLACEMENT_3D('',#16715,#13609,#13610);
#11298=AXIS2_PLACEMENT_3D('',#16718,#13612,#13613);
#11299=AXIS2_PLACEMENT_3D('',#16724,#13617,#13618);
#11300=AXIS2_PLACEMENT_3D('',#16725,#13619,#13620);
#11301=AXIS2_PLACEMENT_3D('',#16729,#13622,#13623);
#11302=AXIS2_PLACEMENT_3D('',#16730,#13624,#13625);
#11303=AXIS2_PLACEMENT_3D('',#16736,#13629,#13630);
#11304=AXIS2_PLACEMENT_3D('',#16737,#13631,#13632);
#11305=AXIS2_PLACEMENT_3D('',#16741,#13634,#13635);
#11306=AXIS2_PLACEMENT_3D('',#16742,#13636,#13637);
#11307=AXIS2_PLACEMENT_3D('',#16748,#13641,#13642);
#11308=AXIS2_PLACEMENT_3D('',#16749,#13643,#13644);
#11309=AXIS2_PLACEMENT_3D('',#16753,#13646,#13647);
#11310=AXIS2_PLACEMENT_3D('',#16754,#13648,#13649);
#11311=AXIS2_PLACEMENT_3D('',#16755,#13650,#13651);
#11312=AXIS2_PLACEMENT_3D('',#16760,#13653,#13654);
#11313=AXIS2_PLACEMENT_3D('',#16763,#13656,#13657);
#11314=AXIS2_PLACEMENT_3D('',#16769,#13661,#13662);
#11315=AXIS2_PLACEMENT_3D('',#16770,#13663,#13664);
#11316=AXIS2_PLACEMENT_3D('',#16774,#13666,#13667);
#11317=AXIS2_PLACEMENT_3D('',#16775,#13668,#13669);
#11318=AXIS2_PLACEMENT_3D('',#16781,#13673,#13674);
#11319=AXIS2_PLACEMENT_3D('',#16782,#13675,#13676);
#11320=AXIS2_PLACEMENT_3D('',#16786,#13678,#13679);
#11321=AXIS2_PLACEMENT_3D('',#16787,#13680,#13681);
#11322=AXIS2_PLACEMENT_3D('',#16793,#13685,#13686);
#11323=AXIS2_PLACEMENT_3D('',#16794,#13687,#13688);
#11324=AXIS2_PLACEMENT_3D('',#16798,#13690,#13691);
#11325=AXIS2_PLACEMENT_3D('',#16799,#13692,#13693);
#11326=AXIS2_PLACEMENT_3D('',#16800,#13694,#13695);
#11327=AXIS2_PLACEMENT_3D('',#16805,#13697,#13698);
#11328=AXIS2_PLACEMENT_3D('',#16808,#13700,#13701);
#11329=AXIS2_PLACEMENT_3D('',#16814,#13705,#13706);
#11330=AXIS2_PLACEMENT_3D('',#16815,#13707,#13708);
#11331=AXIS2_PLACEMENT_3D('',#16819,#13710,#13711);
#11332=AXIS2_PLACEMENT_3D('',#16820,#13712,#13713);
#11333=AXIS2_PLACEMENT_3D('',#16826,#13717,#13718);
#11334=AXIS2_PLACEMENT_3D('',#16827,#13719,#13720);
#11335=AXIS2_PLACEMENT_3D('',#16831,#13722,#13723);
#11336=AXIS2_PLACEMENT_3D('',#16832,#13724,#13725);
#11337=AXIS2_PLACEMENT_3D('',#16838,#13729,#13730);
#11338=AXIS2_PLACEMENT_3D('',#16839,#13731,#13732);
#11339=AXIS2_PLACEMENT_3D('',#16843,#13734,#13735);
#11340=AXIS2_PLACEMENT_3D('',#16844,#13736,#13737);
#11341=AXIS2_PLACEMENT_3D('',#16845,#13738,#13739);
#11342=AXIS2_PLACEMENT_3D('',#16850,#13741,#13742);
#11343=AXIS2_PLACEMENT_3D('',#16853,#13744,#13745);
#11344=AXIS2_PLACEMENT_3D('',#16859,#13749,#13750);
#11345=AXIS2_PLACEMENT_3D('',#16865,#13754,#13755);
#11346=AXIS2_PLACEMENT_3D('',#16866,#13756,#13757);
#11347=AXIS2_PLACEMENT_3D('',#16870,#13759,#13760);
#11348=AXIS2_PLACEMENT_3D('',#16871,#13761,#13762);
#11349=AXIS2_PLACEMENT_3D('',#16877,#13766,#13767);
#11350=AXIS2_PLACEMENT_3D('',#16878,#13768,#13769);
#11351=AXIS2_PLACEMENT_3D('',#16882,#13771,#13772);
#11352=AXIS2_PLACEMENT_3D('',#16883,#13773,#13774);
#11353=AXIS2_PLACEMENT_3D('',#16889,#13778,#13779);
#11354=AXIS2_PLACEMENT_3D('',#16890,#13780,#13781);
#11355=AXIS2_PLACEMENT_3D('',#16894,#13783,#13784);
#11356=AXIS2_PLACEMENT_3D('',#16895,#13785,#13786);
#11357=AXIS2_PLACEMENT_3D('',#16901,#13790,#13791);
#11358=AXIS2_PLACEMENT_3D('',#16907,#13795,#13796);
#11359=AXIS2_PLACEMENT_3D('',#16908,#13797,#13798);
#11360=AXIS2_PLACEMENT_3D('',#16912,#13800,#13801);
#11361=AXIS2_PLACEMENT_3D('',#16913,#13802,#13803);
#11362=AXIS2_PLACEMENT_3D('',#16919,#13807,#13808);
#11363=AXIS2_PLACEMENT_3D('',#16925,#13812,#13813);
#11364=AXIS2_PLACEMENT_3D('',#16926,#13814,#13815);
#11365=AXIS2_PLACEMENT_3D('',#16930,#13817,#13818);
#11366=AXIS2_PLACEMENT_3D('',#16931,#13819,#13820);
#11367=AXIS2_PLACEMENT_3D('',#16937,#13824,#13825);
#11368=AXIS2_PLACEMENT_3D('',#16938,#13826,#13827);
#11369=AXIS2_PLACEMENT_3D('',#16942,#13829,#13830);
#11370=AXIS2_PLACEMENT_3D('',#16943,#13831,#13832);
#11371=AXIS2_PLACEMENT_3D('',#16949,#13836,#13837);
#11372=AXIS2_PLACEMENT_3D('',#16950,#13838,#13839);
#11373=AXIS2_PLACEMENT_3D('',#16954,#13841,#13842);
#11374=AXIS2_PLACEMENT_3D('',#16955,#13843,#13844);
#11375=AXIS2_PLACEMENT_3D('',#16961,#13848,#13849);
#11376=AXIS2_PLACEMENT_3D('',#16967,#13853,#13854);
#11377=AXIS2_PLACEMENT_3D('',#16968,#13855,#13856);
#11378=AXIS2_PLACEMENT_3D('',#16972,#13858,#13859);
#11379=AXIS2_PLACEMENT_3D('',#16973,#13860,#13861);
#11380=AXIS2_PLACEMENT_3D('',#16979,#13865,#13866);
#11381=AXIS2_PLACEMENT_3D('',#16985,#13870,#13871);
#11382=AXIS2_PLACEMENT_3D('',#16986,#13872,#13873);
#11383=AXIS2_PLACEMENT_3D('',#16990,#13875,#13876);
#11384=AXIS2_PLACEMENT_3D('',#16991,#13877,#13878);
#11385=AXIS2_PLACEMENT_3D('',#16997,#13882,#13883);
#11386=AXIS2_PLACEMENT_3D('',#16998,#13884,#13885);
#11387=AXIS2_PLACEMENT_3D('',#17002,#13887,#13888);
#11388=AXIS2_PLACEMENT_3D('',#17003,#13889,#13890);
#11389=AXIS2_PLACEMENT_3D('',#17009,#13894,#13895);
#11390=AXIS2_PLACEMENT_3D('',#17010,#13896,#13897);
#11391=AXIS2_PLACEMENT_3D('',#17014,#13899,#13900);
#11392=AXIS2_PLACEMENT_3D('',#17015,#13901,#13902);
#11393=AXIS2_PLACEMENT_3D('',#17021,#13906,#13907);
#11394=AXIS2_PLACEMENT_3D('',#17027,#13911,#13912);
#11395=AXIS2_PLACEMENT_3D('',#17028,#13913,#13914);
#11396=AXIS2_PLACEMENT_3D('',#17032,#13916,#13917);
#11397=AXIS2_PLACEMENT_3D('',#17033,#13918,#13919);
#11398=AXIS2_PLACEMENT_3D('',#17039,#13923,#13924);
#11399=AXIS2_PLACEMENT_3D('',#17045,#13928,#13929);
#11400=AXIS2_PLACEMENT_3D('',#17046,#13930,#13931);
#11401=AXIS2_PLACEMENT_3D('',#17050,#13933,#13934);
#11402=AXIS2_PLACEMENT_3D('',#17051,#13935,#13936);
#11403=AXIS2_PLACEMENT_3D('',#17057,#13940,#13941);
#11404=AXIS2_PLACEMENT_3D('',#17058,#13942,#13943);
#11405=AXIS2_PLACEMENT_3D('',#17062,#13945,#13946);
#11406=AXIS2_PLACEMENT_3D('',#17063,#13947,#13948);
#11407=AXIS2_PLACEMENT_3D('',#17069,#13952,#13953);
#11408=AXIS2_PLACEMENT_3D('',#17070,#13954,#13955);
#11409=AXIS2_PLACEMENT_3D('',#17074,#13957,#13958);
#11410=AXIS2_PLACEMENT_3D('',#17075,#13959,#13960);
#11411=AXIS2_PLACEMENT_3D('',#17081,#13964,#13965);
#11412=AXIS2_PLACEMENT_3D('',#17084,#13968,#13969);
#11413=AXIS2_PLACEMENT_3D('',#17087,#13972,#13973);
#11414=AXIS2_PLACEMENT_3D('',#17090,#13976,#13977);
#11415=AXIS2_PLACEMENT_3D('',#17093,#13980,#13981);
#11416=AXIS2_PLACEMENT_3D('',#17096,#13984,#13985);
#11417=AXIS2_PLACEMENT_3D('',#17097,#13986,#13987);
#11418=AXIS2_PLACEMENT_3D('',#17098,#13988,#13989);
#11419=AXIS2_PLACEMENT_3D('',#17099,#13990,#13991);
#11420=AXIS2_PLACEMENT_3D('',#17100,#13992,#13993);
#11421=AXIS2_PLACEMENT_3D('',#17101,#13994,#13995);
#11422=AXIS2_PLACEMENT_3D('',#17102,#13996,#13997);
#11423=AXIS2_PLACEMENT_3D('',#17111,#14002,#14003);
#11424=AXIS2_PLACEMENT_3D('',#17117,#14007,#14008);
#11425=AXIS2_PLACEMENT_3D('',#17123,#14012,#14013);
#11426=AXIS2_PLACEMENT_3D('',#17132,#14018,#14019);
#11427=AXIS2_PLACEMENT_3D('',#17138,#14023,#14024);
#11428=AXIS2_PLACEMENT_3D('',#17144,#14028,#14029);
#11429=AXIS2_PLACEMENT_3D('',#17153,#14034,#14035);
#11430=AXIS2_PLACEMENT_3D('',#17159,#14039,#14040);
#11431=AXIS2_PLACEMENT_3D('',#17165,#14044,#14045);
#11432=AXIS2_PLACEMENT_3D('',#17174,#14050,#14051);
#11433=AXIS2_PLACEMENT_3D('',#17180,#14055,#14056);
#11434=AXIS2_PLACEMENT_3D('',#17186,#14060,#14061);
#11435=AXIS2_PLACEMENT_3D('',#17195,#14066,#14067);
#11436=AXIS2_PLACEMENT_3D('',#17201,#14071,#14072);
#11437=AXIS2_PLACEMENT_3D('',#17207,#14076,#14077);
#11438=AXIS2_PLACEMENT_3D('',#17208,#14078,#14079);
#11439=AXIS2_PLACEMENT_3D('',#17212,#14081,#14082);
#11440=AXIS2_PLACEMENT_3D('',#17213,#14083,#14084);
#11441=AXIS2_PLACEMENT_3D('',#17219,#14088,#14089);
#11442=AXIS2_PLACEMENT_3D('',#17220,#14090,#14091);
#11443=AXIS2_PLACEMENT_3D('',#17224,#14093,#14094);
#11444=AXIS2_PLACEMENT_3D('',#17225,#14095,#14096);
#11445=AXIS2_PLACEMENT_3D('',#17231,#14100,#14101);
#11446=AXIS2_PLACEMENT_3D('',#17232,#14102,#14103);
#11447=AXIS2_PLACEMENT_3D('',#17236,#14105,#14106);
#11448=AXIS2_PLACEMENT_3D('',#17237,#14107,#14108);
#11449=AXIS2_PLACEMENT_3D('',#17243,#14112,#14113);
#11450=AXIS2_PLACEMENT_3D('',#17244,#14114,#14115);
#11451=AXIS2_PLACEMENT_3D('',#17248,#14117,#14118);
#11452=AXIS2_PLACEMENT_3D('',#17249,#14119,#14120);
#11453=AXIS2_PLACEMENT_3D('',#17255,#14124,#14125);
#11454=AXIS2_PLACEMENT_3D('',#17256,#14126,#14127);
#11455=AXIS2_PLACEMENT_3D('',#17260,#14129,#14130);
#11456=AXIS2_PLACEMENT_3D('',#17261,#14131,#14132);
#11457=AXIS2_PLACEMENT_3D('',#17267,#14136,#14137);
#11458=AXIS2_PLACEMENT_3D('',#17268,#14138,#14139);
#11459=AXIS2_PLACEMENT_3D('',#17272,#14141,#14142);
#11460=AXIS2_PLACEMENT_3D('',#17273,#14143,#14144);
#11461=AXIS2_PLACEMENT_3D('',#17279,#14148,#14149);
#11462=AXIS2_PLACEMENT_3D('',#17285,#14153,#14154);
#11463=AXIS2_PLACEMENT_3D('',#17294,#14159,#14160);
#11464=AXIS2_PLACEMENT_3D('',#17300,#14164,#14165);
#11465=AXIS2_PLACEMENT_3D('',#17306,#14169,#14170);
#11466=AXIS2_PLACEMENT_3D('',#17315,#14175,#14176);
#11467=AXIS2_PLACEMENT_3D('',#17321,#14180,#14181);
#11468=AXIS2_PLACEMENT_3D('',#17327,#14185,#14186);
#11469=AXIS2_PLACEMENT_3D('',#17330,#14189,#14190);
#11470=AXIS2_PLACEMENT_3D('',#17333,#14193,#14194);
#11471=AXIS2_PLACEMENT_3D('',#17339,#14198,#14199);
#11472=AXIS2_PLACEMENT_3D('',#17340,#14200,#14201);
#11473=AXIS2_PLACEMENT_3D('',#17342,#14202,#14203);
#11474=AXIS2_PLACEMENT_3D('',#17344,#14204,#14205);
#11475=AXIS2_PLACEMENT_3D('',#17345,#14206,#14207);
#11476=AXIS2_PLACEMENT_3D('',#17347,#14208,#14209);
#11477=AXIS2_PLACEMENT_3D('',#17349,#14210,#14211);
#11478=AXIS2_PLACEMENT_3D('',#17350,#14212,#14213);
#11479=AXIS2_PLACEMENT_3D('',#17352,#14214,#14215);
#11480=AXIS2_PLACEMENT_3D('',#17354,#14216,#14217);
#11481=AXIS2_PLACEMENT_3D('',#17355,#14218,#14219);
#11482=AXIS2_PLACEMENT_3D('',#17357,#14220,#14221);
#11483=AXIS2_PLACEMENT_3D('',#17359,#14222,#14223);
#11484=AXIS2_PLACEMENT_3D('',#17360,#14224,#14225);
#11485=AXIS2_PLACEMENT_3D('',#17362,#14226,#14227);
#11486=AXIS2_PLACEMENT_3D('',#17364,#14228,#14229);
#11487=AXIS2_PLACEMENT_3D('',#17365,#14230,#14231);
#11488=AXIS2_PLACEMENT_3D('',#17367,#14232,#14233);
#11489=AXIS2_PLACEMENT_3D('',#17369,#14234,#14235);
#11490=AXIS2_PLACEMENT_3D('',#17372,#14238,#14239);
#11491=AXIS2_PLACEMENT_3D('',#17375,#14242,#14243);
#11492=AXIS2_PLACEMENT_3D('',#17378,#14246,#14247);
#11493=AXIS2_PLACEMENT_3D('',#17381,#14250,#14251);
#11494=AXIS2_PLACEMENT_3D('',#17383,#14253,#14254);
#11495=AXIS2_PLACEMENT_3D('',#17385,#14256,#14257);
#11496=AXIS2_PLACEMENT_3D('',#17394,#14262,#14263);
#11497=AXIS2_PLACEMENT_3D('',#17403,#14268,#14269);
#11498=AXIS2_PLACEMENT_3D('',#17404,#14270,#14271);
#11499=AXIS2_PLACEMENT_3D('',#17406,#14272,#14273);
#11500=AXIS2_PLACEMENT_3D('',#17408,#14274,#14275);
#11501=AXIS2_PLACEMENT_3D('',#17409,#14276,#14277);
#11502=AXIS2_PLACEMENT_3D('',#17411,#14278,#14279);
#11503=AXIS2_PLACEMENT_3D('',#17413,#14280,#14281);
#11504=AXIS2_PLACEMENT_3D('',#17414,#14282,#14283);
#11505=AXIS2_PLACEMENT_3D('',#17416,#14284,#14285);
#11506=AXIS2_PLACEMENT_3D('',#17418,#14286,#14287);
#11507=AXIS2_PLACEMENT_3D('',#17419,#14288,#14289);
#11508=AXIS2_PLACEMENT_3D('',#17421,#14290,#14291);
#11509=AXIS2_PLACEMENT_3D('',#17423,#14292,#14293);
#11510=AXIS2_PLACEMENT_3D('',#17424,#14294,#14295);
#11511=AXIS2_PLACEMENT_3D('',#17426,#14296,#14297);
#11512=AXIS2_PLACEMENT_3D('',#17428,#14298,#14299);
#11513=AXIS2_PLACEMENT_3D('',#17429,#14300,#14301);
#11514=AXIS2_PLACEMENT_3D('',#17431,#14302,#14303);
#11515=AXIS2_PLACEMENT_3D('',#17433,#14304,#14305);
#11516=AXIS2_PLACEMENT_3D('',#17434,#14306,#14307);
#11517=AXIS2_PLACEMENT_3D('',#17436,#14308,#14309);
#11518=AXIS2_PLACEMENT_3D('',#17438,#14310,#14311);
#11519=AXIS2_PLACEMENT_3D('',#17447,#14316,#14317);
#11520=AXIS2_PLACEMENT_3D('',#17448,#14318,#14319);
#11521=AXIS2_PLACEMENT_3D('',#17449,#14320,#14321);
#11522=AXIS2_PLACEMENT_3D('',#17451,#14323,#14324);
#11523=AXIS2_PLACEMENT_3D('',#17452,#14325,#14326);
#11524=AXIS2_PLACEMENT_3D('',#17454,#14328,#14329);
#11525=AXIS2_PLACEMENT_3D('',#17455,#14330,#14331);
#11526=AXIS2_PLACEMENT_3D('',#17456,#14332,#14333);
#11527=AXIS2_PLACEMENT_3D('',#17457,#14334,#14335);
#11528=AXIS2_PLACEMENT_3D('',#17458,#14336,#14337);
#11529=AXIS2_PLACEMENT_3D('',#17459,#14338,#14339);
#11530=AXIS2_PLACEMENT_3D('',#17460,#14340,#14341);
#11531=AXIS2_PLACEMENT_3D('',#17461,#14342,#14343);
#11532=AXIS2_PLACEMENT_3D('',#17462,#14344,#14345);
#11533=AXIS2_PLACEMENT_3D('',#17463,#14346,#14347);
#11534=AXIS2_PLACEMENT_3D('',#17464,#14348,#14349);
#11535=AXIS2_PLACEMENT_3D('',#17465,#14350,#14351);
#11536=AXIS2_PLACEMENT_3D('',#17466,#14352,#14353);
#11537=AXIS2_PLACEMENT_3D('',#17467,#14354,#14355);
#11538=AXIS2_PLACEMENT_3D('',#17468,#14356,#14357);
#11539=AXIS2_PLACEMENT_3D('',#17473,#14359,#14360);
#11540=AXIS2_PLACEMENT_3D('',#17476,#14362,#14363);
#11541=AXIS2_PLACEMENT_3D('',#17482,#14367,#14368);
#11542=AXIS2_PLACEMENT_3D('',#17483,#14369,#14370);
#11543=AXIS2_PLACEMENT_3D('',#17487,#14372,#14373);
#11544=AXIS2_PLACEMENT_3D('',#17488,#14374,#14375);
#11545=AXIS2_PLACEMENT_3D('',#17494,#14379,#14380);
#11546=AXIS2_PLACEMENT_3D('',#17495,#14381,#14382);
#11547=AXIS2_PLACEMENT_3D('',#17499,#14384,#14385);
#11548=AXIS2_PLACEMENT_3D('',#17500,#14386,#14387);
#11549=AXIS2_PLACEMENT_3D('',#17506,#14391,#14392);
#11550=AXIS2_PLACEMENT_3D('',#17515,#14397,#14398);
#11551=AXIS2_PLACEMENT_3D('',#17516,#14399,#14400);
#11552=AXIS2_PLACEMENT_3D('',#17520,#14402,#14403);
#11553=AXIS2_PLACEMENT_3D('',#17521,#14404,#14405);
#11554=AXIS2_PLACEMENT_3D('',#17527,#14409,#14410);
#11555=AXIS2_PLACEMENT_3D('',#17528,#14411,#14412);
#11556=AXIS2_PLACEMENT_3D('',#17532,#14414,#14415);
#11557=AXIS2_PLACEMENT_3D('',#17533,#14416,#14417);
#11558=AXIS2_PLACEMENT_3D('',#17534,#14418,#14419);
#11559=AXIS2_PLACEMENT_3D('',#17536,#14420,#14421);
#11560=AXIS2_PLACEMENT_3D('',#17538,#14422,#14423);
#11561=AXIS2_PLACEMENT_3D('',#17539,#14424,#14425);
#11562=AXIS2_PLACEMENT_3D('',#17541,#14426,#14427);
#11563=AXIS2_PLACEMENT_3D('',#17543,#14428,#14429);
#11564=AXIS2_PLACEMENT_3D('',#17544,#14430,#14431);
#11565=AXIS2_PLACEMENT_3D('',#17546,#14432,#14433);
#11566=AXIS2_PLACEMENT_3D('',#17548,#14434,#14435);
#11567=AXIS2_PLACEMENT_3D('',#17549,#14436,#14437);
#11568=AXIS2_PLACEMENT_3D('',#17551,#14438,#14439);
#11569=AXIS2_PLACEMENT_3D('',#17553,#14440,#14441);
#11570=AXIS2_PLACEMENT_3D('',#17556,#14444,#14445);
#11571=AXIS2_PLACEMENT_3D('',#17557,#14446,#14447);
#11572=AXIS2_PLACEMENT_3D('',#17559,#14448,#14449);
#11573=AXIS2_PLACEMENT_3D('',#17561,#14450,#14451);
#11574=AXIS2_PLACEMENT_3D('',#17562,#14452,#14453);
#11575=AXIS2_PLACEMENT_3D('',#17564,#14454,#14455);
#11576=AXIS2_PLACEMENT_3D('',#17566,#14456,#14457);
#11577=AXIS2_PLACEMENT_3D('',#17568,#14459,#14460);
#11578=AXIS2_PLACEMENT_3D('',#17570,#14462,#14463);
#11579=AXIS2_PLACEMENT_3D('',#17571,#14464,#14465);
#11580=AXIS2_PLACEMENT_3D('',#17572,#14466,#14467);
#11581=AXIS2_PLACEMENT_3D('',#17573,#14468,#14469);
#11582=AXIS2_PLACEMENT_3D('',#17582,#14474,#14475);
#11583=AXIS2_PLACEMENT_3D('',#17591,#14480,#14481);
#11584=AXIS2_PLACEMENT_3D('',#17597,#14485,#14486);
#11585=AXIS2_PLACEMENT_3D('',#17598,#14487,#14488);
#11586=AXIS2_PLACEMENT_3D('',#17602,#14490,#14491);
#11587=AXIS2_PLACEMENT_3D('',#17603,#14492,#14493);
#11588=AXIS2_PLACEMENT_3D('',#17609,#14497,#14498);
#11589=AXIS2_PLACEMENT_3D('',#17610,#14499,#14500);
#11590=AXIS2_PLACEMENT_3D('',#17614,#14502,#14503);
#11591=AXIS2_PLACEMENT_3D('',#17615,#14504,#14505);
#11592=AXIS2_PLACEMENT_3D('',#17621,#14509,#14510);
#11593=AXIS2_PLACEMENT_3D('',#17622,#14511,#14512);
#11594=AXIS2_PLACEMENT_3D('',#17626,#14514,#14515);
#11595=AXIS2_PLACEMENT_3D('',#17627,#14516,#14517);
#11596=AXIS2_PLACEMENT_3D('',#17633,#14521,#14522);
#11597=AXIS2_PLACEMENT_3D('',#17634,#14523,#14524);
#11598=AXIS2_PLACEMENT_3D('',#17638,#14526,#14527);
#11599=AXIS2_PLACEMENT_3D('',#17639,#14528,#14529);
#11600=AXIS2_PLACEMENT_3D('',#17645,#14533,#14534);
#11601=AXIS2_PLACEMENT_3D('',#17646,#14535,#14536);
#11602=AXIS2_PLACEMENT_3D('',#17650,#14538,#14539);
#11603=AXIS2_PLACEMENT_3D('',#17651,#14540,#14541);
#11604=AXIS2_PLACEMENT_3D('',#17657,#14545,#14546);
#11605=AXIS2_PLACEMENT_3D('',#17658,#14547,#14548);
#11606=AXIS2_PLACEMENT_3D('',#17662,#14550,#14551);
#11607=AXIS2_PLACEMENT_3D('',#17663,#14552,#14553);
#11608=AXIS2_PLACEMENT_3D('',#17669,#14557,#14558);
#11609=AXIS2_PLACEMENT_3D('',#17675,#14562,#14563);
#11610=AXIS2_PLACEMENT_3D('',#17684,#14568,#14569);
#11611=AXIS2_PLACEMENT_3D('',#17685,#14570,#14571);
#11612=AXIS2_PLACEMENT_3D('',#17689,#14573,#14574);
#11613=AXIS2_PLACEMENT_3D('',#17690,#14575,#14576);
#11614=AXIS2_PLACEMENT_3D('',#17696,#14580,#14581);
#11615=AXIS2_PLACEMENT_3D('',#17697,#14582,#14583);
#11616=AXIS2_PLACEMENT_3D('',#17699,#14584,#14585);
#11617=AXIS2_PLACEMENT_3D('',#17701,#14586,#14587);
#11618=AXIS2_PLACEMENT_3D('',#17702,#14588,#14589);
#11619=AXIS2_PLACEMENT_3D('',#17704,#14590,#14591);
#11620=AXIS2_PLACEMENT_3D('',#17706,#14592,#14593);
#11621=AXIS2_PLACEMENT_3D('',#17707,#14594,#14595);
#11622=AXIS2_PLACEMENT_3D('',#17709,#14596,#14597);
#11623=AXIS2_PLACEMENT_3D('',#17711,#14598,#14599);
#11624=AXIS2_PLACEMENT_3D('',#17712,#14600,#14601);
#11625=AXIS2_PLACEMENT_3D('',#17714,#14602,#14603);
#11626=AXIS2_PLACEMENT_3D('',#17716,#14604,#14605);
#11627=AXIS2_PLACEMENT_3D('',#17717,#14606,#14607);
#11628=AXIS2_PLACEMENT_3D('',#17719,#14608,#14609);
#11629=AXIS2_PLACEMENT_3D('',#17721,#14610,#14611);
#11630=AXIS2_PLACEMENT_3D('',#17722,#14612,#14613);
#11631=AXIS2_PLACEMENT_3D('',#17724,#14614,#14615);
#11632=AXIS2_PLACEMENT_3D('',#17726,#14616,#14617);
#11633=AXIS2_PLACEMENT_3D('',#17727,#14618,#14619);
#11634=AXIS2_PLACEMENT_3D('',#17728,#14620,#14621);
#11635=AXIS2_PLACEMENT_3D('',#17729,#14622,#14623);
#11636=AXIS2_PLACEMENT_3D('',#17730,#14624,#14625);
#11637=AXIS2_PLACEMENT_3D('',#17732,#14626,#14627);
#11638=AXIS2_PLACEMENT_3D('',#17734,#14628,#14629);
#11639=AXIS2_PLACEMENT_3D('',#17735,#14630,#14631);
#11640=AXIS2_PLACEMENT_3D('',#17737,#14632,#14633);
#11641=AXIS2_PLACEMENT_3D('',#17739,#14634,#14635);
#11642=AXIS2_PLACEMENT_3D('',#17740,#14636,#14637);
#11643=AXIS2_PLACEMENT_3D('',#17742,#14638,#14639);
#11644=AXIS2_PLACEMENT_3D('',#17744,#14640,#14641);
#11645=AXIS2_PLACEMENT_3D('',#17745,#14642,#14643);
#11646=AXIS2_PLACEMENT_3D('',#17747,#14644,#14645);
#11647=AXIS2_PLACEMENT_3D('',#17749,#14646,#14647);
#11648=AXIS2_PLACEMENT_3D('',#17750,#14648,#14649);
#11649=AXIS2_PLACEMENT_3D('',#17752,#14650,#14651);
#11650=AXIS2_PLACEMENT_3D('',#17754,#14652,#14653);
#11651=AXIS2_PLACEMENT_3D('',#17755,#14654,#14655);
#11652=AXIS2_PLACEMENT_3D('',#17756,#14656,#14657);
#11653=AXIS2_PLACEMENT_3D('',#17757,#14658,#14659);
#11654=AXIS2_PLACEMENT_3D('',#17758,#14660,#14661);
#11655=AXIS2_PLACEMENT_3D('',#17759,#14662,#14663);
#11656=AXIS2_PLACEMENT_3D('',#17760,#14664,#14665);
#11657=AXIS2_PLACEMENT_3D('',#17761,#14666,#14667);
#11658=AXIS2_PLACEMENT_3D('',#17762,#14668,#14669);
#11659=AXIS2_PLACEMENT_3D('',#17763,#14670,#14671);
#11660=AXIS2_PLACEMENT_3D('',#17764,#14672,#14673);
#11661=AXIS2_PLACEMENT_3D('',#17765,#14674,#14675);
#11662=AXIS2_PLACEMENT_3D('',#17774,#14680,#14681);
#11663=AXIS2_PLACEMENT_3D('',#17780,#14685,#14686);
#11664=AXIS2_PLACEMENT_3D('',#17786,#14690,#14691);
#11665=AXIS2_PLACEMENT_3D('',#17792,#14695,#14696);
#11666=AXIS2_PLACEMENT_3D('',#17798,#14700,#14701);
#11667=AXIS2_PLACEMENT_3D('',#17804,#14705,#14706);
#11668=AXIS2_PLACEMENT_3D('',#17810,#14710,#14711);
#11669=AXIS2_PLACEMENT_3D('',#17816,#14715,#14716);
#11670=AXIS2_PLACEMENT_3D('',#17822,#14720,#14721);
#11671=AXIS2_PLACEMENT_3D('',#17828,#14725,#14726);
#11672=AXIS2_PLACEMENT_3D('',#17834,#14730,#14731);
#11673=AXIS2_PLACEMENT_3D('',#17840,#14735,#14736);
#11674=AXIS2_PLACEMENT_3D('',#17846,#14740,#14741);
#11675=AXIS2_PLACEMENT_3D('',#17852,#14745,#14746);
#11676=AXIS2_PLACEMENT_3D('',#17858,#14750,#14751);
#11677=AXIS2_PLACEMENT_3D('',#17864,#14755,#14756);
#11678=AXIS2_PLACEMENT_3D('',#17867,#14759,#14760);
#11679=AXIS2_PLACEMENT_3D('',#17868,#14761,#14762);
#11680=AXIS2_PLACEMENT_3D('',#17869,#14763,#14764);
#11681=AXIS2_PLACEMENT_3D('',#17870,#14765,#14766);
#11682=AXIS2_PLACEMENT_3D('',#17871,#14767,#14768);
#11683=AXIS2_PLACEMENT_3D('',#17872,#14769,#14770);
#11684=AXIS2_PLACEMENT_3D('',#17873,#14771,#14772);
#11685=AXIS2_PLACEMENT_3D('',#17874,#14773,#14774);
#11686=AXIS2_PLACEMENT_3D('',#17875,#14775,#14776);
#11687=AXIS2_PLACEMENT_3D('',#17876,#14777,#14778);
#11688=AXIS2_PLACEMENT_3D('',#17877,#14779,#14780);
#11689=AXIS2_PLACEMENT_3D('',#17878,#14781,#14782);
#11690=AXIS2_PLACEMENT_3D('',#17879,#14783,#14784);
#11691=AXIS2_PLACEMENT_3D('',#17880,#14785,#14786);
#11692=AXIS2_PLACEMENT_3D('',#17881,#14787,#14788);
#11693=AXIS2_PLACEMENT_3D('',#17882,#14789,#14790);
#11694=DIRECTION('',(0.,0.,1.));
#11695=DIRECTION('',(1.,0.,0.));
#11696=DIRECTION('',(-1.,0.,0.));
#11697=DIRECTION('',(0.,0.,1.));
#11698=DIRECTION('',(0.,1.,0.));
#11699=DIRECTION('',(0.,0.,-1.));
#11700=DIRECTION('',(0.,1.,0.));
#11701=DIRECTION('',(0.,0.,-1.));
#11702=DIRECTION('',(0.,0.,-1.));
#11703=DIRECTION('',(-1.,0.,0.));
#11704=DIRECTION('',(0.,0.,1.));
#11705=DIRECTION('',(0.999999999986902,-5.11813365673144E-6,0.));
#11706=DIRECTION('',(0.,0.,-1.));
#11707=DIRECTION('',(0.,0.,1.));
#11708=DIRECTION('',(0.999999999986902,-5.11813365673144E-6,0.));
#11709=DIRECTION('',(0.,-1.,0.));
#11710=DIRECTION('',(0.,0.,-1.));
#11711=DIRECTION('',(-1.,0.,0.));
#11712=DIRECTION('',(0.,0.,-1.));
#11713=DIRECTION('',(-1.,0.,0.));
#11714=DIRECTION('',(0.,0.,-1.));
#11715=DIRECTION('',(-1.,0.,0.));
#11716=DIRECTION('',(0.,0.,1.));
#11717=DIRECTION('',(1.6194768880015E-6,0.999999999998689,0.));
#11718=DIRECTION('',(0.,0.,-1.));
#11719=DIRECTION('',(0.,0.,1.));
#11720=DIRECTION('',(1.6194768880015E-6,0.999999999998689,0.));
#11721=DIRECTION('',(1.,0.,0.));
#11722=DIRECTION('',(0.,0.,-1.));
#11723=DIRECTION('',(0.,-1.,0.));
#11724=DIRECTION('',(0.,0.,-1.));
#11725=DIRECTION('',(0.,-1.,0.));
#11726=DIRECTION('',(0.,0.,-1.));
#11727=DIRECTION('',(-1.,0.,0.));
#11728=DIRECTION('',(0.,0.,1.));
#11729=DIRECTION('',(-0.999999999986902,5.1181336545216E-6,0.));
#11730=DIRECTION('',(0.,0.,-1.));
#11731=DIRECTION('',(0.,0.,1.));
#11732=DIRECTION('',(-0.999999999986902,5.1181336545216E-6,0.));
#11733=DIRECTION('',(0.,1.,0.));
#11734=DIRECTION('',(0.,0.,1.));
#11735=DIRECTION('',(1.,0.,0.));
#11736=DIRECTION('',(0.,0.,-1.));
#11737=DIRECTION('',(1.,0.,0.));
#11738=DIRECTION('',(0.,0.,-1.));
#11739=DIRECTION('',(-1.,0.,0.));
#11740=DIRECTION('',(0.,0.,1.));
#11741=DIRECTION('',(-5.11813365452159E-6,-0.999999999986902,0.));
#11742=DIRECTION('',(0.,0.,-1.));
#11743=DIRECTION('',(0.,0.,1.));
#11744=DIRECTION('',(-5.11813365452159E-6,-0.999999999986902,0.));
#11745=DIRECTION('',(-1.,0.,0.));
#11746=DIRECTION('',(0.,0.,1.));
#11747=DIRECTION('',(0.,1.,0.));
#11748=DIRECTION('',(0.,0.,-1.));
#11749=DIRECTION('',(0.,1.,0.));
#11750=DIRECTION('',(0.,0.,-1.));
#11751=DIRECTION('',(-1.,0.,0.));
#11752=DIRECTION('',(0.,0.,1.));
#11753=DIRECTION('',(0.999999998981577,-4.51314303017834E-5,0.));
#11754=DIRECTION('',(0.,0.,-1.));
#11755=DIRECTION('',(0.,0.,1.));
#11756=DIRECTION('',(0.999999998981577,-4.51314303017834E-5,0.));
#11757=DIRECTION('',(0.,-1.,0.));
#11758=DIRECTION('',(0.,0.,-1.));
#11759=DIRECTION('',(-1.,0.,0.));
#11760=DIRECTION('',(0.,0.,-1.));
#11761=DIRECTION('',(-1.,0.,0.));
#11762=DIRECTION('',(0.,0.,-1.));
#11763=DIRECTION('',(-1.,0.,0.));
#11764=DIRECTION('',(0.,0.,1.));
#11765=DIRECTION('',(-0.999999998981577,4.51314303121928E-5,0.));
#11766=DIRECTION('',(0.,0.,-1.));
#11767=DIRECTION('',(0.,0.,1.));
#11768=DIRECTION('',(-0.999999998981577,4.51314303121928E-5,0.));
#11769=DIRECTION('',(-1.,0.,0.));
#11770=DIRECTION('',(0.,0.,1.));
#11771=DIRECTION('',(0.,1.,0.));
#11772=DIRECTION('',(0.,0.,-1.));
#11773=DIRECTION('',(0.,1.,0.));
#11774=DIRECTION('',(0.,0.,-1.));
#11775=DIRECTION('',(-1.,0.,0.));
#11776=DIRECTION('',(0.,0.,1.));
#11777=DIRECTION('',(1.17961948591503E-5,0.999999999930425,0.));
#11778=DIRECTION('',(0.,0.,-1.));
#11779=DIRECTION('',(0.,0.,1.));
#11780=DIRECTION('',(1.17961948591503E-5,0.999999999930425,0.));
#11781=DIRECTION('',(0.,1.,0.));
#11782=DIRECTION('',(0.,0.,1.));
#11783=DIRECTION('',(1.,0.,0.));
#11784=DIRECTION('',(0.,0.,-1.));
#11785=DIRECTION('',(1.,0.,0.));
#11786=DIRECTION('',(0.,0.,-1.));
#11787=DIRECTION('',(-1.,0.,0.));
#11788=DIRECTION('',(0.,0.,1.));
#11789=DIRECTION('',(0.707078418805584,0.707135142429929,0.));
#11790=DIRECTION('',(0.,0.,-1.));
#11791=DIRECTION('',(0.,0.,1.));
#11792=DIRECTION('',(0.707078418805584,0.707135142429929,0.));
#11793=DIRECTION('',(0.707106781186548,0.707106781186547,0.));
#11794=DIRECTION('',(-0.707106781186547,0.707106781186548,0.));
#11795=DIRECTION('',(0.707106781186547,-0.707106781186548,0.));
#11796=DIRECTION('',(0.,0.,-1.));
#11797=DIRECTION('',(0.707106781186547,-0.707106781186548,0.));
#11798=DIRECTION('',(0.,0.,-1.));
#11799=DIRECTION('',(-1.,0.,0.));
#11800=DIRECTION('',(0.,0.,1.));
#11801=DIRECTION('',(0.999999999996663,-2.5833417604433E-6,0.));
#11802=DIRECTION('',(0.,0.,-1.));
#11803=DIRECTION('',(0.,0.,1.));
#11804=DIRECTION('',(0.999999999996663,-2.5833417604433E-6,0.));
#11805=DIRECTION('',(1.,0.,0.));
#11806=DIRECTION('',(0.,0.,-1.));
#11807=DIRECTION('',(0.,-1.,0.));
#11808=DIRECTION('',(0.,0.,-1.));
#11809=DIRECTION('',(0.,-1.,0.));
#11810=DIRECTION('',(0.,0.,-1.));
#11811=DIRECTION('',(-1.,0.,0.));
#11812=DIRECTION('',(0.,0.,1.));
#11813=DIRECTION('',(0.70710637219687,-0.707107190175988,0.));
#11814=DIRECTION('',(0.,0.,-1.));
#11815=DIRECTION('',(0.,0.,1.));
#11816=DIRECTION('',(0.70710637219687,-0.707107190175988,0.));
#11817=DIRECTION('',(0.707106781186548,-0.707106781186547,0.));
#11818=DIRECTION('',(0.707106781186547,0.707106781186548,0.));
#11819=DIRECTION('',(-0.707106781186547,-0.707106781186548,0.));
#11820=DIRECTION('',(0.,0.,-1.));
#11821=DIRECTION('',(-0.707106781186547,-0.707106781186548,0.));
#11822=DIRECTION('',(0.,0.,-1.));
#11823=DIRECTION('',(-1.,0.,0.));
#11824=DIRECTION('',(0.,0.,1.));
#11825=DIRECTION('',(3.22998132969044E-5,-0.999999999478361,0.));
#11826=DIRECTION('',(0.,0.,-1.));
#11827=DIRECTION('',(0.,0.,1.));
#11828=DIRECTION('',(3.22998132969044E-5,-0.999999999478361,0.));
#11829=DIRECTION('',(0.,-1.,0.));
#11830=DIRECTION('',(0.,0.,-1.));
#11831=DIRECTION('',(-1.,0.,0.));
#11832=DIRECTION('',(0.,0.,-1.));
#11833=DIRECTION('',(-1.,0.,0.));
#11834=DIRECTION('',(0.,0.,-1.));
#11835=DIRECTION('',(-1.,0.,0.));
#11836=DIRECTION('',(0.,0.,1.));
#11837=DIRECTION('',(-0.999999999930425,1.17961948591503E-5,0.));
#11838=DIRECTION('',(0.,0.,-1.));
#11839=DIRECTION('',(0.,0.,1.));
#11840=DIRECTION('',(-0.999999999930425,1.17961948591503E-5,0.));
#11841=DIRECTION('',(-1.,0.,0.));
#11842=DIRECTION('',(0.,0.,1.));
#11843=DIRECTION('',(0.,1.,0.));
#11844=DIRECTION('',(0.,0.,-1.));
#11845=DIRECTION('',(0.,1.,0.));
#11846=DIRECTION('',(0.,0.,-1.));
#11847=DIRECTION('',(-1.,0.,0.));
#11848=DIRECTION('',(0.,0.,1.));
#11849=DIRECTION('',(4.51314303191319E-5,0.999999998981577,0.));
#11850=DIRECTION('',(0.,0.,-1.));
#11851=DIRECTION('',(0.,0.,1.));
#11852=DIRECTION('',(4.51314303191319E-5,0.999999998981577,0.));
#11853=DIRECTION('',(0.,1.,0.));
#11854=DIRECTION('',(0.,0.,1.));
#11855=DIRECTION('',(1.,0.,0.));
#11856=DIRECTION('',(0.,0.,-1.));
#11857=DIRECTION('',(1.,0.,0.));
#11858=DIRECTION('',(0.,0.,-1.));
#11859=DIRECTION('',(-1.,0.,0.));
#11860=DIRECTION('',(0.,0.,1.));
#11861=DIRECTION('',(-4.51314303052528E-5,-0.999999998981577,0.));
#11862=DIRECTION('',(0.,0.,-1.));
#11863=DIRECTION('',(0.,0.,1.));
#11864=DIRECTION('',(-4.51314303052528E-5,-0.999999998981577,0.));
#11865=DIRECTION('',(-1.,0.,0.));
#11866=DIRECTION('',(0.,0.,1.));
#11867=DIRECTION('',(0.,1.,0.));
#11868=DIRECTION('',(0.,0.,-1.));
#11869=DIRECTION('',(0.,1.,0.));
#11870=DIRECTION('',(0.,0.,-1.));
#11871=DIRECTION('',(-1.,0.,0.));
#11872=DIRECTION('',(0.,0.,1.));
#11873=DIRECTION('',(0.999999999986902,-5.11813365452158E-6,0.));
#11874=DIRECTION('',(0.,0.,-1.));
#11875=DIRECTION('',(0.,0.,1.));
#11876=DIRECTION('',(0.999999999986902,-5.11813365452158E-6,0.));
#11877=DIRECTION('',(0.,-1.,0.));
#11878=DIRECTION('',(0.,0.,-1.));
#11879=DIRECTION('',(-1.,0.,0.));
#11880=DIRECTION('',(0.,0.,-1.));
#11881=DIRECTION('',(-1.,0.,0.));
#11882=DIRECTION('',(0.,0.,-1.));
#11883=DIRECTION('',(-1.,0.,0.));
#11884=DIRECTION('',(0.,0.,1.));
#11885=DIRECTION('',(5.11813365673144E-6,0.999999999986902,0.));
#11886=DIRECTION('',(0.,0.,-1.));
#11887=DIRECTION('',(0.,0.,1.));
#11888=DIRECTION('',(5.11813365673144E-6,0.999999999986902,0.));
#11889=DIRECTION('',(1.,0.,0.));
#11890=DIRECTION('',(0.,0.,-1.));
#11891=DIRECTION('',(0.,-1.,0.));
#11892=DIRECTION('',(0.,0.,-1.));
#11893=DIRECTION('',(0.,-1.,0.));
#11894=DIRECTION('',(0.,0.,-1.));
#11895=DIRECTION('',(-1.,0.,0.));
#11896=DIRECTION('',(0.,0.,1.));
#11897=DIRECTION('',(-0.999999999998689,1.6194768880015E-6,0.));
#11898=DIRECTION('',(0.,0.,-1.));
#11899=DIRECTION('',(0.,0.,1.));
#11900=DIRECTION('',(-0.999999999998689,1.6194768880015E-6,0.));
#11901=DIRECTION('',(0.,1.,0.));
#11902=DIRECTION('',(0.,0.,1.));
#11903=DIRECTION('',(1.,0.,0.));
#11904=DIRECTION('',(0.,0.,-1.));
#11905=DIRECTION('',(1.,0.,0.));
#11906=DIRECTION('',(0.,0.,-1.));
#11907=DIRECTION('',(-1.,0.,0.));
#11908=DIRECTION('',(0.,0.,1.));
#11909=DIRECTION('',(-5.1181336545216E-6,-0.999999999986902,0.));
#11910=DIRECTION('',(0.,0.,-1.));
#11911=DIRECTION('',(0.,0.,1.));
#11912=DIRECTION('',(-5.1181336545216E-6,-0.999999999986902,0.));
#11913=DIRECTION('',(-1.,0.,0.));
#11914=DIRECTION('',(0.,0.,1.));
#11915=DIRECTION('',(0.,1.,0.));
#11916=DIRECTION('',(0.,0.,-1.));
#11917=DIRECTION('',(0.,1.,0.));
#11918=DIRECTION('',(0.,0.,-1.));
#11919=DIRECTION('',(-1.,0.,0.));
#11920=DIRECTION('',(0.,0.,1.));
#11921=DIRECTION('',(0.999999999986902,-5.11813365452159E-6,0.));
#11922=DIRECTION('',(0.,0.,-1.));
#11923=DIRECTION('',(0.,0.,1.));
#11924=DIRECTION('',(0.999999999986902,-5.11813365452159E-6,0.));
#11925=DIRECTION('',(0.,-1.,0.));
#11926=DIRECTION('',(0.,0.,-1.));
#11927=DIRECTION('',(-1.,0.,0.));
#11928=DIRECTION('',(0.,0.,-1.));
#11929=DIRECTION('',(-1.,0.,0.));
#11930=DIRECTION('',(0.,0.,-1.));
#11931=DIRECTION('',(-1.,0.,0.));
#11932=DIRECTION('',(0.,0.,1.));
#11933=DIRECTION('',(4.51314303017834E-5,0.999999998981577,0.));
#11934=DIRECTION('',(0.,0.,-1.));
#11935=DIRECTION('',(0.,0.,1.));
#11936=DIRECTION('',(4.51314303017834E-5,0.999999998981577,0.));
#11937=DIRECTION('',(1.,0.,0.));
#11938=DIRECTION('',(0.,0.,-1.));
#11939=DIRECTION('',(0.,-1.,0.));
#11940=DIRECTION('',(0.,0.,-1.));
#11941=DIRECTION('',(0.,-1.,0.));
#11942=DIRECTION('',(0.,0.,-1.));
#11943=DIRECTION('',(-1.,0.,0.));
#11944=DIRECTION('',(0.,0.,1.));
#11945=DIRECTION('',(-4.51314303121928E-5,-0.999999998981577,0.));
#11946=DIRECTION('',(0.,0.,-1.));
#11947=DIRECTION('',(0.,0.,1.));
#11948=DIRECTION('',(-4.51314303121928E-5,-0.999999998981577,0.));
#11949=DIRECTION('',(0.,-1.,0.));
#11950=DIRECTION('',(0.,0.,-1.));
#11951=DIRECTION('',(-1.,0.,0.));
#11952=DIRECTION('',(0.,0.,-1.));
#11953=DIRECTION('',(-1.,0.,0.));
#11954=DIRECTION('',(0.,0.,-1.));
#11955=DIRECTION('',(-1.,0.,0.));
#11956=DIRECTION('',(0.,0.,1.));
#11957=DIRECTION('',(-0.999999999930425,1.17961948591503E-5,0.));
#11958=DIRECTION('',(0.,0.,-1.));
#11959=DIRECTION('',(0.,0.,1.));
#11960=DIRECTION('',(-0.999999999930425,1.17961948591503E-5,0.));
#11961=DIRECTION('',(-1.,0.,0.));
#11962=DIRECTION('',(0.,0.,1.));
#11963=DIRECTION('',(0.,1.,0.));
#11964=DIRECTION('',(0.,0.,-1.));
#11965=DIRECTION('',(0.,1.,0.));
#11966=DIRECTION('',(0.,0.,-1.));
#11967=DIRECTION('',(-1.,0.,0.));
#11968=DIRECTION('',(0.,0.,1.));
#11969=DIRECTION('',(-0.707135142429929,0.707078418805584,0.));
#11970=DIRECTION('',(0.,0.,-1.));
#11971=DIRECTION('',(0.,0.,1.));
#11972=DIRECTION('',(-0.707135142429929,0.707078418805584,0.));
#11973=DIRECTION('',(-0.707106781186547,0.707106781186548,0.));
#11974=DIRECTION('',(-0.707106781186548,-0.707106781186547,0.));
#11975=DIRECTION('',(0.707106781186548,0.707106781186547,0.));
#11976=DIRECTION('',(0.,0.,-1.));
#11977=DIRECTION('',(0.707106781186548,0.707106781186547,0.));
#11978=DIRECTION('',(0.,0.,-1.));
#11979=DIRECTION('',(-1.,0.,0.));
#11980=DIRECTION('',(0.,0.,1.));
#11981=DIRECTION('',(2.5833417604433E-6,0.999999999996663,0.));
#11982=DIRECTION('',(0.,0.,-1.));
#11983=DIRECTION('',(0.,0.,1.));
#11984=DIRECTION('',(2.5833417604433E-6,0.999999999996663,0.));
#11985=DIRECTION('',(0.,1.,0.));
#11986=DIRECTION('',(0.,0.,1.));
#11987=DIRECTION('',(1.,0.,0.));
#11988=DIRECTION('',(0.,0.,-1.));
#11989=DIRECTION('',(1.,0.,0.));
#11990=DIRECTION('',(0.,0.,-1.));
#11991=DIRECTION('',(-1.,0.,0.));
#11992=DIRECTION('',(0.,0.,1.));
#11993=DIRECTION('',(0.707107190175988,0.70710637219687,0.));
#11994=DIRECTION('',(0.,0.,-1.));
#11995=DIRECTION('',(0.,0.,1.));
#11996=DIRECTION('',(0.707107190175988,0.70710637219687,0.));
#11997=DIRECTION('',(0.707106781186547,0.707106781186548,0.));
#11998=DIRECTION('',(-0.707106781186548,0.707106781186547,0.));
#11999=DIRECTION('',(0.707106781186548,-0.707106781186547,0.));
#12000=DIRECTION('',(0.,0.,-1.));
#12001=DIRECTION('',(0.707106781186548,-0.707106781186547,0.));
#12002=DIRECTION('',(0.,0.,-1.));
#12003=DIRECTION('',(-1.,0.,0.));
#12004=DIRECTION('',(0.,0.,1.));
#12005=DIRECTION('',(0.999999999478361,3.22998132969044E-5,0.));
#12006=DIRECTION('',(0.,0.,-1.));
#12007=DIRECTION('',(0.,0.,1.));
#12008=DIRECTION('',(0.999999999478361,3.22998132969044E-5,0.));
#12009=DIRECTION('',(1.,0.,0.));
#12010=DIRECTION('',(0.,0.,-1.));
#12011=DIRECTION('',(0.,-1.,0.));
#12012=DIRECTION('',(0.,0.,-1.));
#12013=DIRECTION('',(0.,-1.,0.));
#12014=DIRECTION('',(0.,0.,-1.));
#12015=DIRECTION('',(-1.,0.,0.));
#12016=DIRECTION('',(0.,0.,1.));
#12017=DIRECTION('',(-1.17961948591503E-5,-0.999999999930425,0.));
#12018=DIRECTION('',(0.,0.,-1.));
#12019=DIRECTION('',(0.,0.,1.));
#12020=DIRECTION('',(-1.17961948591503E-5,-0.999999999930425,0.));
#12021=DIRECTION('',(0.,-1.,0.));
#12022=DIRECTION('',(0.,0.,-1.));
#12023=DIRECTION('',(-1.,0.,0.));
#12024=DIRECTION('',(0.,0.,-1.));
#12025=DIRECTION('',(-1.,0.,0.));
#12026=DIRECTION('',(0.,0.,-1.));
#12027=DIRECTION('',(-1.,0.,0.));
#12028=DIRECTION('',(0.,0.,1.));
#12029=DIRECTION('',(-0.999999998981577,4.51314303191319E-5,0.));
#12030=DIRECTION('',(0.,0.,-1.));
#12031=DIRECTION('',(0.,0.,1.));
#12032=DIRECTION('',(-0.999999998981577,4.51314303191319E-5,0.));
#12033=DIRECTION('',(-1.,0.,0.));
#12034=DIRECTION('',(0.,0.,1.));
#12035=DIRECTION('',(0.,1.,0.));
#12036=DIRECTION('',(0.,0.,-1.));
#12037=DIRECTION('',(0.,1.,0.));
#12038=DIRECTION('',(0.,0.,-1.));
#12039=DIRECTION('',(-1.,0.,0.));
#12040=DIRECTION('',(0.,0.,1.));
#12041=DIRECTION('',(0.999999998981577,-4.51314303052528E-5,0.));
#12042=DIRECTION('',(0.,0.,-1.));
#12043=DIRECTION('',(0.,0.,1.));
#12044=DIRECTION('',(0.999999998981577,-4.51314303052528E-5,0.));
#12045=DIRECTION('',(0.,-1.,0.));
#12046=DIRECTION('',(0.,0.,-1.));
#12047=DIRECTION('',(-1.,0.,0.));
#12048=DIRECTION('',(0.,0.,-1.));
#12049=DIRECTION('',(-1.,0.,0.));
#12050=DIRECTION('',(0.,0.,-1.));
#12051=DIRECTION('',(-1.,0.,0.));
#12052=DIRECTION('',(0.,0.,1.));
#12053=DIRECTION('',(5.11813365452158E-6,0.999999999986902,0.));
#12054=DIRECTION('',(0.,0.,-1.));
#12055=DIRECTION('',(0.,0.,1.));
#12056=DIRECTION('',(5.11813365452158E-6,0.999999999986902,0.));
#12057=DIRECTION('',(1.,0.,0.));
#12058=DIRECTION('',(0.,0.,-1.));
#12059=DIRECTION('',(0.,-1.,0.));
#12060=DIRECTION('',(0.,0.,-1.));
#12061=DIRECTION('',(0.,-1.,0.));
#12062=DIRECTION('',(0.,0.,-1.));
#12063=DIRECTION('',(-1.,0.,0.));
#12064=DIRECTION('',(0.,0.,1.));
#12065=DIRECTION('',(-0.999999999986902,5.11813365673144E-6,0.));
#12066=DIRECTION('',(0.,0.,-1.));
#12067=DIRECTION('',(0.,0.,1.));
#12068=DIRECTION('',(-0.999999999986902,5.11813365673144E-6,0.));
#12069=DIRECTION('',(0.,1.,0.));
#12070=DIRECTION('',(0.,0.,1.));
#12071=DIRECTION('',(1.,0.,0.));
#12072=DIRECTION('',(0.,0.,-1.));
#12073=DIRECTION('',(1.,0.,0.));
#12074=DIRECTION('',(0.,0.,-1.));
#12075=DIRECTION('',(-1.,0.,0.));
#12076=DIRECTION('',(0.,0.,1.));
#12077=DIRECTION('',(-1.6194768880015E-6,-0.999999999998689,0.));
#12078=DIRECTION('',(0.,0.,-1.));
#12079=DIRECTION('',(0.,0.,1.));
#12080=DIRECTION('',(-1.6194768880015E-6,-0.999999999998689,0.));
#12081=DIRECTION('',(-1.,0.,0.));
#12082=DIRECTION('',(0.,0.,1.));
#12083=DIRECTION('',(0.,1.,0.));
#12084=DIRECTION('',(0.,0.,-1.));
#12085=DIRECTION('',(0.,1.,0.));
#12086=DIRECTION('',(0.,0.,-1.));
#12087=DIRECTION('',(-1.,0.,0.));
#12088=DIRECTION('',(0.,0.,1.));
#12089=DIRECTION('',(0.999999999986902,-5.1181336545216E-6,0.));
#12090=DIRECTION('',(0.,0.,-1.));
#12091=DIRECTION('',(0.,0.,1.));
#12092=DIRECTION('',(0.999999999986902,-5.1181336545216E-6,0.));
#12093=DIRECTION('',(0.,-1.,0.));
#12094=DIRECTION('',(0.,0.,-1.));
#12095=DIRECTION('',(-1.,0.,0.));
#12096=DIRECTION('',(0.,0.,-1.));
#12097=DIRECTION('',(-1.,0.,0.));
#12098=DIRECTION('',(0.,0.,-1.));
#12099=DIRECTION('',(-1.,0.,0.));
#12100=DIRECTION('',(0.,0.,1.));
#12101=DIRECTION('',(5.11813365452159E-6,0.999999999986902,0.));
#12102=DIRECTION('',(0.,0.,-1.));
#12103=DIRECTION('',(0.,0.,1.));
#12104=DIRECTION('',(5.11813365452159E-6,0.999999999986902,0.));
#12105=DIRECTION('',(1.,0.,0.));
#12106=DIRECTION('',(0.,0.,-1.));
#12107=DIRECTION('',(0.,-1.,0.));
#12108=DIRECTION('',(0.,0.,-1.));
#12109=DIRECTION('',(0.,-1.,0.));
#12110=DIRECTION('',(0.,0.,-1.));
#12111=DIRECTION('',(-1.,0.,0.));
#12112=DIRECTION('',(0.,0.,1.));
#12113=DIRECTION('',(-0.999999998981577,4.51314303017834E-5,0.));
#12114=DIRECTION('',(0.,0.,-1.));
#12115=DIRECTION('',(0.,0.,1.));
#12116=DIRECTION('',(-0.999999998981577,4.51314303017834E-5,0.));
#12117=DIRECTION('',(0.,1.,0.));
#12118=DIRECTION('',(0.,0.,1.));
#12119=DIRECTION('',(1.,0.,0.));
#12120=DIRECTION('',(0.,0.,-1.));
#12121=DIRECTION('',(1.,0.,0.));
#12122=DIRECTION('',(0.,0.,-1.));
#12123=DIRECTION('',(-1.,0.,0.));
#12124=DIRECTION('',(0.,0.,1.));
#12125=DIRECTION('',(0.999999998981577,-4.51314303121928E-5,0.));
#12126=DIRECTION('',(0.,0.,-1.));
#12127=DIRECTION('',(0.,0.,1.));
#12128=DIRECTION('',(0.999999998981577,-4.51314303121928E-5,0.));
#12129=DIRECTION('',(1.,0.,0.));
#12130=DIRECTION('',(0.,0.,-1.));
#12131=DIRECTION('',(0.,-1.,0.));
#12132=DIRECTION('',(0.,0.,-1.));
#12133=DIRECTION('',(0.,-1.,0.));
#12134=DIRECTION('',(0.,0.,-1.));
#12135=DIRECTION('',(-1.,0.,0.));
#12136=DIRECTION('',(0.,0.,1.));
#12137=DIRECTION('',(-1.17961948591503E-5,-0.999999999930425,0.));
#12138=DIRECTION('',(0.,0.,-1.));
#12139=DIRECTION('',(0.,0.,1.));
#12140=DIRECTION('',(-1.17961948591503E-5,-0.999999999930425,0.));
#12141=DIRECTION('',(0.,-1.,0.));
#12142=DIRECTION('',(0.,0.,-1.));
#12143=DIRECTION('',(-1.,0.,0.));
#12144=DIRECTION('',(0.,0.,-1.));
#12145=DIRECTION('',(-1.,0.,0.));
#12146=DIRECTION('',(0.,0.,-1.));
#12147=DIRECTION('',(-1.,0.,0.));
#12148=DIRECTION('',(0.,0.,1.));
#12149=DIRECTION('',(-0.707078418805584,-0.707135142429929,0.));
#12150=DIRECTION('',(0.,0.,-1.));
#12151=DIRECTION('',(0.,0.,1.));
#12152=DIRECTION('',(-0.707078418805584,-0.707135142429929,0.));
#12153=DIRECTION('',(-0.707106781186548,-0.707106781186547,0.));
#12154=DIRECTION('',(0.707106781186547,-0.707106781186548,0.));
#12155=DIRECTION('',(-0.707106781186547,0.707106781186548,0.));
#12156=DIRECTION('',(0.,0.,-1.));
#12157=DIRECTION('',(-0.707106781186547,0.707106781186548,0.));
#12158=DIRECTION('',(0.,0.,-1.));
#12159=DIRECTION('',(-1.,0.,0.));
#12160=DIRECTION('',(0.,0.,1.));
#12161=DIRECTION('',(-0.999999999996663,2.5833417604433E-6,0.));
#12162=DIRECTION('',(0.,0.,-1.));
#12163=DIRECTION('',(0.,0.,1.));
#12164=DIRECTION('',(-0.999999999996663,2.5833417604433E-6,0.));
#12165=DIRECTION('',(-1.,0.,0.));
#12166=DIRECTION('',(0.,0.,1.));
#12167=DIRECTION('',(0.,1.,0.));
#12168=DIRECTION('',(0.,0.,-1.));
#12169=DIRECTION('',(0.,1.,0.));
#12170=DIRECTION('',(0.,0.,-1.));
#12171=DIRECTION('',(-1.,0.,0.));
#12172=DIRECTION('',(0.,0.,1.));
#12173=DIRECTION('',(-0.70710637219687,0.707107190175988,0.));
#12174=DIRECTION('',(0.,0.,-1.));
#12175=DIRECTION('',(0.,0.,1.));
#12176=DIRECTION('',(-0.70710637219687,0.707107190175988,0.));
#12177=DIRECTION('',(-0.707106781186548,0.707106781186547,0.));
#12178=DIRECTION('',(-0.707106781186547,-0.707106781186548,0.));
#12179=DIRECTION('',(0.707106781186547,0.707106781186548,0.));
#12180=DIRECTION('',(0.,0.,-1.));
#12181=DIRECTION('',(0.707106781186547,0.707106781186548,0.));
#12182=DIRECTION('',(0.,0.,-1.));
#12183=DIRECTION('',(-1.,0.,0.));
#12184=DIRECTION('',(0.,0.,1.));
#12185=DIRECTION('',(-3.22998132969044E-5,0.999999999478361,0.));
#12186=DIRECTION('',(0.,0.,-1.));
#12187=DIRECTION('',(0.,0.,1.));
#12188=DIRECTION('',(-3.22998132969044E-5,0.999999999478361,0.));
#12189=DIRECTION('',(0.,1.,0.));
#12190=DIRECTION('',(0.,0.,1.));
#12191=DIRECTION('',(1.,0.,0.));
#12192=DIRECTION('',(0.,0.,-1.));
#12193=DIRECTION('',(1.,0.,0.));
#12194=DIRECTION('',(0.,0.,-1.));
#12195=DIRECTION('',(-1.,0.,0.));
#12196=DIRECTION('',(0.,0.,1.));
#12197=DIRECTION('',(0.999999999930425,-1.17961948591503E-5,0.));
#12198=DIRECTION('',(0.,0.,-1.));
#12199=DIRECTION('',(0.,0.,1.));
#12200=DIRECTION('',(0.999999999930425,-1.17961948591503E-5,0.));
#12201=DIRECTION('',(1.,0.,0.));
#12202=DIRECTION('',(0.,0.,-1.));
#12203=DIRECTION('',(0.,-1.,0.));
#12204=DIRECTION('',(0.,0.,-1.));
#12205=DIRECTION('',(0.,-1.,0.));
#12206=DIRECTION('',(0.,0.,-1.));
#12207=DIRECTION('',(-1.,0.,0.));
#12208=DIRECTION('',(0.,0.,1.));
#12209=DIRECTION('',(-4.51314303191319E-5,-0.999999998981577,0.));
#12210=DIRECTION('',(0.,0.,-1.));
#12211=DIRECTION('',(0.,0.,1.));
#12212=DIRECTION('',(-4.51314303191319E-5,-0.999999998981577,0.));
#12213=DIRECTION('',(0.,-1.,0.));
#12214=DIRECTION('',(0.,0.,-1.));
#12215=DIRECTION('',(-1.,0.,0.));
#12216=DIRECTION('',(0.,0.,-1.));
#12217=DIRECTION('',(-1.,0.,0.));
#12218=DIRECTION('',(0.,0.,-1.));
#12219=DIRECTION('',(-1.,0.,0.));
#12220=DIRECTION('',(0.,0.,1.));
#12221=DIRECTION('',(4.51314303052528E-5,0.999999998981577,0.));
#12222=DIRECTION('',(0.,0.,-1.));
#12223=DIRECTION('',(0.,0.,1.));
#12224=DIRECTION('',(4.51314303052528E-5,0.999999998981577,0.));
#12225=DIRECTION('',(1.,0.,0.));
#12226=DIRECTION('',(0.,0.,-1.));
#12227=DIRECTION('',(0.,-1.,0.));
#12228=DIRECTION('',(0.,0.,-1.));
#12229=DIRECTION('',(0.,-1.,0.));
#12230=DIRECTION('',(0.,0.,-1.));
#12231=DIRECTION('',(-1.,0.,0.));
#12232=DIRECTION('',(0.,0.,1.));
#12233=DIRECTION('',(-0.999999999986902,5.11813365452158E-6,0.));
#12234=DIRECTION('',(0.,0.,-1.));
#12235=DIRECTION('',(0.,0.,1.));
#12236=DIRECTION('',(-0.999999999986902,5.11813365452158E-6,0.));
#12237=DIRECTION('',(0.,1.,0.));
#12238=DIRECTION('',(0.,0.,1.));
#12239=DIRECTION('',(1.,0.,0.));
#12240=DIRECTION('',(0.,0.,-1.));
#12241=DIRECTION('',(1.,0.,0.));
#12242=DIRECTION('',(0.,0.,-1.));
#12243=DIRECTION('',(-1.,0.,0.));
#12244=DIRECTION('',(0.,0.,1.));
#12245=DIRECTION('',(-5.11813365673144E-6,-0.999999999986902,0.));
#12246=DIRECTION('',(0.,0.,-1.));
#12247=DIRECTION('',(0.,0.,1.));
#12248=DIRECTION('',(-5.11813365673144E-6,-0.999999999986902,0.));
#12249=DIRECTION('',(-1.,0.,0.));
#12250=DIRECTION('',(0.,0.,1.));
#12251=DIRECTION('',(0.,1.,0.));
#12252=DIRECTION('',(0.,0.,-1.));
#12253=DIRECTION('',(0.,1.,0.));
#12254=DIRECTION('',(0.,0.,-1.));
#12255=DIRECTION('',(-1.,0.,0.));
#12256=DIRECTION('',(0.,0.,1.));
#12257=DIRECTION('',(0.999999999998689,-1.6194768880015E-6,0.));
#12258=DIRECTION('',(0.,0.,-1.));
#12259=DIRECTION('',(0.,0.,1.));
#12260=DIRECTION('',(0.999999999998689,-1.6194768880015E-6,0.));
#12261=DIRECTION('',(0.,-1.,0.));
#12262=DIRECTION('',(0.,0.,-1.));
#12263=DIRECTION('',(-1.,0.,0.));
#12264=DIRECTION('',(0.,0.,-1.));
#12265=DIRECTION('',(-1.,0.,0.));
#12266=DIRECTION('',(0.,0.,-1.));
#12267=DIRECTION('',(-1.,0.,0.));
#12268=DIRECTION('',(0.,0.,1.));
#12269=DIRECTION('',(5.1181336545216E-6,0.999999999986902,0.));
#12270=DIRECTION('',(0.,0.,-1.));
#12271=DIRECTION('',(0.,0.,1.));
#12272=DIRECTION('',(5.1181336545216E-6,0.999999999986902,0.));
#12273=DIRECTION('',(1.,0.,0.));
#12274=DIRECTION('',(0.,0.,-1.));
#12275=DIRECTION('',(0.,-1.,0.));
#12276=DIRECTION('',(0.,0.,-1.));
#12277=DIRECTION('',(0.,-1.,0.));
#12278=DIRECTION('',(0.,0.,-1.));
#12279=DIRECTION('',(-1.,0.,0.));
#12280=DIRECTION('',(0.,0.,1.));
#12281=DIRECTION('',(-0.999999999986902,5.11813365452159E-6,0.));
#12282=DIRECTION('',(0.,0.,-1.));
#12283=DIRECTION('',(0.,0.,1.));
#12284=DIRECTION('',(-0.999999999986902,5.11813365452159E-6,0.));
#12285=DIRECTION('',(0.,1.,0.));
#12286=DIRECTION('',(0.,0.,1.));
#12287=DIRECTION('',(1.,0.,0.));
#12288=DIRECTION('',(0.,0.,-1.));
#12289=DIRECTION('',(1.,0.,0.));
#12290=DIRECTION('',(0.,0.,-1.));
#12291=DIRECTION('',(-1.,0.,0.));
#12292=DIRECTION('',(0.,0.,1.));
#12293=DIRECTION('',(-4.51314303017834E-5,-0.999999998981577,0.));
#12294=DIRECTION('',(0.,0.,-1.));
#12295=DIRECTION('',(0.,0.,1.));
#12296=DIRECTION('',(-4.51314303017834E-5,-0.999999998981577,0.));
#12297=DIRECTION('',(-1.,0.,0.));
#12298=DIRECTION('',(0.,0.,1.));
#12299=DIRECTION('',(0.,1.,0.));
#12300=DIRECTION('',(0.,0.,-1.));
#12301=DIRECTION('',(0.,1.,0.));
#12302=DIRECTION('',(0.,0.,-1.));
#12303=DIRECTION('',(-1.,0.,0.));
#12304=DIRECTION('',(0.,0.,1.));
#12305=DIRECTION('',(4.51314303121928E-5,0.999999998981577,0.));
#12306=DIRECTION('',(0.,0.,-1.));
#12307=DIRECTION('',(0.,0.,1.));
#12308=DIRECTION('',(4.51314303121928E-5,0.999999998981577,0.));
#12309=DIRECTION('',(0.,1.,0.));
#12310=DIRECTION('',(0.,0.,1.));
#12311=DIRECTION('',(1.,0.,0.));
#12312=DIRECTION('',(0.,0.,-1.));
#12313=DIRECTION('',(1.,0.,0.));
#12314=DIRECTION('',(0.,0.,-1.));
#12315=DIRECTION('',(-1.,0.,0.));
#12316=DIRECTION('',(0.,0.,1.));
#12317=DIRECTION('',(0.999999999930425,-1.17961948591503E-5,0.));
#12318=DIRECTION('',(0.,0.,-1.));
#12319=DIRECTION('',(0.,0.,1.));
#12320=DIRECTION('',(0.999999999930425,-1.17961948591503E-5,0.));
#12321=DIRECTION('',(1.,0.,0.));
#12322=DIRECTION('',(0.,0.,-1.));
#12323=DIRECTION('',(0.,-1.,0.));
#12324=DIRECTION('',(0.,0.,-1.));
#12325=DIRECTION('',(0.,-1.,0.));
#12326=DIRECTION('',(0.,0.,-1.));
#12327=DIRECTION('',(-1.,0.,0.));
#12328=DIRECTION('',(0.,0.,1.));
#12329=DIRECTION('',(0.707135142429929,-0.707078418805584,0.));
#12330=DIRECTION('',(0.,0.,-1.));
#12331=DIRECTION('',(0.,0.,1.));
#12332=DIRECTION('',(0.707135142429929,-0.707078418805584,0.));
#12333=DIRECTION('',(0.707106781186547,-0.707106781186548,0.));
#12334=DIRECTION('',(0.707106781186548,0.707106781186547,0.));
#12335=DIRECTION('',(-0.707106781186548,-0.707106781186547,0.));
#12336=DIRECTION('',(0.,0.,-1.));
#12337=DIRECTION('',(-0.707106781186548,-0.707106781186547,0.));
#12338=DIRECTION('',(0.,0.,-1.));
#12339=DIRECTION('',(-1.,0.,0.));
#12340=DIRECTION('',(0.,0.,1.));
#12341=DIRECTION('',(-2.5833417604433E-6,-0.999999999996663,0.));
#12342=DIRECTION('',(0.,0.,-1.));
#12343=DIRECTION('',(0.,0.,1.));
#12344=DIRECTION('',(-2.5833417604433E-6,-0.999999999996663,0.));
#12345=DIRECTION('',(0.,-1.,0.));
#12346=DIRECTION('',(0.,0.,-1.));
#12347=DIRECTION('',(-1.,0.,0.));
#12348=DIRECTION('',(0.,0.,-1.));
#12349=DIRECTION('',(-1.,0.,0.));
#12350=DIRECTION('',(0.,0.,-1.));
#12351=DIRECTION('',(-1.,0.,0.));
#12352=DIRECTION('',(0.,0.,1.));
#12353=DIRECTION('',(-0.707107190175988,-0.70710637219687,0.));
#12354=DIRECTION('',(0.,0.,-1.));
#12355=DIRECTION('',(0.,0.,1.));
#12356=DIRECTION('',(-0.707107190175988,-0.70710637219687,0.));
#12357=DIRECTION('',(-0.707106781186547,-0.707106781186548,0.));
#12358=DIRECTION('',(0.707106781186548,-0.707106781186547,0.));
#12359=DIRECTION('',(-0.707106781186548,0.707106781186547,0.));
#12360=DIRECTION('',(0.,0.,-1.));
#12361=DIRECTION('',(-0.707106781186548,0.707106781186547,0.));
#12362=DIRECTION('',(0.,0.,-1.));
#12363=DIRECTION('',(-1.,0.,0.));
#12364=DIRECTION('',(0.,0.,1.));
#12365=DIRECTION('',(-0.999999999478361,-3.22998132969044E-5,0.));
#12366=DIRECTION('',(0.,0.,-1.));
#12367=DIRECTION('',(0.,0.,1.));
#12368=DIRECTION('',(-0.999999999478361,-3.22998132969044E-5,0.));
#12369=DIRECTION('',(-1.,0.,0.));
#12370=DIRECTION('',(0.,0.,1.));
#12371=DIRECTION('',(0.,1.,0.));
#12372=DIRECTION('',(0.,0.,-1.));
#12373=DIRECTION('',(0.,1.,0.));
#12374=DIRECTION('',(0.,0.,-1.));
#12375=DIRECTION('',(-1.,0.,0.));
#12376=DIRECTION('',(0.,0.,1.));
#12377=DIRECTION('',(1.17961948591503E-5,0.999999999930425,0.));
#12378=DIRECTION('',(0.,0.,-1.));
#12379=DIRECTION('',(0.,0.,1.));
#12380=DIRECTION('',(1.17961948591503E-5,0.999999999930425,0.));
#12381=DIRECTION('',(0.,1.,0.));
#12382=DIRECTION('',(0.,0.,1.));
#12383=DIRECTION('',(1.,0.,0.));
#12384=DIRECTION('',(0.,0.,-1.));
#12385=DIRECTION('',(1.,0.,0.));
#12386=DIRECTION('',(0.,0.,-1.));
#12387=DIRECTION('',(-1.,0.,0.));
#12388=DIRECTION('',(0.,0.,1.));
#12389=DIRECTION('',(0.999999998981577,-4.51314303191319E-5,0.));
#12390=DIRECTION('',(0.,0.,-1.));
#12391=DIRECTION('',(0.,0.,1.));
#12392=DIRECTION('',(0.999999998981577,-4.51314303191319E-5,0.));
#12393=DIRECTION('',(1.,0.,0.));
#12394=DIRECTION('',(0.,0.,-1.));
#12395=DIRECTION('',(0.,-1.,0.));
#12396=DIRECTION('',(0.,0.,-1.));
#12397=DIRECTION('',(0.,-1.,0.));
#12398=DIRECTION('',(0.,0.,-1.));
#12399=DIRECTION('',(-1.,0.,0.));
#12400=DIRECTION('',(0.,0.,1.));
#12401=DIRECTION('',(-0.999999998981577,4.51314303052528E-5,0.));
#12402=DIRECTION('',(0.,0.,-1.));
#12403=DIRECTION('',(0.,0.,1.));
#12404=DIRECTION('',(-0.999999998981577,4.51314303052528E-5,0.));
#12405=DIRECTION('',(0.,1.,0.));
#12406=DIRECTION('',(0.,0.,1.));
#12407=DIRECTION('',(1.,0.,0.));
#12408=DIRECTION('',(0.,0.,-1.));
#12409=DIRECTION('',(1.,0.,0.));
#12410=DIRECTION('',(0.,0.,-1.));
#12411=DIRECTION('',(-1.,0.,0.));
#12412=DIRECTION('',(0.,0.,1.));
#12413=DIRECTION('',(-1.23482033572086E-6,-0.999999999999238,0.));
#12414=DIRECTION('',(0.,0.,-1.));
#12415=DIRECTION('',(0.,0.,1.));
#12416=DIRECTION('',(-1.23482033572086E-6,-0.999999999999238,0.));
#12417=DIRECTION('',(0.,0.,-1.));
#12418=DIRECTION('',(0.,1.,0.));
#12419=DIRECTION('',(0.,0.,1.));
#12420=DIRECTION('',(1.,0.,0.));
#12421=DIRECTION('',(0.,0.,-1.));
#12422=DIRECTION('',(1.,0.,0.));
#12423=DIRECTION('',(0.,0.,-1.));
#12424=DIRECTION('',(-1.,0.,0.));
#12425=DIRECTION('',(0.,0.,1.));
#12426=DIRECTION('',(-0.999999999890728,1.47832419008337E-5,0.));
#12427=DIRECTION('',(0.,0.,-1.));
#12428=DIRECTION('',(0.,0.,1.));
#12429=DIRECTION('',(-0.999999999890728,1.47832419008337E-5,0.));
#12430=DIRECTION('',(1.,0.,0.));
#12431=DIRECTION('',(0.,0.,-1.));
#12432=DIRECTION('',(0.,-1.,0.));
#12433=DIRECTION('',(0.,0.,-1.));
#12434=DIRECTION('',(0.,-1.,0.));
#12435=DIRECTION('',(0.,0.,-1.));
#12436=DIRECTION('',(-1.,0.,0.));
#12437=DIRECTION('',(0.,0.,1.));
#12438=DIRECTION('',(1.1796194867346E-5,0.999999999930425,0.));
#12439=DIRECTION('',(0.,0.,-1.));
#12440=DIRECTION('',(0.,0.,1.));
#12441=DIRECTION('',(1.1796194867346E-5,0.999999999930425,0.));
#12442=DIRECTION('',(0.,-1.,0.));
#12443=DIRECTION('',(0.,0.,-1.));
#12444=DIRECTION('',(-1.,0.,0.));
#12445=DIRECTION('',(0.,0.,-1.));
#12446=DIRECTION('',(-1.,0.,0.));
#12447=DIRECTION('',(0.,0.,-1.));
#12448=DIRECTION('',(-1.,0.,0.));
#12449=DIRECTION('',(0.,0.,1.));
#12450=DIRECTION('',(0.999999999890728,-1.47832419063408E-5,0.));
#12451=DIRECTION('',(0.,0.,-1.));
#12452=DIRECTION('',(0.,0.,1.));
#12453=DIRECTION('',(0.999999999890728,-1.47832419063408E-5,0.));
#12454=DIRECTION('',(0.,0.,-1.));
#12455=DIRECTION('',(-1.,0.,0.));
#12456=DIRECTION('',(0.,0.,1.));
#12457=DIRECTION('',(-0.999999999999238,1.23482033572086E-6,0.));
#12458=DIRECTION('',(0.,0.,-1.));
#12459=DIRECTION('',(0.,0.,1.));
#12460=DIRECTION('',(-0.999999999999238,1.23482033572086E-6,0.));
#12461=DIRECTION('',(0.,0.,-1.));
#12462=DIRECTION('',(1.,0.,0.));
#12463=DIRECTION('',(0.,0.,-1.));
#12464=DIRECTION('',(0.,-1.,0.));
#12465=DIRECTION('',(0.,0.,-1.));
#12466=DIRECTION('',(0.,-1.,0.));
#12467=DIRECTION('',(0.,0.,-1.));
#12468=DIRECTION('',(-1.,0.,0.));
#12469=DIRECTION('',(0.,0.,1.));
#12470=DIRECTION('',(1.47832419008337E-5,0.999999999890728,0.));
#12471=DIRECTION('',(0.,0.,-1.));
#12472=DIRECTION('',(0.,0.,1.));
#12473=DIRECTION('',(1.47832419008337E-5,0.999999999890728,0.));
#12474=DIRECTION('',(0.,-1.,0.));
#12475=DIRECTION('',(0.,0.,-1.));
#12476=DIRECTION('',(-1.,0.,0.));
#12477=DIRECTION('',(0.,0.,-1.));
#12478=DIRECTION('',(-1.,0.,0.));
#12479=DIRECTION('',(0.,0.,-1.));
#12480=DIRECTION('',(-1.,0.,0.));
#12481=DIRECTION('',(0.,0.,1.));
#12482=DIRECTION('',(0.999999999930425,-1.1796194867346E-5,0.));
#12483=DIRECTION('',(0.,0.,-1.));
#12484=DIRECTION('',(0.,0.,1.));
#12485=DIRECTION('',(0.999999999930425,-1.1796194867346E-5,0.));
#12486=DIRECTION('',(-1.,0.,0.));
#12487=DIRECTION('',(0.,0.,1.));
#12488=DIRECTION('',(0.,1.,0.));
#12489=DIRECTION('',(0.,0.,-1.));
#12490=DIRECTION('',(0.,1.,0.));
#12491=DIRECTION('',(0.,0.,-1.));
#12492=DIRECTION('',(-1.,0.,0.));
#12493=DIRECTION('',(0.,0.,1.));
#12494=DIRECTION('',(-1.47832419063408E-5,-0.999999999890728,0.));
#12495=DIRECTION('',(0.,0.,-1.));
#12496=DIRECTION('',(0.,0.,1.));
#12497=DIRECTION('',(-1.47832419063408E-5,-0.999999999890728,0.));
#12498=DIRECTION('',(0.,0.,-1.));
#12499=DIRECTION('',(-1.,0.,0.));
#12500=DIRECTION('',(0.,0.,1.));
#12501=DIRECTION('',(0.999999999999238,-1.23482033572086E-6,0.));
#12502=DIRECTION('',(0.,0.,-1.));
#12503=DIRECTION('',(0.,0.,1.));
#12504=DIRECTION('',(0.999999999999238,-1.23482033572086E-6,0.));
#12505=DIRECTION('',(0.,0.,-1.));
#12506=DIRECTION('',(-1.,0.,0.));
#12507=DIRECTION('',(0.,0.,1.));
#12508=DIRECTION('',(0.,1.,0.));
#12509=DIRECTION('',(0.,0.,-1.));
#12510=DIRECTION('',(0.,1.,0.));
#12511=DIRECTION('',(0.,0.,-1.));
#12512=DIRECTION('',(-1.,0.,0.));
#12513=DIRECTION('',(0.,0.,1.));
#12514=DIRECTION('',(-1.47832419008337E-5,-0.999999999890728,0.));
#12515=DIRECTION('',(0.,0.,-1.));
#12516=DIRECTION('',(0.,0.,1.));
#12517=DIRECTION('',(-1.47832419008337E-5,-0.999999999890728,0.));
#12518=DIRECTION('',(0.,1.,0.));
#12519=DIRECTION('',(0.,0.,1.));
#12520=DIRECTION('',(1.,0.,0.));
#12521=DIRECTION('',(0.,0.,-1.));
#12522=DIRECTION('',(1.,0.,0.));
#12523=DIRECTION('',(0.,0.,-1.));
#12524=DIRECTION('',(-1.,0.,0.));
#12525=DIRECTION('',(0.,0.,1.));
#12526=DIRECTION('',(-0.999999999930425,1.1796194867346E-5,0.));
#12527=DIRECTION('',(0.,0.,-1.));
#12528=DIRECTION('',(0.,0.,1.));
#12529=DIRECTION('',(-0.999999999930425,1.1796194867346E-5,0.));
#12530=DIRECTION('',(1.,0.,0.));
#12531=DIRECTION('',(0.,0.,-1.));
#12532=DIRECTION('',(0.,-1.,0.));
#12533=DIRECTION('',(0.,0.,-1.));
#12534=DIRECTION('',(0.,-1.,0.));
#12535=DIRECTION('',(0.,0.,-1.));
#12536=DIRECTION('',(-1.,0.,0.));
#12537=DIRECTION('',(0.,0.,1.));
#12538=DIRECTION('',(1.47832419063408E-5,0.999999999890728,0.));
#12539=DIRECTION('',(0.,0.,-1.));
#12540=DIRECTION('',(0.,0.,1.));
#12541=DIRECTION('',(1.47832419063408E-5,0.999999999890728,0.));
#12542=DIRECTION('',(0.,0.,-1.));
#12543=DIRECTION('',(-1.,0.,0.));
#12544=DIRECTION('',(0.,0.,1.));
#12545=DIRECTION('',(1.23482033572086E-6,0.999999999999238,0.));
#12546=DIRECTION('',(0.,0.,-1.));
#12547=DIRECTION('',(0.,0.,1.));
#12548=DIRECTION('',(1.23482033572086E-6,0.999999999999238,0.));
#12549=DIRECTION('',(0.,0.,-1.));
#12550=DIRECTION('',(0.,-1.,0.));
#12551=DIRECTION('',(0.,0.,-1.));
#12552=DIRECTION('',(-1.,0.,0.));
#12553=DIRECTION('',(0.,0.,-1.));
#12554=DIRECTION('',(-1.,0.,0.));
#12555=DIRECTION('',(0.,0.,-1.));
#12556=DIRECTION('',(-1.,0.,0.));
#12557=DIRECTION('',(0.,0.,1.));
#12558=DIRECTION('',(0.999999999890728,-1.47832419008337E-5,0.));
#12559=DIRECTION('',(0.,0.,-1.));
#12560=DIRECTION('',(0.,0.,1.));
#12561=DIRECTION('',(0.999999999890728,-1.47832419008337E-5,0.));
#12562=DIRECTION('',(-1.,0.,0.));
#12563=DIRECTION('',(0.,0.,1.));
#12564=DIRECTION('',(0.,1.,0.));
#12565=DIRECTION('',(0.,0.,-1.));
#12566=DIRECTION('',(0.,1.,0.));
#12567=DIRECTION('',(0.,0.,-1.));
#12568=DIRECTION('',(-1.,0.,0.));
#12569=DIRECTION('',(0.,0.,1.));
#12570=DIRECTION('',(-1.1796194867346E-5,-0.999999999930425,0.));
#12571=DIRECTION('',(0.,0.,-1.));
#12572=DIRECTION('',(0.,0.,1.));
#12573=DIRECTION('',(-1.1796194867346E-5,-0.999999999930425,0.));
#12574=DIRECTION('',(0.,1.,0.));
#12575=DIRECTION('',(0.,0.,1.));
#12576=DIRECTION('',(1.,0.,0.));
#12577=DIRECTION('',(0.,0.,-1.));
#12578=DIRECTION('',(1.,0.,0.));
#12579=DIRECTION('',(0.,0.,-1.));
#12580=DIRECTION('',(-1.,0.,0.));
#12581=DIRECTION('',(0.,0.,1.));
#12582=DIRECTION('',(-0.999999999890728,1.47832419063408E-5,0.));
#12583=DIRECTION('',(0.,0.,-1.));
#12584=DIRECTION('',(0.,0.,1.));
#12585=DIRECTION('',(-0.999999999890728,1.47832419063408E-5,0.));
#12586=DIRECTION('',(0.,0.,-1.));
#12587=DIRECTION('',(-1.,0.,0.));
#12588=DIRECTION('',(0.,0.,1.));
#12589=DIRECTION('',(-0.979126442319535,0.203252084738854,0.));
#12590=DIRECTION('',(0.,0.,-1.));
#12591=DIRECTION('',(0.,0.,1.));
#12592=DIRECTION('',(-0.979126442319535,0.203252084738854,0.));
#12593=DIRECTION('',(0.,0.,-1.));
#12594=DIRECTION('',(0.964066844018042,-0.265659782927513,0.));
#12595=DIRECTION('',(0.265659782927513,0.964066844018042,0.));
#12596=DIRECTION('',(-0.265659782927513,-0.964066844018042,0.));
#12597=DIRECTION('',(0.,0.,-1.));
#12598=DIRECTION('',(-0.265659782927513,-0.964066844018042,0.));
#12599=DIRECTION('',(0.707106781186548,-0.707106781186548,0.));
#12600=DIRECTION('',(0.707106781186548,0.707106781186548,0.));
#12601=DIRECTION('',(-0.707106781186548,-0.707106781186548,0.));
#12602=DIRECTION('',(0.,0.,-1.));
#12603=DIRECTION('',(-0.707106781186548,-0.707106781186548,0.));
#12604=DIRECTION('',(0.,0.,-1.));
#12605=DIRECTION('',(-1.,0.,0.));
#12606=DIRECTION('',(0.,0.,1.));
#12607=DIRECTION('',(-0.982959670189727,-0.183821344735871,0.));
#12608=DIRECTION('',(0.,0.,-1.));
#12609=DIRECTION('',(0.,0.,1.));
#12610=DIRECTION('',(-0.982959670189727,-0.183821344735871,0.));
#12611=DIRECTION('',(0.17527966171899,0.98451868452949,0.));
#12612=DIRECTION('',(-0.98451868452949,0.17527966171899,0.));
#12613=DIRECTION('',(0.98451868452949,-0.17527966171899,0.));
#12614=DIRECTION('',(0.,0.,-1.));
#12615=DIRECTION('',(0.98451868452949,-0.17527966171899,0.));
#12616=DIRECTION('',(0.,0.,-1.));
#12617=DIRECTION('',(-1.,0.,0.));
#12618=DIRECTION('',(0.,0.,1.));
#12619=DIRECTION('',(-0.175281354397778,0.984518383170411,0.));
#12620=DIRECTION('',(0.,0.,-1.));
#12621=DIRECTION('',(0.,0.,1.));
#12622=DIRECTION('',(-0.175281354397778,0.984518383170411,0.));
#12623=DIRECTION('',(0.17527966171899,-0.98451868452949,0.));
#12624=DIRECTION('',(0.98451868452949,0.17527966171899,0.));
#12625=DIRECTION('',(-0.98451868452949,-0.17527966171899,0.));
#12626=DIRECTION('',(0.,0.,-1.));
#12627=DIRECTION('',(-0.98451868452949,-0.17527966171899,0.));
#12628=DIRECTION('',(0.,0.,-1.));
#12629=DIRECTION('',(-1.,0.,0.));
#12630=DIRECTION('',(0.,0.,1.));
#12631=DIRECTION('',(-0.883802659327031,0.467859871506917,0.));
#12632=DIRECTION('',(0.,0.,-1.));
#12633=DIRECTION('',(0.,0.,1.));
#12634=DIRECTION('',(-0.883802659327031,0.467859871506917,0.));
#12635=DIRECTION('',(0.707106781186548,0.707106781186548,0.));
#12636=DIRECTION('',(-0.707106781186548,0.707106781186548,0.));
#12637=DIRECTION('',(0.707106781186548,-0.707106781186548,0.));
#12638=DIRECTION('',(0.,0.,-1.));
#12639=DIRECTION('',(0.707106781186548,-0.707106781186548,0.));
#12640=DIRECTION('',(0.964066844018042,0.265659782927513,0.));
#12641=DIRECTION('',(-0.265659782927513,0.964066844018042,0.));
#12642=DIRECTION('',(0.265659782927513,-0.964066844018042,0.));
#12643=DIRECTION('',(0.,0.,-1.));
#12644=DIRECTION('',(0.265659782927513,-0.964066844018042,0.));
#12645=DIRECTION('',(0.,0.,-1.));
#12646=DIRECTION('',(-1.,0.,0.));
#12647=DIRECTION('',(0.,0.,1.));
#12648=DIRECTION('',(0.203252084738854,0.979126442319535,0.));
#12649=DIRECTION('',(0.,0.,-1.));
#12650=DIRECTION('',(0.,0.,1.));
#12651=DIRECTION('',(0.203252084738854,0.979126442319535,0.));
#12652=DIRECTION('',(-0.265659782927513,-0.964066844018042,0.));
#12653=DIRECTION('',(0.964066844018042,-0.265659782927513,0.));
#12654=DIRECTION('',(-0.964066844018042,0.265659782927513,0.));
#12655=DIRECTION('',(0.,0.,-1.));
#12656=DIRECTION('',(-0.964066844018042,0.265659782927513,0.));
#12657=DIRECTION('',(-0.707106781186548,-0.707106781186548,0.));
#12658=DIRECTION('',(0.707106781186548,-0.707106781186548,0.));
#12659=DIRECTION('',(-0.707106781186548,0.707106781186548,0.));
#12660=DIRECTION('',(0.,0.,-1.));
#12661=DIRECTION('',(-0.707106781186548,0.707106781186548,0.));
#12662=DIRECTION('',(0.,0.,-1.));
#12663=DIRECTION('',(-1.,0.,0.));
#12664=DIRECTION('',(0.,0.,1.));
#12665=DIRECTION('',(-0.183821344735871,0.982959670189727,0.));
#12666=DIRECTION('',(0.,0.,-1.));
#12667=DIRECTION('',(0.,0.,1.));
#12668=DIRECTION('',(-0.183821344735871,0.982959670189727,0.));
#12669=DIRECTION('',(0.98451868452949,-0.17527966171899,0.));
#12670=DIRECTION('',(0.17527966171899,0.98451868452949,0.));
#12671=DIRECTION('',(-0.17527966171899,-0.98451868452949,0.));
#12672=DIRECTION('',(0.,0.,-1.));
#12673=DIRECTION('',(-0.17527966171899,-0.98451868452949,0.));
#12674=DIRECTION('',(0.,0.,-1.));
#12675=DIRECTION('',(-1.,0.,0.));
#12676=DIRECTION('',(0.,0.,1.));
#12677=DIRECTION('',(0.984518383170411,0.175281354397778,0.));
#12678=DIRECTION('',(0.,0.,-1.));
#12679=DIRECTION('',(0.,0.,1.));
#12680=DIRECTION('',(0.984518383170411,0.175281354397778,0.));
#12681=DIRECTION('',(-0.98451868452949,-0.17527966171899,0.));
#12682=DIRECTION('',(0.17527966171899,-0.98451868452949,0.));
#12683=DIRECTION('',(-0.17527966171899,0.98451868452949,0.));
#12684=DIRECTION('',(0.,0.,-1.));
#12685=DIRECTION('',(-0.17527966171899,0.98451868452949,0.));
#12686=DIRECTION('',(0.,0.,-1.));
#12687=DIRECTION('',(-1.,0.,0.));
#12688=DIRECTION('',(0.,0.,1.));
#12689=DIRECTION('',(0.467859871506917,0.883802659327031,0.));
#12690=DIRECTION('',(0.,0.,-1.));
#12691=DIRECTION('',(0.,0.,1.));
#12692=DIRECTION('',(0.467859871506917,0.883802659327031,0.));
#12693=DIRECTION('',(0.707106781186548,-0.707106781186548,0.));
#12694=DIRECTION('',(0.707106781186548,0.707106781186548,0.));
#12695=DIRECTION('',(-0.707106781186548,-0.707106781186548,0.));
#12696=DIRECTION('',(0.,0.,-1.));
#12697=DIRECTION('',(-0.707106781186548,-0.707106781186548,0.));
#12698=DIRECTION('',(0.265659782927513,-0.964066844018042,0.));
#12699=DIRECTION('',(0.964066844018042,0.265659782927513,0.));
#12700=DIRECTION('',(-0.964066844018042,-0.265659782927513,0.));
#12701=DIRECTION('',(0.,0.,-1.));
#12702=DIRECTION('',(-0.964066844018042,-0.265659782927513,0.));
#12703=DIRECTION('',(0.,0.,-1.));
#12704=DIRECTION('',(-1.,0.,0.));
#12705=DIRECTION('',(0.,0.,1.));
#12706=DIRECTION('',(0.979126442319535,-0.203252084738854,0.));
#12707=DIRECTION('',(0.,0.,-1.));
#12708=DIRECTION('',(0.,0.,1.));
#12709=DIRECTION('',(0.979126442319535,-0.203252084738854,0.));
#12710=DIRECTION('',(-0.964066844018042,0.265659782927513,0.));
#12711=DIRECTION('',(-0.265659782927513,-0.964066844018042,0.));
#12712=DIRECTION('',(0.265659782927513,0.964066844018042,0.));
#12713=DIRECTION('',(0.,0.,-1.));
#12714=DIRECTION('',(0.265659782927513,0.964066844018042,0.));
#12715=DIRECTION('',(-0.707106781186548,0.707106781186548,0.));
#12716=DIRECTION('',(-0.707106781186548,-0.707106781186548,0.));
#12717=DIRECTION('',(0.707106781186548,0.707106781186548,0.));
#12718=DIRECTION('',(0.,0.,-1.));
#12719=DIRECTION('',(0.707106781186548,0.707106781186548,0.));
#12720=DIRECTION('',(0.,0.,-1.));
#12721=DIRECTION('',(-1.,0.,0.));
#12722=DIRECTION('',(0.,0.,1.));
#12723=DIRECTION('',(0.982959670189727,0.183821344735871,0.));
#12724=DIRECTION('',(0.,0.,-1.));
#12725=DIRECTION('',(0.,0.,1.));
#12726=DIRECTION('',(0.982959670189727,0.183821344735871,0.));
#12727=DIRECTION('',(-0.17527966171899,-0.98451868452949,0.));
#12728=DIRECTION('',(0.98451868452949,-0.17527966171899,0.));
#12729=DIRECTION('',(-0.98451868452949,0.17527966171899,0.));
#12730=DIRECTION('',(0.,0.,-1.));
#12731=DIRECTION('',(-0.98451868452949,0.17527966171899,0.));
#12732=DIRECTION('',(0.,0.,-1.));
#12733=DIRECTION('',(-1.,0.,0.));
#12734=DIRECTION('',(0.,0.,1.));
#12735=DIRECTION('',(0.175281354397778,-0.984518383170411,0.));
#12736=DIRECTION('',(0.,0.,-1.));
#12737=DIRECTION('',(0.,0.,1.));
#12738=DIRECTION('',(0.175281354397778,-0.984518383170411,0.));
#12739=DIRECTION('',(-0.17527966171899,0.98451868452949,0.));
#12740=DIRECTION('',(-0.98451868452949,-0.17527966171899,0.));
#12741=DIRECTION('',(0.98451868452949,0.17527966171899,0.));
#12742=DIRECTION('',(0.,0.,-1.));
#12743=DIRECTION('',(0.98451868452949,0.17527966171899,0.));
#12744=DIRECTION('',(0.,0.,-1.));
#12745=DIRECTION('',(-1.,0.,0.));
#12746=DIRECTION('',(0.,0.,1.));
#12747=DIRECTION('',(0.883802659327031,-0.467859871506917,0.));
#12748=DIRECTION('',(0.,0.,-1.));
#12749=DIRECTION('',(0.,0.,1.));
#12750=DIRECTION('',(0.883802659327031,-0.467859871506917,0.));
#12751=DIRECTION('',(-0.707106781186548,-0.707106781186548,0.));
#12752=DIRECTION('',(0.707106781186548,-0.707106781186548,0.));
#12753=DIRECTION('',(-0.707106781186548,0.707106781186548,0.));
#12754=DIRECTION('',(0.,0.,-1.));
#12755=DIRECTION('',(-0.707106781186548,0.707106781186548,0.));
#12756=DIRECTION('',(-0.964066844018042,-0.265659782927513,0.));
#12757=DIRECTION('',(0.265659782927513,-0.964066844018042,0.));
#12758=DIRECTION('',(-0.265659782927513,0.964066844018042,0.));
#12759=DIRECTION('',(0.,0.,-1.));
#12760=DIRECTION('',(-0.265659782927513,0.964066844018042,0.));
#12761=DIRECTION('',(0.,0.,-1.));
#12762=DIRECTION('',(-1.,0.,0.));
#12763=DIRECTION('',(0.,0.,1.));
#12764=DIRECTION('',(-0.203252084738854,-0.979126442319535,0.));
#12765=DIRECTION('',(0.,0.,-1.));
#12766=DIRECTION('',(0.,0.,1.));
#12767=DIRECTION('',(-0.203252084738854,-0.979126442319535,0.));
#12768=DIRECTION('',(0.265659782927513,0.964066844018042,0.));
#12769=DIRECTION('',(-0.964066844018042,0.265659782927513,0.));
#12770=DIRECTION('',(0.964066844018042,-0.265659782927513,0.));
#12771=DIRECTION('',(0.,0.,-1.));
#12772=DIRECTION('',(0.964066844018042,-0.265659782927513,0.));
#12773=DIRECTION('',(0.707106781186548,0.707106781186548,0.));
#12774=DIRECTION('',(-0.707106781186548,0.707106781186548,0.));
#12775=DIRECTION('',(0.707106781186548,-0.707106781186548,0.));
#12776=DIRECTION('',(0.,0.,-1.));
#12777=DIRECTION('',(0.707106781186548,-0.707106781186548,0.));
#12778=DIRECTION('',(0.,0.,-1.));
#12779=DIRECTION('',(-1.,0.,0.));
#12780=DIRECTION('',(0.,0.,1.));
#12781=DIRECTION('',(0.183821344735871,-0.982959670189727,0.));
#12782=DIRECTION('',(0.,0.,-1.));
#12783=DIRECTION('',(0.,0.,1.));
#12784=DIRECTION('',(0.183821344735871,-0.982959670189727,0.));
#12785=DIRECTION('',(-0.98451868452949,0.17527966171899,0.));
#12786=DIRECTION('',(-0.17527966171899,-0.98451868452949,0.));
#12787=DIRECTION('',(0.17527966171899,0.98451868452949,0.));
#12788=DIRECTION('',(0.,0.,-1.));
#12789=DIRECTION('',(0.17527966171899,0.98451868452949,0.));
#12790=DIRECTION('',(0.,0.,-1.));
#12791=DIRECTION('',(-1.,0.,0.));
#12792=DIRECTION('',(0.,0.,1.));
#12793=DIRECTION('',(-0.984518383170411,-0.175281354397778,0.));
#12794=DIRECTION('',(0.,0.,-1.));
#12795=DIRECTION('',(0.,0.,1.));
#12796=DIRECTION('',(-0.984518383170411,-0.175281354397778,0.));
#12797=DIRECTION('',(0.98451868452949,0.17527966171899,0.));
#12798=DIRECTION('',(-0.17527966171899,0.98451868452949,0.));
#12799=DIRECTION('',(0.17527966171899,-0.98451868452949,0.));
#12800=DIRECTION('',(0.,0.,-1.));
#12801=DIRECTION('',(0.17527966171899,-0.98451868452949,0.));
#12802=DIRECTION('',(0.,0.,-1.));
#12803=DIRECTION('',(-1.,0.,0.));
#12804=DIRECTION('',(0.,0.,1.));
#12805=DIRECTION('',(-0.467859871506917,-0.883802659327031,0.));
#12806=DIRECTION('',(0.,0.,-1.));
#12807=DIRECTION('',(0.,0.,1.));
#12808=DIRECTION('',(-0.467859871506917,-0.883802659327031,0.));
#12809=DIRECTION('',(-0.707106781186548,0.707106781186548,0.));
#12810=DIRECTION('',(-0.707106781186548,-0.707106781186548,0.));
#12811=DIRECTION('',(0.707106781186548,0.707106781186548,0.));
#12812=DIRECTION('',(0.,0.,-1.));
#12813=DIRECTION('',(0.707106781186548,0.707106781186548,0.));
#12814=DIRECTION('',(-1.,0.,0.));
#12815=DIRECTION('',(0.,0.,1.));
#12816=DIRECTION('',(0.,1.,0.));
#12817=DIRECTION('',(0.,1.,0.));
#12818=DIRECTION('',(0.,1.,0.));
#12819=DIRECTION('',(0.,0.,1.));
#12820=DIRECTION('',(1.,0.,0.));
#12821=DIRECTION('',(1.,0.,0.));
#12822=DIRECTION('',(0.,-1.,0.));
#12823=DIRECTION('',(0.,0.,-1.));
#12824=DIRECTION('',(-1.,0.,0.));
#12825=DIRECTION('',(-1.,0.,0.));
#12826=DIRECTION('',(1.,0.,0.));
#12827=DIRECTION('',(0.,0.,-1.));
#12828=DIRECTION('',(0.,-1.,0.));
#12829=DIRECTION('',(0.,-1.,0.));
#12830=DIRECTION('',(-0.265659782927513,0.964066844018042,0.));
#12831=DIRECTION('',(-0.964066844018042,-0.265659782927513,0.));
#12832=DIRECTION('',(0.964066844018042,0.265659782927513,0.));
#12833=DIRECTION('',(0.964066844018042,0.265659782927513,0.));
#12834=DIRECTION('',(0.,0.,-1.));
#12835=DIRECTION('',(-1.,0.,0.));
#12836=DIRECTION('',(0.,0.,1.));
#12837=DIRECTION('',(-5.11813365452158E-6,-0.999999999986902,0.));
#12838=DIRECTION('',(0.,0.,1.));
#12839=DIRECTION('',(-5.11813365452158E-6,-0.999999999986902,0.));
#12840=DIRECTION('',(0.,0.,1.));
#12841=DIRECTION('',(1.,0.,0.));
#12842=DIRECTION('',(0.,0.,1.));
#12843=DIRECTION('',(1.,0.,0.));
#12844=DIRECTION('',(6.930168145854E-33,1.,3.6977854932235E-32));
#12845=DIRECTION('',(1.17961196366423E-16,-3.6977854932235E-32,1.));
#12846=DIRECTION('',(-1.,0.,0.));
#12847=DIRECTION('',(0.,0.,1.));
#12848=DIRECTION('',(0.,1.,0.));
#12849=DIRECTION('',(0.,0.,-1.));
#12850=DIRECTION('',(0.,1.,0.));
#12851=DIRECTION('',(0.,0.,-1.));
#12852=DIRECTION('',(0.,0.,-1.));
#12853=DIRECTION('',(-1.,0.,0.));
#12854=DIRECTION('',(0.,0.,1.));
#12855=DIRECTION('',(0.999999999986902,-5.11813365673144E-6,0.));
#12856=DIRECTION('',(0.,0.,-1.));
#12857=DIRECTION('',(0.,0.,1.));
#12858=DIRECTION('',(0.999999999986902,-5.11813365673144E-6,0.));
#12859=DIRECTION('',(0.,-1.,0.));
#12860=DIRECTION('',(0.,0.,-1.));
#12861=DIRECTION('',(-1.,0.,0.));
#12862=DIRECTION('',(0.,0.,-1.));
#12863=DIRECTION('',(-1.,0.,0.));
#12864=DIRECTION('',(0.,0.,-1.));
#12865=DIRECTION('',(-1.,0.,0.));
#12866=DIRECTION('',(0.,0.,1.));
#12867=DIRECTION('',(1.6194768880015E-6,0.999999999998689,0.));
#12868=DIRECTION('',(0.,0.,-1.));
#12869=DIRECTION('',(0.,0.,1.));
#12870=DIRECTION('',(1.6194768880015E-6,0.999999999998689,0.));
#12871=DIRECTION('',(1.,0.,0.));
#12872=DIRECTION('',(0.,0.,-1.));
#12873=DIRECTION('',(0.,-1.,0.));
#12874=DIRECTION('',(0.,0.,-1.));
#12875=DIRECTION('',(0.,-1.,0.));
#12876=DIRECTION('',(0.,0.,-1.));
#12877=DIRECTION('',(-1.,0.,0.));
#12878=DIRECTION('',(0.,0.,1.));
#12879=DIRECTION('',(-0.999999999986902,5.1181336545216E-6,0.));
#12880=DIRECTION('',(0.,0.,-1.));
#12881=DIRECTION('',(0.,0.,1.));
#12882=DIRECTION('',(-0.999999999986902,5.1181336545216E-6,0.));
#12883=DIRECTION('',(0.,1.,0.));
#12884=DIRECTION('',(0.,0.,1.));
#12885=DIRECTION('',(1.,0.,0.));
#12886=DIRECTION('',(0.,0.,-1.));
#12887=DIRECTION('',(1.,0.,0.));
#12888=DIRECTION('',(0.,0.,-1.));
#12889=DIRECTION('',(-1.,0.,0.));
#12890=DIRECTION('',(0.,0.,1.));
#12891=DIRECTION('',(-5.11813365452159E-6,-0.999999999986902,0.));
#12892=DIRECTION('',(0.,0.,-1.));
#12893=DIRECTION('',(0.,0.,1.));
#12894=DIRECTION('',(-5.11813365452159E-6,-0.999999999986902,0.));
#12895=DIRECTION('',(-1.,0.,0.));
#12896=DIRECTION('',(0.,0.,1.));
#12897=DIRECTION('',(0.,1.,0.));
#12898=DIRECTION('',(0.,0.,-1.));
#12899=DIRECTION('',(0.,1.,0.));
#12900=DIRECTION('',(0.,0.,-1.));
#12901=DIRECTION('',(-1.,0.,0.));
#12902=DIRECTION('',(0.,0.,1.));
#12903=DIRECTION('',(0.999999998981577,-4.51314303017834E-5,0.));
#12904=DIRECTION('',(0.,0.,-1.));
#12905=DIRECTION('',(0.,0.,1.));
#12906=DIRECTION('',(0.999999998981577,-4.51314303017834E-5,0.));
#12907=DIRECTION('',(0.,-1.,0.));
#12908=DIRECTION('',(0.,0.,-1.));
#12909=DIRECTION('',(-1.,0.,0.));
#12910=DIRECTION('',(0.,0.,-1.));
#12911=DIRECTION('',(-1.,0.,0.));
#12912=DIRECTION('',(0.,0.,-1.));
#12913=DIRECTION('',(-1.,0.,0.));
#12914=DIRECTION('',(0.,0.,1.));
#12915=DIRECTION('',(-0.999999998981577,4.51314303121928E-5,0.));
#12916=DIRECTION('',(0.,0.,-1.));
#12917=DIRECTION('',(0.,0.,1.));
#12918=DIRECTION('',(-0.999999998981577,4.51314303121928E-5,0.));
#12919=DIRECTION('',(-1.,0.,0.));
#12920=DIRECTION('',(0.,0.,1.));
#12921=DIRECTION('',(0.,1.,0.));
#12922=DIRECTION('',(0.,0.,-1.));
#12923=DIRECTION('',(0.,1.,0.));
#12924=DIRECTION('',(0.,0.,-1.));
#12925=DIRECTION('',(-1.,0.,0.));
#12926=DIRECTION('',(0.,0.,1.));
#12927=DIRECTION('',(1.17961948591503E-5,0.999999999930425,0.));
#12928=DIRECTION('',(0.,0.,-1.));
#12929=DIRECTION('',(0.,0.,1.));
#12930=DIRECTION('',(1.17961948591503E-5,0.999999999930425,0.));
#12931=DIRECTION('',(0.,1.,0.));
#12932=DIRECTION('',(0.,0.,1.));
#12933=DIRECTION('',(1.,0.,0.));
#12934=DIRECTION('',(0.,0.,-1.));
#12935=DIRECTION('',(1.,0.,0.));
#12936=DIRECTION('',(0.,0.,-1.));
#12937=DIRECTION('',(-1.,0.,0.));
#12938=DIRECTION('',(0.,0.,1.));
#12939=DIRECTION('',(0.707078418805584,0.707135142429929,0.));
#12940=DIRECTION('',(0.,0.,-1.));
#12941=DIRECTION('',(0.,0.,1.));
#12942=DIRECTION('',(0.707078418805584,0.707135142429929,0.));
#12943=DIRECTION('',(0.707106781186548,0.707106781186547,0.));
#12944=DIRECTION('',(-0.707106781186547,0.707106781186548,0.));
#12945=DIRECTION('',(0.707106781186547,-0.707106781186548,0.));
#12946=DIRECTION('',(0.,0.,-1.));
#12947=DIRECTION('',(0.707106781186547,-0.707106781186548,0.));
#12948=DIRECTION('',(0.,0.,-1.));
#12949=DIRECTION('',(-1.,0.,0.));
#12950=DIRECTION('',(0.,0.,1.));
#12951=DIRECTION('',(0.999999999996663,-2.5833417604433E-6,0.));
#12952=DIRECTION('',(0.,0.,-1.));
#12953=DIRECTION('',(0.,0.,1.));
#12954=DIRECTION('',(0.999999999996663,-2.5833417604433E-6,0.));
#12955=DIRECTION('',(1.,0.,0.));
#12956=DIRECTION('',(0.,0.,-1.));
#12957=DIRECTION('',(0.,-1.,0.));
#12958=DIRECTION('',(0.,0.,-1.));
#12959=DIRECTION('',(0.,-1.,0.));
#12960=DIRECTION('',(0.,0.,-1.));
#12961=DIRECTION('',(-1.,0.,0.));
#12962=DIRECTION('',(0.,0.,1.));
#12963=DIRECTION('',(0.70710637219687,-0.707107190175988,0.));
#12964=DIRECTION('',(0.,0.,-1.));
#12965=DIRECTION('',(0.,0.,1.));
#12966=DIRECTION('',(0.70710637219687,-0.707107190175988,0.));
#12967=DIRECTION('',(0.707106781186548,-0.707106781186547,0.));
#12968=DIRECTION('',(0.707106781186547,0.707106781186548,0.));
#12969=DIRECTION('',(-0.707106781186547,-0.707106781186548,0.));
#12970=DIRECTION('',(0.,0.,-1.));
#12971=DIRECTION('',(-0.707106781186547,-0.707106781186548,0.));
#12972=DIRECTION('',(0.,0.,-1.));
#12973=DIRECTION('',(-1.,0.,0.));
#12974=DIRECTION('',(0.,0.,1.));
#12975=DIRECTION('',(3.22998132969044E-5,-0.999999999478361,0.));
#12976=DIRECTION('',(0.,0.,-1.));
#12977=DIRECTION('',(0.,0.,1.));
#12978=DIRECTION('',(3.22998132969044E-5,-0.999999999478361,0.));
#12979=DIRECTION('',(0.,-1.,0.));
#12980=DIRECTION('',(0.,0.,-1.));
#12981=DIRECTION('',(-1.,0.,0.));
#12982=DIRECTION('',(0.,0.,-1.));
#12983=DIRECTION('',(-1.,0.,0.));
#12984=DIRECTION('',(0.,0.,-1.));
#12985=DIRECTION('',(-1.,0.,0.));
#12986=DIRECTION('',(0.,0.,1.));
#12987=DIRECTION('',(-0.999999999930425,1.17961948591503E-5,0.));
#12988=DIRECTION('',(0.,0.,-1.));
#12989=DIRECTION('',(0.,0.,1.));
#12990=DIRECTION('',(-0.999999999930425,1.17961948591503E-5,0.));
#12991=DIRECTION('',(-1.,0.,0.));
#12992=DIRECTION('',(0.,0.,1.));
#12993=DIRECTION('',(0.,1.,0.));
#12994=DIRECTION('',(0.,0.,-1.));
#12995=DIRECTION('',(0.,1.,0.));
#12996=DIRECTION('',(0.,0.,-1.));
#12997=DIRECTION('',(-1.,0.,0.));
#12998=DIRECTION('',(0.,0.,1.));
#12999=DIRECTION('',(4.51314303191319E-5,0.999999998981577,0.));
#13000=DIRECTION('',(0.,0.,-1.));
#13001=DIRECTION('',(0.,0.,1.));
#13002=DIRECTION('',(4.51314303191319E-5,0.999999998981577,0.));
#13003=DIRECTION('',(0.,1.,0.));
#13004=DIRECTION('',(0.,0.,1.));
#13005=DIRECTION('',(1.,0.,0.));
#13006=DIRECTION('',(0.,0.,-1.));
#13007=DIRECTION('',(1.,0.,0.));
#13008=DIRECTION('',(0.,0.,-1.));
#13009=DIRECTION('',(-1.,0.,0.));
#13010=DIRECTION('',(0.,0.,1.));
#13011=DIRECTION('',(-4.51314303052528E-5,-0.999999998981577,0.));
#13012=DIRECTION('',(0.,0.,-1.));
#13013=DIRECTION('',(0.,0.,1.));
#13014=DIRECTION('',(-4.51314303052528E-5,-0.999999998981577,0.));
#13015=DIRECTION('',(-1.,0.,0.));
#13016=DIRECTION('',(0.,0.,1.));
#13017=DIRECTION('',(0.,1.,0.));
#13018=DIRECTION('',(0.,0.,-1.));
#13019=DIRECTION('',(0.,1.,0.));
#13020=DIRECTION('',(0.,0.,-1.));
#13021=DIRECTION('',(-1.,0.,0.));
#13022=DIRECTION('',(0.,0.,1.));
#13023=DIRECTION('',(0.999999999986902,-5.11813365452158E-6,0.));
#13024=DIRECTION('',(0.,0.,-1.));
#13025=DIRECTION('',(0.,0.,1.));
#13026=DIRECTION('',(0.999999999986902,-5.11813365452158E-6,0.));
#13027=DIRECTION('',(0.,-1.,0.));
#13028=DIRECTION('',(0.,0.,-1.));
#13029=DIRECTION('',(-1.,0.,0.));
#13030=DIRECTION('',(0.,0.,-1.));
#13031=DIRECTION('',(-1.,0.,0.));
#13032=DIRECTION('',(0.,0.,-1.));
#13033=DIRECTION('',(-1.,0.,0.));
#13034=DIRECTION('',(0.,0.,1.));
#13035=DIRECTION('',(5.11813365673144E-6,0.999999999986902,0.));
#13036=DIRECTION('',(0.,0.,-1.));
#13037=DIRECTION('',(0.,0.,1.));
#13038=DIRECTION('',(5.11813365673144E-6,0.999999999986902,0.));
#13039=DIRECTION('',(1.,0.,0.));
#13040=DIRECTION('',(0.,0.,-1.));
#13041=DIRECTION('',(0.,-1.,0.));
#13042=DIRECTION('',(0.,0.,-1.));
#13043=DIRECTION('',(0.,-1.,0.));
#13044=DIRECTION('',(0.,0.,-1.));
#13045=DIRECTION('',(-1.,0.,0.));
#13046=DIRECTION('',(0.,0.,1.));
#13047=DIRECTION('',(-0.999999999998689,1.6194768880015E-6,0.));
#13048=DIRECTION('',(0.,0.,-1.));
#13049=DIRECTION('',(0.,0.,1.));
#13050=DIRECTION('',(-0.999999999998689,1.6194768880015E-6,0.));
#13051=DIRECTION('',(0.,1.,0.));
#13052=DIRECTION('',(0.,0.,1.));
#13053=DIRECTION('',(1.,0.,0.));
#13054=DIRECTION('',(0.,0.,-1.));
#13055=DIRECTION('',(1.,0.,0.));
#13056=DIRECTION('',(0.,0.,-1.));
#13057=DIRECTION('',(-1.,0.,0.));
#13058=DIRECTION('',(0.,0.,1.));
#13059=DIRECTION('',(-5.1181336545216E-6,-0.999999999986902,0.));
#13060=DIRECTION('',(0.,0.,-1.));
#13061=DIRECTION('',(0.,0.,1.));
#13062=DIRECTION('',(-5.1181336545216E-6,-0.999999999986902,0.));
#13063=DIRECTION('',(-1.,0.,0.));
#13064=DIRECTION('',(0.,0.,1.));
#13065=DIRECTION('',(0.,1.,0.));
#13066=DIRECTION('',(0.,0.,-1.));
#13067=DIRECTION('',(0.,1.,0.));
#13068=DIRECTION('',(0.,0.,-1.));
#13069=DIRECTION('',(-1.,0.,0.));
#13070=DIRECTION('',(0.,0.,1.));
#13071=DIRECTION('',(0.999999999986902,-5.11813365452159E-6,0.));
#13072=DIRECTION('',(0.,0.,-1.));
#13073=DIRECTION('',(0.,0.,1.));
#13074=DIRECTION('',(0.999999999986902,-5.11813365452159E-6,0.));
#13075=DIRECTION('',(0.,-1.,0.));
#13076=DIRECTION('',(0.,0.,-1.));
#13077=DIRECTION('',(-1.,0.,0.));
#13078=DIRECTION('',(0.,0.,-1.));
#13079=DIRECTION('',(-1.,0.,0.));
#13080=DIRECTION('',(0.,0.,-1.));
#13081=DIRECTION('',(-1.,0.,0.));
#13082=DIRECTION('',(0.,0.,1.));
#13083=DIRECTION('',(4.51314303017834E-5,0.999999998981577,0.));
#13084=DIRECTION('',(0.,0.,-1.));
#13085=DIRECTION('',(0.,0.,1.));
#13086=DIRECTION('',(4.51314303017834E-5,0.999999998981577,0.));
#13087=DIRECTION('',(1.,0.,0.));
#13088=DIRECTION('',(0.,0.,-1.));
#13089=DIRECTION('',(0.,-1.,0.));
#13090=DIRECTION('',(0.,0.,-1.));
#13091=DIRECTION('',(0.,-1.,0.));
#13092=DIRECTION('',(0.,0.,-1.));
#13093=DIRECTION('',(-1.,0.,0.));
#13094=DIRECTION('',(0.,0.,1.));
#13095=DIRECTION('',(-4.51314303121928E-5,-0.999999998981577,0.));
#13096=DIRECTION('',(0.,0.,-1.));
#13097=DIRECTION('',(0.,0.,1.));
#13098=DIRECTION('',(-4.51314303121928E-5,-0.999999998981577,0.));
#13099=DIRECTION('',(0.,-1.,0.));
#13100=DIRECTION('',(0.,0.,-1.));
#13101=DIRECTION('',(-1.,0.,0.));
#13102=DIRECTION('',(0.,0.,-1.));
#13103=DIRECTION('',(-1.,0.,0.));
#13104=DIRECTION('',(0.,0.,-1.));
#13105=DIRECTION('',(-1.,0.,0.));
#13106=DIRECTION('',(0.,0.,1.));
#13107=DIRECTION('',(-0.999999999930425,1.17961948591503E-5,0.));
#13108=DIRECTION('',(0.,0.,-1.));
#13109=DIRECTION('',(0.,0.,1.));
#13110=DIRECTION('',(-0.999999999930425,1.17961948591503E-5,0.));
#13111=DIRECTION('',(-1.,0.,0.));
#13112=DIRECTION('',(0.,0.,1.));
#13113=DIRECTION('',(0.,1.,0.));
#13114=DIRECTION('',(0.,0.,-1.));
#13115=DIRECTION('',(0.,1.,0.));
#13116=DIRECTION('',(0.,0.,-1.));
#13117=DIRECTION('',(-1.,0.,0.));
#13118=DIRECTION('',(0.,0.,1.));
#13119=DIRECTION('',(-0.707135142429929,0.707078418805584,0.));
#13120=DIRECTION('',(0.,0.,-1.));
#13121=DIRECTION('',(0.,0.,1.));
#13122=DIRECTION('',(-0.707135142429929,0.707078418805584,0.));
#13123=DIRECTION('',(-0.707106781186547,0.707106781186548,0.));
#13124=DIRECTION('',(-0.707106781186548,-0.707106781186547,0.));
#13125=DIRECTION('',(0.707106781186548,0.707106781186547,0.));
#13126=DIRECTION('',(0.,0.,-1.));
#13127=DIRECTION('',(0.707106781186548,0.707106781186547,0.));
#13128=DIRECTION('',(0.,0.,-1.));
#13129=DIRECTION('',(-1.,0.,0.));
#13130=DIRECTION('',(0.,0.,1.));
#13131=DIRECTION('',(2.5833417604433E-6,0.999999999996663,0.));
#13132=DIRECTION('',(0.,0.,-1.));
#13133=DIRECTION('',(0.,0.,1.));
#13134=DIRECTION('',(2.5833417604433E-6,0.999999999996663,0.));
#13135=DIRECTION('',(0.,1.,0.));
#13136=DIRECTION('',(0.,0.,1.));
#13137=DIRECTION('',(1.,0.,0.));
#13138=DIRECTION('',(0.,0.,-1.));
#13139=DIRECTION('',(1.,0.,0.));
#13140=DIRECTION('',(0.,0.,-1.));
#13141=DIRECTION('',(-1.,0.,0.));
#13142=DIRECTION('',(0.,0.,1.));
#13143=DIRECTION('',(0.707107190175988,0.70710637219687,0.));
#13144=DIRECTION('',(0.,0.,-1.));
#13145=DIRECTION('',(0.,0.,1.));
#13146=DIRECTION('',(0.707107190175988,0.70710637219687,0.));
#13147=DIRECTION('',(0.707106781186547,0.707106781186548,0.));
#13148=DIRECTION('',(-0.707106781186548,0.707106781186547,0.));
#13149=DIRECTION('',(0.707106781186548,-0.707106781186547,0.));
#13150=DIRECTION('',(0.,0.,-1.));
#13151=DIRECTION('',(0.707106781186548,-0.707106781186547,0.));
#13152=DIRECTION('',(0.,0.,-1.));
#13153=DIRECTION('',(-1.,0.,0.));
#13154=DIRECTION('',(0.,0.,1.));
#13155=DIRECTION('',(0.999999999478361,3.22998132969044E-5,0.));
#13156=DIRECTION('',(0.,0.,-1.));
#13157=DIRECTION('',(0.,0.,1.));
#13158=DIRECTION('',(0.999999999478361,3.22998132969044E-5,0.));
#13159=DIRECTION('',(1.,0.,0.));
#13160=DIRECTION('',(0.,0.,-1.));
#13161=DIRECTION('',(0.,-1.,0.));
#13162=DIRECTION('',(0.,0.,-1.));
#13163=DIRECTION('',(0.,-1.,0.));
#13164=DIRECTION('',(0.,0.,-1.));
#13165=DIRECTION('',(-1.,0.,0.));
#13166=DIRECTION('',(0.,0.,1.));
#13167=DIRECTION('',(-1.17961948591503E-5,-0.999999999930425,0.));
#13168=DIRECTION('',(0.,0.,-1.));
#13169=DIRECTION('',(0.,0.,1.));
#13170=DIRECTION('',(-1.17961948591503E-5,-0.999999999930425,0.));
#13171=DIRECTION('',(0.,-1.,0.));
#13172=DIRECTION('',(0.,0.,-1.));
#13173=DIRECTION('',(-1.,0.,0.));
#13174=DIRECTION('',(0.,0.,-1.));
#13175=DIRECTION('',(-1.,0.,0.));
#13176=DIRECTION('',(0.,0.,-1.));
#13177=DIRECTION('',(-1.,0.,0.));
#13178=DIRECTION('',(0.,0.,1.));
#13179=DIRECTION('',(-0.999999998981577,4.51314303191319E-5,0.));
#13180=DIRECTION('',(0.,0.,-1.));
#13181=DIRECTION('',(0.,0.,1.));
#13182=DIRECTION('',(-0.999999998981577,4.51314303191319E-5,0.));
#13183=DIRECTION('',(-1.,0.,0.));
#13184=DIRECTION('',(0.,0.,1.));
#13185=DIRECTION('',(0.,1.,0.));
#13186=DIRECTION('',(0.,0.,-1.));
#13187=DIRECTION('',(0.,1.,0.));
#13188=DIRECTION('',(0.,0.,-1.));
#13189=DIRECTION('',(-1.,0.,0.));
#13190=DIRECTION('',(0.,0.,1.));
#13191=DIRECTION('',(0.999999998981577,-4.51314303052528E-5,0.));
#13192=DIRECTION('',(0.,0.,-1.));
#13193=DIRECTION('',(0.,0.,1.));
#13194=DIRECTION('',(0.999999998981577,-4.51314303052528E-5,0.));
#13195=DIRECTION('',(0.,-1.,0.));
#13196=DIRECTION('',(0.,0.,-1.));
#13197=DIRECTION('',(-1.,0.,0.));
#13198=DIRECTION('',(0.,0.,-1.));
#13199=DIRECTION('',(-1.,0.,0.));
#13200=DIRECTION('',(0.,0.,-1.));
#13201=DIRECTION('',(-1.,0.,0.));
#13202=DIRECTION('',(0.,0.,1.));
#13203=DIRECTION('',(5.11813365452158E-6,0.999999999986902,0.));
#13204=DIRECTION('',(0.,0.,-1.));
#13205=DIRECTION('',(0.,0.,1.));
#13206=DIRECTION('',(5.11813365452158E-6,0.999999999986902,0.));
#13207=DIRECTION('',(1.,0.,0.));
#13208=DIRECTION('',(0.,0.,-1.));
#13209=DIRECTION('',(0.,-1.,0.));
#13210=DIRECTION('',(0.,0.,-1.));
#13211=DIRECTION('',(0.,-1.,0.));
#13212=DIRECTION('',(0.,0.,-1.));
#13213=DIRECTION('',(-1.,0.,0.));
#13214=DIRECTION('',(0.,0.,1.));
#13215=DIRECTION('',(-0.999999999986902,5.11813365673144E-6,0.));
#13216=DIRECTION('',(0.,0.,-1.));
#13217=DIRECTION('',(0.,0.,1.));
#13218=DIRECTION('',(-0.999999999986902,5.11813365673144E-6,0.));
#13219=DIRECTION('',(0.,1.,0.));
#13220=DIRECTION('',(0.,0.,1.));
#13221=DIRECTION('',(1.,0.,0.));
#13222=DIRECTION('',(0.,0.,-1.));
#13223=DIRECTION('',(1.,0.,0.));
#13224=DIRECTION('',(0.,0.,-1.));
#13225=DIRECTION('',(-1.,0.,0.));
#13226=DIRECTION('',(0.,0.,1.));
#13227=DIRECTION('',(-1.6194768880015E-6,-0.999999999998689,0.));
#13228=DIRECTION('',(0.,0.,-1.));
#13229=DIRECTION('',(0.,0.,1.));
#13230=DIRECTION('',(-1.6194768880015E-6,-0.999999999998689,0.));
#13231=DIRECTION('',(-1.,0.,0.));
#13232=DIRECTION('',(0.,0.,1.));
#13233=DIRECTION('',(0.,1.,0.));
#13234=DIRECTION('',(0.,0.,-1.));
#13235=DIRECTION('',(0.,1.,0.));
#13236=DIRECTION('',(0.,0.,-1.));
#13237=DIRECTION('',(-1.,0.,0.));
#13238=DIRECTION('',(0.,0.,1.));
#13239=DIRECTION('',(0.999999999986902,-5.1181336545216E-6,0.));
#13240=DIRECTION('',(0.,0.,-1.));
#13241=DIRECTION('',(0.,0.,1.));
#13242=DIRECTION('',(0.999999999986902,-5.1181336545216E-6,0.));
#13243=DIRECTION('',(0.,-1.,0.));
#13244=DIRECTION('',(0.,0.,-1.));
#13245=DIRECTION('',(-1.,0.,0.));
#13246=DIRECTION('',(0.,0.,-1.));
#13247=DIRECTION('',(-1.,0.,0.));
#13248=DIRECTION('',(0.,0.,-1.));
#13249=DIRECTION('',(-1.,0.,0.));
#13250=DIRECTION('',(0.,0.,1.));
#13251=DIRECTION('',(5.11813365452159E-6,0.999999999986902,0.));
#13252=DIRECTION('',(0.,0.,-1.));
#13253=DIRECTION('',(0.,0.,1.));
#13254=DIRECTION('',(5.11813365452159E-6,0.999999999986902,0.));
#13255=DIRECTION('',(1.,0.,0.));
#13256=DIRECTION('',(0.,0.,-1.));
#13257=DIRECTION('',(0.,-1.,0.));
#13258=DIRECTION('',(0.,0.,-1.));
#13259=DIRECTION('',(0.,-1.,0.));
#13260=DIRECTION('',(0.,0.,-1.));
#13261=DIRECTION('',(-1.,0.,0.));
#13262=DIRECTION('',(0.,0.,1.));
#13263=DIRECTION('',(-0.999999998981577,4.51314303017834E-5,0.));
#13264=DIRECTION('',(0.,0.,-1.));
#13265=DIRECTION('',(0.,0.,1.));
#13266=DIRECTION('',(-0.999999998981577,4.51314303017834E-5,0.));
#13267=DIRECTION('',(0.,1.,0.));
#13268=DIRECTION('',(0.,0.,1.));
#13269=DIRECTION('',(1.,0.,0.));
#13270=DIRECTION('',(0.,0.,-1.));
#13271=DIRECTION('',(1.,0.,0.));
#13272=DIRECTION('',(0.,0.,-1.));
#13273=DIRECTION('',(-1.,0.,0.));
#13274=DIRECTION('',(0.,0.,1.));
#13275=DIRECTION('',(0.999999998981577,-4.51314303121928E-5,0.));
#13276=DIRECTION('',(0.,0.,-1.));
#13277=DIRECTION('',(0.,0.,1.));
#13278=DIRECTION('',(0.999999998981577,-4.51314303121928E-5,0.));
#13279=DIRECTION('',(1.,0.,0.));
#13280=DIRECTION('',(0.,0.,-1.));
#13281=DIRECTION('',(0.,-1.,0.));
#13282=DIRECTION('',(0.,0.,-1.));
#13283=DIRECTION('',(0.,-1.,0.));
#13284=DIRECTION('',(0.,0.,-1.));
#13285=DIRECTION('',(-1.,0.,0.));
#13286=DIRECTION('',(0.,0.,1.));
#13287=DIRECTION('',(-1.17961948591503E-5,-0.999999999930425,0.));
#13288=DIRECTION('',(0.,0.,-1.));
#13289=DIRECTION('',(0.,0.,1.));
#13290=DIRECTION('',(-1.17961948591503E-5,-0.999999999930425,0.));
#13291=DIRECTION('',(0.,-1.,0.));
#13292=DIRECTION('',(0.,0.,-1.));
#13293=DIRECTION('',(-1.,0.,0.));
#13294=DIRECTION('',(0.,0.,-1.));
#13295=DIRECTION('',(-1.,0.,0.));
#13296=DIRECTION('',(0.,0.,-1.));
#13297=DIRECTION('',(-1.,0.,0.));
#13298=DIRECTION('',(0.,0.,1.));
#13299=DIRECTION('',(-0.707078418805584,-0.707135142429929,0.));
#13300=DIRECTION('',(0.,0.,-1.));
#13301=DIRECTION('',(0.,0.,1.));
#13302=DIRECTION('',(-0.707078418805584,-0.707135142429929,0.));
#13303=DIRECTION('',(-0.707106781186548,-0.707106781186547,0.));
#13304=DIRECTION('',(0.707106781186547,-0.707106781186548,0.));
#13305=DIRECTION('',(-0.707106781186547,0.707106781186548,0.));
#13306=DIRECTION('',(0.,0.,-1.));
#13307=DIRECTION('',(-0.707106781186547,0.707106781186548,0.));
#13308=DIRECTION('',(0.,0.,-1.));
#13309=DIRECTION('',(-1.,0.,0.));
#13310=DIRECTION('',(0.,0.,1.));
#13311=DIRECTION('',(-0.999999999996663,2.5833417604433E-6,0.));
#13312=DIRECTION('',(0.,0.,-1.));
#13313=DIRECTION('',(0.,0.,1.));
#13314=DIRECTION('',(-0.999999999996663,2.5833417604433E-6,0.));
#13315=DIRECTION('',(-1.,0.,0.));
#13316=DIRECTION('',(0.,0.,1.));
#13317=DIRECTION('',(0.,1.,0.));
#13318=DIRECTION('',(0.,0.,-1.));
#13319=DIRECTION('',(0.,1.,0.));
#13320=DIRECTION('',(0.,0.,-1.));
#13321=DIRECTION('',(-1.,0.,0.));
#13322=DIRECTION('',(0.,0.,1.));
#13323=DIRECTION('',(-0.70710637219687,0.707107190175988,0.));
#13324=DIRECTION('',(0.,0.,-1.));
#13325=DIRECTION('',(0.,0.,1.));
#13326=DIRECTION('',(-0.70710637219687,0.707107190175988,0.));
#13327=DIRECTION('',(-0.707106781186548,0.707106781186547,0.));
#13328=DIRECTION('',(-0.707106781186547,-0.707106781186548,0.));
#13329=DIRECTION('',(0.707106781186547,0.707106781186548,0.));
#13330=DIRECTION('',(0.,0.,-1.));
#13331=DIRECTION('',(0.707106781186547,0.707106781186548,0.));
#13332=DIRECTION('',(0.,0.,-1.));
#13333=DIRECTION('',(-1.,0.,0.));
#13334=DIRECTION('',(0.,0.,1.));
#13335=DIRECTION('',(-3.22998132969044E-5,0.999999999478361,0.));
#13336=DIRECTION('',(0.,0.,-1.));
#13337=DIRECTION('',(0.,0.,1.));
#13338=DIRECTION('',(-3.22998132969044E-5,0.999999999478361,0.));
#13339=DIRECTION('',(0.,1.,0.));
#13340=DIRECTION('',(0.,0.,1.));
#13341=DIRECTION('',(1.,0.,0.));
#13342=DIRECTION('',(0.,0.,-1.));
#13343=DIRECTION('',(1.,0.,0.));
#13344=DIRECTION('',(0.,0.,-1.));
#13345=DIRECTION('',(-1.,0.,0.));
#13346=DIRECTION('',(0.,0.,1.));
#13347=DIRECTION('',(0.999999999930425,-1.17961948591503E-5,0.));
#13348=DIRECTION('',(0.,0.,-1.));
#13349=DIRECTION('',(0.,0.,1.));
#13350=DIRECTION('',(0.999999999930425,-1.17961948591503E-5,0.));
#13351=DIRECTION('',(1.,0.,0.));
#13352=DIRECTION('',(0.,0.,-1.));
#13353=DIRECTION('',(0.,-1.,0.));
#13354=DIRECTION('',(0.,0.,-1.));
#13355=DIRECTION('',(0.,-1.,0.));
#13356=DIRECTION('',(0.,0.,-1.));
#13357=DIRECTION('',(-1.,0.,0.));
#13358=DIRECTION('',(0.,0.,1.));
#13359=DIRECTION('',(-4.51314303191319E-5,-0.999999998981577,0.));
#13360=DIRECTION('',(0.,0.,-1.));
#13361=DIRECTION('',(0.,0.,1.));
#13362=DIRECTION('',(-4.51314303191319E-5,-0.999999998981577,0.));
#13363=DIRECTION('',(0.,-1.,0.));
#13364=DIRECTION('',(0.,0.,-1.));
#13365=DIRECTION('',(-1.,0.,0.));
#13366=DIRECTION('',(0.,0.,-1.));
#13367=DIRECTION('',(-1.,0.,0.));
#13368=DIRECTION('',(0.,0.,-1.));
#13369=DIRECTION('',(-1.,0.,0.));
#13370=DIRECTION('',(0.,0.,1.));
#13371=DIRECTION('',(4.51314303052528E-5,0.999999998981577,0.));
#13372=DIRECTION('',(0.,0.,-1.));
#13373=DIRECTION('',(0.,0.,1.));
#13374=DIRECTION('',(4.51314303052528E-5,0.999999998981577,0.));
#13375=DIRECTION('',(1.,0.,0.));
#13376=DIRECTION('',(0.,0.,-1.));
#13377=DIRECTION('',(0.,-1.,0.));
#13378=DIRECTION('',(0.,0.,-1.));
#13379=DIRECTION('',(0.,-1.,0.));
#13380=DIRECTION('',(0.,0.,-1.));
#13381=DIRECTION('',(-1.,0.,0.));
#13382=DIRECTION('',(0.,0.,1.));
#13383=DIRECTION('',(-0.999999999986902,5.11813365452158E-6,0.));
#13384=DIRECTION('',(0.,0.,-1.));
#13385=DIRECTION('',(0.,0.,1.));
#13386=DIRECTION('',(-0.999999999986902,5.11813365452158E-6,0.));
#13387=DIRECTION('',(0.,1.,0.));
#13388=DIRECTION('',(0.,0.,1.));
#13389=DIRECTION('',(1.,0.,0.));
#13390=DIRECTION('',(0.,0.,-1.));
#13391=DIRECTION('',(1.,0.,0.));
#13392=DIRECTION('',(0.,0.,-1.));
#13393=DIRECTION('',(-1.,0.,0.));
#13394=DIRECTION('',(0.,0.,1.));
#13395=DIRECTION('',(-5.11813365673144E-6,-0.999999999986902,0.));
#13396=DIRECTION('',(0.,0.,-1.));
#13397=DIRECTION('',(0.,0.,1.));
#13398=DIRECTION('',(-5.11813365673144E-6,-0.999999999986902,0.));
#13399=DIRECTION('',(-1.,0.,0.));
#13400=DIRECTION('',(0.,0.,1.));
#13401=DIRECTION('',(0.,1.,0.));
#13402=DIRECTION('',(0.,0.,-1.));
#13403=DIRECTION('',(0.,1.,0.));
#13404=DIRECTION('',(0.,0.,-1.));
#13405=DIRECTION('',(-1.,0.,0.));
#13406=DIRECTION('',(0.,0.,1.));
#13407=DIRECTION('',(0.999999999998689,-1.6194768880015E-6,0.));
#13408=DIRECTION('',(0.,0.,-1.));
#13409=DIRECTION('',(0.,0.,1.));
#13410=DIRECTION('',(0.999999999998689,-1.6194768880015E-6,0.));
#13411=DIRECTION('',(0.,-1.,0.));
#13412=DIRECTION('',(0.,0.,-1.));
#13413=DIRECTION('',(-1.,0.,0.));
#13414=DIRECTION('',(0.,0.,-1.));
#13415=DIRECTION('',(-1.,0.,0.));
#13416=DIRECTION('',(0.,0.,-1.));
#13417=DIRECTION('',(-1.,0.,0.));
#13418=DIRECTION('',(0.,0.,1.));
#13419=DIRECTION('',(5.1181336545216E-6,0.999999999986902,0.));
#13420=DIRECTION('',(0.,0.,-1.));
#13421=DIRECTION('',(0.,0.,1.));
#13422=DIRECTION('',(5.1181336545216E-6,0.999999999986902,0.));
#13423=DIRECTION('',(1.,0.,0.));
#13424=DIRECTION('',(0.,0.,-1.));
#13425=DIRECTION('',(0.,-1.,0.));
#13426=DIRECTION('',(0.,0.,-1.));
#13427=DIRECTION('',(0.,-1.,0.));
#13428=DIRECTION('',(0.,0.,-1.));
#13429=DIRECTION('',(-1.,0.,0.));
#13430=DIRECTION('',(0.,0.,1.));
#13431=DIRECTION('',(-0.999999999986902,5.11813365452159E-6,0.));
#13432=DIRECTION('',(0.,0.,-1.));
#13433=DIRECTION('',(0.,0.,1.));
#13434=DIRECTION('',(-0.999999999986902,5.11813365452159E-6,0.));
#13435=DIRECTION('',(0.,1.,0.));
#13436=DIRECTION('',(0.,0.,1.));
#13437=DIRECTION('',(1.,0.,0.));
#13438=DIRECTION('',(0.,0.,-1.));
#13439=DIRECTION('',(1.,0.,0.));
#13440=DIRECTION('',(0.,0.,-1.));
#13441=DIRECTION('',(-1.,0.,0.));
#13442=DIRECTION('',(0.,0.,1.));
#13443=DIRECTION('',(-4.51314303017834E-5,-0.999999998981577,0.));
#13444=DIRECTION('',(0.,0.,-1.));
#13445=DIRECTION('',(0.,0.,1.));
#13446=DIRECTION('',(-4.51314303017834E-5,-0.999999998981577,0.));
#13447=DIRECTION('',(-1.,0.,0.));
#13448=DIRECTION('',(0.,0.,1.));
#13449=DIRECTION('',(0.,1.,0.));
#13450=DIRECTION('',(0.,0.,-1.));
#13451=DIRECTION('',(0.,1.,0.));
#13452=DIRECTION('',(0.,0.,-1.));
#13453=DIRECTION('',(-1.,0.,0.));
#13454=DIRECTION('',(0.,0.,1.));
#13455=DIRECTION('',(4.51314303121928E-5,0.999999998981577,0.));
#13456=DIRECTION('',(0.,0.,-1.));
#13457=DIRECTION('',(0.,0.,1.));
#13458=DIRECTION('',(4.51314303121928E-5,0.999999998981577,0.));
#13459=DIRECTION('',(0.,1.,0.));
#13460=DIRECTION('',(0.,0.,1.));
#13461=DIRECTION('',(1.,0.,0.));
#13462=DIRECTION('',(0.,0.,-1.));
#13463=DIRECTION('',(1.,0.,0.));
#13464=DIRECTION('',(0.,0.,-1.));
#13465=DIRECTION('',(-1.,0.,0.));
#13466=DIRECTION('',(0.,0.,1.));
#13467=DIRECTION('',(0.999999999930425,-1.17961948591503E-5,0.));
#13468=DIRECTION('',(0.,0.,-1.));
#13469=DIRECTION('',(0.,0.,1.));
#13470=DIRECTION('',(0.999999999930425,-1.17961948591503E-5,0.));
#13471=DIRECTION('',(1.,0.,0.));
#13472=DIRECTION('',(0.,0.,-1.));
#13473=DIRECTION('',(0.,-1.,0.));
#13474=DIRECTION('',(0.,0.,-1.));
#13475=DIRECTION('',(0.,-1.,0.));
#13476=DIRECTION('',(0.,0.,-1.));
#13477=DIRECTION('',(-1.,0.,0.));
#13478=DIRECTION('',(0.,0.,1.));
#13479=DIRECTION('',(0.707135142429929,-0.707078418805584,0.));
#13480=DIRECTION('',(0.,0.,-1.));
#13481=DIRECTION('',(0.,0.,1.));
#13482=DIRECTION('',(0.707135142429929,-0.707078418805584,0.));
#13483=DIRECTION('',(0.707106781186547,-0.707106781186548,0.));
#13484=DIRECTION('',(0.707106781186548,0.707106781186547,0.));
#13485=DIRECTION('',(-0.707106781186548,-0.707106781186547,0.));
#13486=DIRECTION('',(0.,0.,-1.));
#13487=DIRECTION('',(-0.707106781186548,-0.707106781186547,0.));
#13488=DIRECTION('',(0.,0.,-1.));
#13489=DIRECTION('',(-1.,0.,0.));
#13490=DIRECTION('',(0.,0.,1.));
#13491=DIRECTION('',(-2.5833417604433E-6,-0.999999999996663,0.));
#13492=DIRECTION('',(0.,0.,-1.));
#13493=DIRECTION('',(0.,0.,1.));
#13494=DIRECTION('',(-2.5833417604433E-6,-0.999999999996663,0.));
#13495=DIRECTION('',(0.,-1.,0.));
#13496=DIRECTION('',(0.,0.,-1.));
#13497=DIRECTION('',(-1.,0.,0.));
#13498=DIRECTION('',(0.,0.,-1.));
#13499=DIRECTION('',(-1.,0.,0.));
#13500=DIRECTION('',(0.,0.,-1.));
#13501=DIRECTION('',(-1.,0.,0.));
#13502=DIRECTION('',(0.,0.,1.));
#13503=DIRECTION('',(-0.707107190175988,-0.70710637219687,0.));
#13504=DIRECTION('',(0.,0.,-1.));
#13505=DIRECTION('',(0.,0.,1.));
#13506=DIRECTION('',(-0.707107190175988,-0.70710637219687,0.));
#13507=DIRECTION('',(-0.707106781186547,-0.707106781186548,0.));
#13508=DIRECTION('',(0.707106781186548,-0.707106781186547,0.));
#13509=DIRECTION('',(-0.707106781186548,0.707106781186547,0.));
#13510=DIRECTION('',(0.,0.,-1.));
#13511=DIRECTION('',(-0.707106781186548,0.707106781186547,0.));
#13512=DIRECTION('',(0.,0.,-1.));
#13513=DIRECTION('',(-1.,0.,0.));
#13514=DIRECTION('',(0.,0.,1.));
#13515=DIRECTION('',(-0.999999999478361,-3.22998132969044E-5,0.));
#13516=DIRECTION('',(0.,0.,-1.));
#13517=DIRECTION('',(0.,0.,1.));
#13518=DIRECTION('',(-0.999999999478361,-3.22998132969044E-5,0.));
#13519=DIRECTION('',(-1.,0.,0.));
#13520=DIRECTION('',(0.,0.,1.));
#13521=DIRECTION('',(0.,1.,0.));
#13522=DIRECTION('',(0.,0.,-1.));
#13523=DIRECTION('',(0.,1.,0.));
#13524=DIRECTION('',(0.,0.,-1.));
#13525=DIRECTION('',(-1.,0.,0.));
#13526=DIRECTION('',(0.,0.,1.));
#13527=DIRECTION('',(1.17961948591503E-5,0.999999999930425,0.));
#13528=DIRECTION('',(0.,0.,-1.));
#13529=DIRECTION('',(0.,0.,1.));
#13530=DIRECTION('',(1.17961948591503E-5,0.999999999930425,0.));
#13531=DIRECTION('',(0.,1.,0.));
#13532=DIRECTION('',(0.,0.,1.));
#13533=DIRECTION('',(1.,0.,0.));
#13534=DIRECTION('',(0.,0.,-1.));
#13535=DIRECTION('',(1.,0.,0.));
#13536=DIRECTION('',(0.,0.,-1.));
#13537=DIRECTION('',(-1.,0.,0.));
#13538=DIRECTION('',(0.,0.,1.));
#13539=DIRECTION('',(0.999999998981577,-4.51314303191319E-5,0.));
#13540=DIRECTION('',(0.,0.,-1.));
#13541=DIRECTION('',(0.,0.,1.));
#13542=DIRECTION('',(0.999999998981577,-4.51314303191319E-5,0.));
#13543=DIRECTION('',(1.,0.,0.));
#13544=DIRECTION('',(0.,0.,-1.));
#13545=DIRECTION('',(0.,-1.,0.));
#13546=DIRECTION('',(0.,0.,-1.));
#13547=DIRECTION('',(0.,-1.,0.));
#13548=DIRECTION('',(0.,0.,-1.));
#13549=DIRECTION('',(-1.,0.,0.));
#13550=DIRECTION('',(0.,0.,1.));
#13551=DIRECTION('',(-0.999999998981577,4.51314303052528E-5,0.));
#13552=DIRECTION('',(0.,0.,-1.));
#13553=DIRECTION('',(0.,0.,1.));
#13554=DIRECTION('',(-0.999999998981577,4.51314303052528E-5,0.));
#13555=DIRECTION('',(0.,1.,0.));
#13556=DIRECTION('',(0.,0.,1.));
#13557=DIRECTION('',(1.,0.,0.));
#13558=DIRECTION('',(0.,0.,-1.));
#13559=DIRECTION('',(1.,0.,0.));
#13560=DIRECTION('',(0.,0.,-1.));
#13561=DIRECTION('',(-1.,0.,0.));
#13562=DIRECTION('',(0.,0.,1.));
#13563=DIRECTION('',(-1.23482033572086E-6,-0.999999999999238,0.));
#13564=DIRECTION('',(0.,0.,-1.));
#13565=DIRECTION('',(0.,0.,1.));
#13566=DIRECTION('',(-1.23482033572086E-6,-0.999999999999238,0.));
#13567=DIRECTION('',(0.,0.,-1.));
#13568=DIRECTION('',(0.,1.,0.));
#13569=DIRECTION('',(0.,0.,1.));
#13570=DIRECTION('',(1.,0.,0.));
#13571=DIRECTION('',(0.,0.,-1.));
#13572=DIRECTION('',(1.,0.,0.));
#13573=DIRECTION('',(0.,0.,-1.));
#13574=DIRECTION('',(-1.,0.,0.));
#13575=DIRECTION('',(0.,0.,1.));
#13576=DIRECTION('',(-0.999999999890728,1.47832419008337E-5,0.));
#13577=DIRECTION('',(0.,0.,-1.));
#13578=DIRECTION('',(0.,0.,1.));
#13579=DIRECTION('',(-0.999999999890728,1.47832419008337E-5,0.));
#13580=DIRECTION('',(1.,0.,0.));
#13581=DIRECTION('',(0.,0.,-1.));
#13582=DIRECTION('',(0.,-1.,0.));
#13583=DIRECTION('',(0.,0.,-1.));
#13584=DIRECTION('',(0.,-1.,0.));
#13585=DIRECTION('',(0.,0.,-1.));
#13586=DIRECTION('',(-1.,0.,0.));
#13587=DIRECTION('',(0.,0.,1.));
#13588=DIRECTION('',(1.1796194867346E-5,0.999999999930425,0.));
#13589=DIRECTION('',(0.,0.,-1.));
#13590=DIRECTION('',(0.,0.,1.));
#13591=DIRECTION('',(1.1796194867346E-5,0.999999999930425,0.));
#13592=DIRECTION('',(0.,-1.,0.));
#13593=DIRECTION('',(0.,0.,-1.));
#13594=DIRECTION('',(-1.,0.,0.));
#13595=DIRECTION('',(0.,0.,-1.));
#13596=DIRECTION('',(-1.,0.,0.));
#13597=DIRECTION('',(0.,0.,-1.));
#13598=DIRECTION('',(-1.,0.,0.));
#13599=DIRECTION('',(0.,0.,1.));
#13600=DIRECTION('',(0.999999999890728,-1.47832419063408E-5,0.));
#13601=DIRECTION('',(0.,0.,-1.));
#13602=DIRECTION('',(0.,0.,1.));
#13603=DIRECTION('',(0.999999999890728,-1.47832419063408E-5,0.));
#13604=DIRECTION('',(0.,0.,-1.));
#13605=DIRECTION('',(-1.,0.,0.));
#13606=DIRECTION('',(0.,0.,1.));
#13607=DIRECTION('',(-0.999999999999238,1.23482033572086E-6,0.));
#13608=DIRECTION('',(0.,0.,-1.));
#13609=DIRECTION('',(0.,0.,1.));
#13610=DIRECTION('',(-0.999999999999238,1.23482033572086E-6,0.));
#13611=DIRECTION('',(0.,0.,-1.));
#13612=DIRECTION('',(1.,0.,0.));
#13613=DIRECTION('',(0.,0.,-1.));
#13614=DIRECTION('',(0.,-1.,0.));
#13615=DIRECTION('',(0.,0.,-1.));
#13616=DIRECTION('',(0.,-1.,0.));
#13617=DIRECTION('',(0.,0.,-1.));
#13618=DIRECTION('',(-1.,0.,0.));
#13619=DIRECTION('',(0.,0.,1.));
#13620=DIRECTION('',(1.47832419008337E-5,0.999999999890728,0.));
#13621=DIRECTION('',(0.,0.,-1.));
#13622=DIRECTION('',(0.,0.,1.));
#13623=DIRECTION('',(1.47832419008337E-5,0.999999999890728,0.));
#13624=DIRECTION('',(0.,-1.,0.));
#13625=DIRECTION('',(0.,0.,-1.));
#13626=DIRECTION('',(-1.,0.,0.));
#13627=DIRECTION('',(0.,0.,-1.));
#13628=DIRECTION('',(-1.,0.,0.));
#13629=DIRECTION('',(0.,0.,-1.));
#13630=DIRECTION('',(-1.,0.,0.));
#13631=DIRECTION('',(0.,0.,1.));
#13632=DIRECTION('',(0.999999999930425,-1.1796194867346E-5,0.));
#13633=DIRECTION('',(0.,0.,-1.));
#13634=DIRECTION('',(0.,0.,1.));
#13635=DIRECTION('',(0.999999999930425,-1.1796194867346E-5,0.));
#13636=DIRECTION('',(-1.,0.,0.));
#13637=DIRECTION('',(0.,0.,1.));
#13638=DIRECTION('',(0.,1.,0.));
#13639=DIRECTION('',(0.,0.,-1.));
#13640=DIRECTION('',(0.,1.,0.));
#13641=DIRECTION('',(0.,0.,-1.));
#13642=DIRECTION('',(-1.,0.,0.));
#13643=DIRECTION('',(0.,0.,1.));
#13644=DIRECTION('',(-1.47832419063408E-5,-0.999999999890728,0.));
#13645=DIRECTION('',(0.,0.,-1.));
#13646=DIRECTION('',(0.,0.,1.));
#13647=DIRECTION('',(-1.47832419063408E-5,-0.999999999890728,0.));
#13648=DIRECTION('',(0.,0.,-1.));
#13649=DIRECTION('',(-1.,0.,0.));
#13650=DIRECTION('',(0.,0.,1.));
#13651=DIRECTION('',(0.999999999999238,-1.23482033572086E-6,0.));
#13652=DIRECTION('',(0.,0.,-1.));
#13653=DIRECTION('',(0.,0.,1.));
#13654=DIRECTION('',(0.999999999999238,-1.23482033572086E-6,0.));
#13655=DIRECTION('',(0.,0.,-1.));
#13656=DIRECTION('',(-1.,0.,0.));
#13657=DIRECTION('',(0.,0.,1.));
#13658=DIRECTION('',(0.,1.,0.));
#13659=DIRECTION('',(0.,0.,-1.));
#13660=DIRECTION('',(0.,1.,0.));
#13661=DIRECTION('',(0.,0.,-1.));
#13662=DIRECTION('',(-1.,0.,0.));
#13663=DIRECTION('',(0.,0.,1.));
#13664=DIRECTION('',(-1.47832419008337E-5,-0.999999999890728,0.));
#13665=DIRECTION('',(0.,0.,-1.));
#13666=DIRECTION('',(0.,0.,1.));
#13667=DIRECTION('',(-1.47832419008337E-5,-0.999999999890728,0.));
#13668=DIRECTION('',(0.,1.,0.));
#13669=DIRECTION('',(0.,0.,1.));
#13670=DIRECTION('',(1.,0.,0.));
#13671=DIRECTION('',(0.,0.,-1.));
#13672=DIRECTION('',(1.,0.,0.));
#13673=DIRECTION('',(0.,0.,-1.));
#13674=DIRECTION('',(-1.,0.,0.));
#13675=DIRECTION('',(0.,0.,1.));
#13676=DIRECTION('',(-0.999999999930425,1.1796194867346E-5,0.));
#13677=DIRECTION('',(0.,0.,-1.));
#13678=DIRECTION('',(0.,0.,1.));
#13679=DIRECTION('',(-0.999999999930425,1.1796194867346E-5,0.));
#13680=DIRECTION('',(1.,0.,0.));
#13681=DIRECTION('',(0.,0.,-1.));
#13682=DIRECTION('',(0.,-1.,0.));
#13683=DIRECTION('',(0.,0.,-1.));
#13684=DIRECTION('',(0.,-1.,0.));
#13685=DIRECTION('',(0.,0.,-1.));
#13686=DIRECTION('',(-1.,0.,0.));
#13687=DIRECTION('',(0.,0.,1.));
#13688=DIRECTION('',(1.47832419063408E-5,0.999999999890728,0.));
#13689=DIRECTION('',(0.,0.,-1.));
#13690=DIRECTION('',(0.,0.,1.));
#13691=DIRECTION('',(1.47832419063408E-5,0.999999999890728,0.));
#13692=DIRECTION('',(0.,0.,-1.));
#13693=DIRECTION('',(-1.,0.,0.));
#13694=DIRECTION('',(0.,0.,1.));
#13695=DIRECTION('',(1.23482033572086E-6,0.999999999999238,0.));
#13696=DIRECTION('',(0.,0.,-1.));
#13697=DIRECTION('',(0.,0.,1.));
#13698=DIRECTION('',(1.23482033572086E-6,0.999999999999238,0.));
#13699=DIRECTION('',(0.,0.,-1.));
#13700=DIRECTION('',(0.,-1.,0.));
#13701=DIRECTION('',(0.,0.,-1.));
#13702=DIRECTION('',(-1.,0.,0.));
#13703=DIRECTION('',(0.,0.,-1.));
#13704=DIRECTION('',(-1.,0.,0.));
#13705=DIRECTION('',(0.,0.,-1.));
#13706=DIRECTION('',(-1.,0.,0.));
#13707=DIRECTION('',(0.,0.,1.));
#13708=DIRECTION('',(0.999999999890728,-1.47832419008337E-5,0.));
#13709=DIRECTION('',(0.,0.,-1.));
#13710=DIRECTION('',(0.,0.,1.));
#13711=DIRECTION('',(0.999999999890728,-1.47832419008337E-5,0.));
#13712=DIRECTION('',(-1.,0.,0.));
#13713=DIRECTION('',(0.,0.,1.));
#13714=DIRECTION('',(0.,1.,0.));
#13715=DIRECTION('',(0.,0.,-1.));
#13716=DIRECTION('',(0.,1.,0.));
#13717=DIRECTION('',(0.,0.,-1.));
#13718=DIRECTION('',(-1.,0.,0.));
#13719=DIRECTION('',(0.,0.,1.));
#13720=DIRECTION('',(-1.1796194867346E-5,-0.999999999930425,0.));
#13721=DIRECTION('',(0.,0.,-1.));
#13722=DIRECTION('',(0.,0.,1.));
#13723=DIRECTION('',(-1.1796194867346E-5,-0.999999999930425,0.));
#13724=DIRECTION('',(0.,1.,0.));
#13725=DIRECTION('',(0.,0.,1.));
#13726=DIRECTION('',(1.,0.,0.));
#13727=DIRECTION('',(0.,0.,-1.));
#13728=DIRECTION('',(1.,0.,0.));
#13729=DIRECTION('',(0.,0.,-1.));
#13730=DIRECTION('',(-1.,0.,0.));
#13731=DIRECTION('',(0.,0.,1.));
#13732=DIRECTION('',(-0.999999999890728,1.47832419063408E-5,0.));
#13733=DIRECTION('',(0.,0.,-1.));
#13734=DIRECTION('',(0.,0.,1.));
#13735=DIRECTION('',(-0.999999999890728,1.47832419063408E-5,0.));
#13736=DIRECTION('',(0.,0.,-1.));
#13737=DIRECTION('',(-1.,0.,0.));
#13738=DIRECTION('',(0.,0.,1.));
#13739=DIRECTION('',(-0.979126442319535,0.203252084738854,0.));
#13740=DIRECTION('',(0.,0.,-1.));
#13741=DIRECTION('',(0.,0.,1.));
#13742=DIRECTION('',(-0.979126442319535,0.203252084738854,0.));
#13743=DIRECTION('',(0.,0.,-1.));
#13744=DIRECTION('',(0.964066844018042,-0.265659782927513,0.));
#13745=DIRECTION('',(0.265659782927513,0.964066844018042,0.));
#13746=DIRECTION('',(-0.265659782927513,-0.964066844018042,0.));
#13747=DIRECTION('',(0.,0.,-1.));
#13748=DIRECTION('',(-0.265659782927513,-0.964066844018042,0.));
#13749=DIRECTION('',(0.707106781186548,-0.707106781186548,0.));
#13750=DIRECTION('',(0.707106781186548,0.707106781186548,0.));
#13751=DIRECTION('',(-0.707106781186548,-0.707106781186548,0.));
#13752=DIRECTION('',(0.,0.,-1.));
#13753=DIRECTION('',(-0.707106781186548,-0.707106781186548,0.));
#13754=DIRECTION('',(0.,0.,-1.));
#13755=DIRECTION('',(-1.,0.,0.));
#13756=DIRECTION('',(0.,0.,1.));
#13757=DIRECTION('',(-0.982959670189727,-0.183821344735871,0.));
#13758=DIRECTION('',(0.,0.,-1.));
#13759=DIRECTION('',(0.,0.,1.));
#13760=DIRECTION('',(-0.982959670189727,-0.183821344735871,0.));
#13761=DIRECTION('',(0.17527966171899,0.98451868452949,0.));
#13762=DIRECTION('',(-0.98451868452949,0.17527966171899,0.));
#13763=DIRECTION('',(0.98451868452949,-0.17527966171899,0.));
#13764=DIRECTION('',(0.,0.,-1.));
#13765=DIRECTION('',(0.98451868452949,-0.17527966171899,0.));
#13766=DIRECTION('',(0.,0.,-1.));
#13767=DIRECTION('',(-1.,0.,0.));
#13768=DIRECTION('',(0.,0.,1.));
#13769=DIRECTION('',(-0.175281354397778,0.984518383170411,0.));
#13770=DIRECTION('',(0.,0.,-1.));
#13771=DIRECTION('',(0.,0.,1.));
#13772=DIRECTION('',(-0.175281354397778,0.984518383170411,0.));
#13773=DIRECTION('',(0.17527966171899,-0.98451868452949,0.));
#13774=DIRECTION('',(0.98451868452949,0.17527966171899,0.));
#13775=DIRECTION('',(-0.98451868452949,-0.17527966171899,0.));
#13776=DIRECTION('',(0.,0.,-1.));
#13777=DIRECTION('',(-0.98451868452949,-0.17527966171899,0.));
#13778=DIRECTION('',(0.,0.,-1.));
#13779=DIRECTION('',(-1.,0.,0.));
#13780=DIRECTION('',(0.,0.,1.));
#13781=DIRECTION('',(-0.883802659327031,0.467859871506917,0.));
#13782=DIRECTION('',(0.,0.,-1.));
#13783=DIRECTION('',(0.,0.,1.));
#13784=DIRECTION('',(-0.883802659327031,0.467859871506917,0.));
#13785=DIRECTION('',(0.707106781186548,0.707106781186548,0.));
#13786=DIRECTION('',(-0.707106781186548,0.707106781186548,0.));
#13787=DIRECTION('',(0.707106781186548,-0.707106781186548,0.));
#13788=DIRECTION('',(0.,0.,-1.));
#13789=DIRECTION('',(0.707106781186548,-0.707106781186548,0.));
#13790=DIRECTION('',(0.964066844018042,0.265659782927513,0.));
#13791=DIRECTION('',(-0.265659782927513,0.964066844018042,0.));
#13792=DIRECTION('',(0.265659782927513,-0.964066844018042,0.));
#13793=DIRECTION('',(0.,0.,-1.));
#13794=DIRECTION('',(0.265659782927513,-0.964066844018042,0.));
#13795=DIRECTION('',(0.,0.,-1.));
#13796=DIRECTION('',(-1.,0.,0.));
#13797=DIRECTION('',(0.,0.,1.));
#13798=DIRECTION('',(0.203252084738854,0.979126442319535,0.));
#13799=DIRECTION('',(0.,0.,-1.));
#13800=DIRECTION('',(0.,0.,1.));
#13801=DIRECTION('',(0.203252084738854,0.979126442319535,0.));
#13802=DIRECTION('',(-0.265659782927513,-0.964066844018042,0.));
#13803=DIRECTION('',(0.964066844018042,-0.265659782927513,0.));
#13804=DIRECTION('',(-0.964066844018042,0.265659782927513,0.));
#13805=DIRECTION('',(0.,0.,-1.));
#13806=DIRECTION('',(-0.964066844018042,0.265659782927513,0.));
#13807=DIRECTION('',(-0.707106781186548,-0.707106781186548,0.));
#13808=DIRECTION('',(0.707106781186548,-0.707106781186548,0.));
#13809=DIRECTION('',(-0.707106781186548,0.707106781186548,0.));
#13810=DIRECTION('',(0.,0.,-1.));
#13811=DIRECTION('',(-0.707106781186548,0.707106781186548,0.));
#13812=DIRECTION('',(0.,0.,-1.));
#13813=DIRECTION('',(-1.,0.,0.));
#13814=DIRECTION('',(0.,0.,1.));
#13815=DIRECTION('',(-0.183821344735871,0.982959670189727,0.));
#13816=DIRECTION('',(0.,0.,-1.));
#13817=DIRECTION('',(0.,0.,1.));
#13818=DIRECTION('',(-0.183821344735871,0.982959670189727,0.));
#13819=DIRECTION('',(0.98451868452949,-0.17527966171899,0.));
#13820=DIRECTION('',(0.17527966171899,0.98451868452949,0.));
#13821=DIRECTION('',(-0.17527966171899,-0.98451868452949,0.));
#13822=DIRECTION('',(0.,0.,-1.));
#13823=DIRECTION('',(-0.17527966171899,-0.98451868452949,0.));
#13824=DIRECTION('',(0.,0.,-1.));
#13825=DIRECTION('',(-1.,0.,0.));
#13826=DIRECTION('',(0.,0.,1.));
#13827=DIRECTION('',(0.984518383170411,0.175281354397778,0.));
#13828=DIRECTION('',(0.,0.,-1.));
#13829=DIRECTION('',(0.,0.,1.));
#13830=DIRECTION('',(0.984518383170411,0.175281354397778,0.));
#13831=DIRECTION('',(-0.98451868452949,-0.17527966171899,0.));
#13832=DIRECTION('',(0.17527966171899,-0.98451868452949,0.));
#13833=DIRECTION('',(-0.17527966171899,0.98451868452949,0.));
#13834=DIRECTION('',(0.,0.,-1.));
#13835=DIRECTION('',(-0.17527966171899,0.98451868452949,0.));
#13836=DIRECTION('',(0.,0.,-1.));
#13837=DIRECTION('',(-1.,0.,0.));
#13838=DIRECTION('',(0.,0.,1.));
#13839=DIRECTION('',(0.467859871506917,0.883802659327031,0.));
#13840=DIRECTION('',(0.,0.,-1.));
#13841=DIRECTION('',(0.,0.,1.));
#13842=DIRECTION('',(0.467859871506917,0.883802659327031,0.));
#13843=DIRECTION('',(0.707106781186548,-0.707106781186548,0.));
#13844=DIRECTION('',(0.707106781186548,0.707106781186548,0.));
#13845=DIRECTION('',(-0.707106781186548,-0.707106781186548,0.));
#13846=DIRECTION('',(0.,0.,-1.));
#13847=DIRECTION('',(-0.707106781186548,-0.707106781186548,0.));
#13848=DIRECTION('',(0.265659782927513,-0.964066844018042,0.));
#13849=DIRECTION('',(0.964066844018042,0.265659782927513,0.));
#13850=DIRECTION('',(-0.964066844018042,-0.265659782927513,0.));
#13851=DIRECTION('',(0.,0.,-1.));
#13852=DIRECTION('',(-0.964066844018042,-0.265659782927513,0.));
#13853=DIRECTION('',(0.,0.,-1.));
#13854=DIRECTION('',(-1.,0.,0.));
#13855=DIRECTION('',(0.,0.,1.));
#13856=DIRECTION('',(0.979126442319535,-0.203252084738854,0.));
#13857=DIRECTION('',(0.,0.,-1.));
#13858=DIRECTION('',(0.,0.,1.));
#13859=DIRECTION('',(0.979126442319535,-0.203252084738854,0.));
#13860=DIRECTION('',(-0.964066844018042,0.265659782927513,0.));
#13861=DIRECTION('',(-0.265659782927513,-0.964066844018042,0.));
#13862=DIRECTION('',(0.265659782927513,0.964066844018042,0.));
#13863=DIRECTION('',(0.,0.,-1.));
#13864=DIRECTION('',(0.265659782927513,0.964066844018042,0.));
#13865=DIRECTION('',(-0.707106781186548,0.707106781186548,0.));
#13866=DIRECTION('',(-0.707106781186548,-0.707106781186548,0.));
#13867=DIRECTION('',(0.707106781186548,0.707106781186548,0.));
#13868=DIRECTION('',(0.,0.,-1.));
#13869=DIRECTION('',(0.707106781186548,0.707106781186548,0.));
#13870=DIRECTION('',(0.,0.,-1.));
#13871=DIRECTION('',(-1.,0.,0.));
#13872=DIRECTION('',(0.,0.,1.));
#13873=DIRECTION('',(0.982959670189727,0.183821344735871,0.));
#13874=DIRECTION('',(0.,0.,-1.));
#13875=DIRECTION('',(0.,0.,1.));
#13876=DIRECTION('',(0.982959670189727,0.183821344735871,0.));
#13877=DIRECTION('',(-0.17527966171899,-0.98451868452949,0.));
#13878=DIRECTION('',(0.98451868452949,-0.17527966171899,0.));
#13879=DIRECTION('',(-0.98451868452949,0.17527966171899,0.));
#13880=DIRECTION('',(0.,0.,-1.));
#13881=DIRECTION('',(-0.98451868452949,0.17527966171899,0.));
#13882=DIRECTION('',(0.,0.,-1.));
#13883=DIRECTION('',(-1.,0.,0.));
#13884=DIRECTION('',(0.,0.,1.));
#13885=DIRECTION('',(0.175281354397778,-0.984518383170411,0.));
#13886=DIRECTION('',(0.,0.,-1.));
#13887=DIRECTION('',(0.,0.,1.));
#13888=DIRECTION('',(0.175281354397778,-0.984518383170411,0.));
#13889=DIRECTION('',(-0.17527966171899,0.98451868452949,0.));
#13890=DIRECTION('',(-0.98451868452949,-0.17527966171899,0.));
#13891=DIRECTION('',(0.98451868452949,0.17527966171899,0.));
#13892=DIRECTION('',(0.,0.,-1.));
#13893=DIRECTION('',(0.98451868452949,0.17527966171899,0.));
#13894=DIRECTION('',(0.,0.,-1.));
#13895=DIRECTION('',(-1.,0.,0.));
#13896=DIRECTION('',(0.,0.,1.));
#13897=DIRECTION('',(0.883802659327031,-0.467859871506917,0.));
#13898=DIRECTION('',(0.,0.,-1.));
#13899=DIRECTION('',(0.,0.,1.));
#13900=DIRECTION('',(0.883802659327031,-0.467859871506917,0.));
#13901=DIRECTION('',(-0.707106781186548,-0.707106781186548,0.));
#13902=DIRECTION('',(0.707106781186548,-0.707106781186548,0.));
#13903=DIRECTION('',(-0.707106781186548,0.707106781186548,0.));
#13904=DIRECTION('',(0.,0.,-1.));
#13905=DIRECTION('',(-0.707106781186548,0.707106781186548,0.));
#13906=DIRECTION('',(-0.964066844018042,-0.265659782927513,0.));
#13907=DIRECTION('',(0.265659782927513,-0.964066844018042,0.));
#13908=DIRECTION('',(-0.265659782927513,0.964066844018042,0.));
#13909=DIRECTION('',(0.,0.,-1.));
#13910=DIRECTION('',(-0.265659782927513,0.964066844018042,0.));
#13911=DIRECTION('',(0.,0.,-1.));
#13912=DIRECTION('',(-1.,0.,0.));
#13913=DIRECTION('',(0.,0.,1.));
#13914=DIRECTION('',(-0.203252084738854,-0.979126442319535,0.));
#13915=DIRECTION('',(0.,0.,-1.));
#13916=DIRECTION('',(0.,0.,1.));
#13917=DIRECTION('',(-0.203252084738854,-0.979126442319535,0.));
#13918=DIRECTION('',(0.265659782927513,0.964066844018042,0.));
#13919=DIRECTION('',(-0.964066844018042,0.265659782927513,0.));
#13920=DIRECTION('',(0.964066844018042,-0.265659782927513,0.));
#13921=DIRECTION('',(0.,0.,-1.));
#13922=DIRECTION('',(0.964066844018042,-0.265659782927513,0.));
#13923=DIRECTION('',(0.707106781186548,0.707106781186548,0.));
#13924=DIRECTION('',(-0.707106781186548,0.707106781186548,0.));
#13925=DIRECTION('',(0.707106781186548,-0.707106781186548,0.));
#13926=DIRECTION('',(0.,0.,-1.));
#13927=DIRECTION('',(0.707106781186548,-0.707106781186548,0.));
#13928=DIRECTION('',(0.,0.,-1.));
#13929=DIRECTION('',(-1.,0.,0.));
#13930=DIRECTION('',(0.,0.,1.));
#13931=DIRECTION('',(0.183821344735871,-0.982959670189727,0.));
#13932=DIRECTION('',(0.,0.,-1.));
#13933=DIRECTION('',(0.,0.,1.));
#13934=DIRECTION('',(0.183821344735871,-0.982959670189727,0.));
#13935=DIRECTION('',(-0.98451868452949,0.17527966171899,0.));
#13936=DIRECTION('',(-0.17527966171899,-0.98451868452949,0.));
#13937=DIRECTION('',(0.17527966171899,0.98451868452949,0.));
#13938=DIRECTION('',(0.,0.,-1.));
#13939=DIRECTION('',(0.17527966171899,0.98451868452949,0.));
#13940=DIRECTION('',(0.,0.,-1.));
#13941=DIRECTION('',(-1.,0.,0.));
#13942=DIRECTION('',(0.,0.,1.));
#13943=DIRECTION('',(-0.984518383170411,-0.175281354397778,0.));
#13944=DIRECTION('',(0.,0.,-1.));
#13945=DIRECTION('',(0.,0.,1.));
#13946=DIRECTION('',(-0.984518383170411,-0.175281354397778,0.));
#13947=DIRECTION('',(0.98451868452949,0.17527966171899,0.));
#13948=DIRECTION('',(-0.17527966171899,0.98451868452949,0.));
#13949=DIRECTION('',(0.17527966171899,-0.98451868452949,0.));
#13950=DIRECTION('',(0.,0.,-1.));
#13951=DIRECTION('',(0.17527966171899,-0.98451868452949,0.));
#13952=DIRECTION('',(0.,0.,-1.));
#13953=DIRECTION('',(-1.,0.,0.));
#13954=DIRECTION('',(0.,0.,1.));
#13955=DIRECTION('',(-0.467859871506917,-0.883802659327031,0.));
#13956=DIRECTION('',(0.,0.,-1.));
#13957=DIRECTION('',(0.,0.,1.));
#13958=DIRECTION('',(-0.467859871506917,-0.883802659327031,0.));
#13959=DIRECTION('',(-0.707106781186548,0.707106781186548,0.));
#13960=DIRECTION('',(-0.707106781186548,-0.707106781186548,0.));
#13961=DIRECTION('',(0.707106781186548,0.707106781186548,0.));
#13962=DIRECTION('',(0.,0.,-1.));
#13963=DIRECTION('',(0.707106781186548,0.707106781186548,0.));
#13964=DIRECTION('',(-1.,0.,0.));
#13965=DIRECTION('',(0.,0.,1.));
#13966=DIRECTION('',(0.,1.,0.));
#13967=DIRECTION('',(0.,1.,0.));
#13968=DIRECTION('',(0.,1.,0.));
#13969=DIRECTION('',(0.,0.,1.));
#13970=DIRECTION('',(1.,0.,0.));
#13971=DIRECTION('',(1.,0.,0.));
#13972=DIRECTION('',(0.,-1.,0.));
#13973=DIRECTION('',(0.,0.,-1.));
#13974=DIRECTION('',(-1.,0.,0.));
#13975=DIRECTION('',(-1.,0.,0.));
#13976=DIRECTION('',(1.,0.,0.));
#13977=DIRECTION('',(0.,0.,-1.));
#13978=DIRECTION('',(0.,-1.,0.));
#13979=DIRECTION('',(0.,-1.,0.));
#13980=DIRECTION('',(-0.265659782927513,0.964066844018042,0.));
#13981=DIRECTION('',(-0.964066844018042,-0.265659782927513,0.));
#13982=DIRECTION('',(0.964066844018042,0.265659782927513,0.));
#13983=DIRECTION('',(0.964066844018042,0.265659782927513,0.));
#13984=DIRECTION('',(0.,0.,-1.));
#13985=DIRECTION('',(-1.,0.,0.));
#13986=DIRECTION('',(0.,0.,1.));
#13987=DIRECTION('',(-5.11813365452158E-6,-0.999999999986902,0.));
#13988=DIRECTION('',(0.,0.,1.));
#13989=DIRECTION('',(-5.11813365452158E-6,-0.999999999986902,0.));
#13990=DIRECTION('',(0.,0.,1.));
#13991=DIRECTION('',(1.,0.,0.));
#13992=DIRECTION('',(0.,0.,1.));
#13993=DIRECTION('',(1.,0.,0.));
#13994=DIRECTION('',(-1.,0.,5.55111512312578E-17));
#13995=DIRECTION('',(5.55111512312578E-17,0.,1.));
#13996=DIRECTION('',(-1.,0.,0.));
#13997=DIRECTION('',(0.,-1.,0.));
#13998=DIRECTION('',(0.,0.,1.));
#13999=DIRECTION('',(0.,-1.,0.));
#14000=DIRECTION('',(0.,0.,1.));
#14001=DIRECTION('',(0.,1.,0.));
#14002=DIRECTION('',(0.,-1.,0.));
#14003=DIRECTION('',(1.,0.,0.));
#14004=DIRECTION('',(1.,0.,0.));
#14005=DIRECTION('',(0.,0.,1.));
#14006=DIRECTION('',(1.,0.,0.));
#14007=DIRECTION('',(-1.,0.,0.));
#14008=DIRECTION('',(0.,-1.,0.));
#14009=DIRECTION('',(0.,-1.,0.));
#14010=DIRECTION('',(0.,0.,1.));
#14011=DIRECTION('',(0.,1.,0.));
#14012=DIRECTION('',(0.,-1.,0.));
#14013=DIRECTION('',(1.,0.,0.));
#14014=DIRECTION('',(0.,0.,1.));
#14015=DIRECTION('',(1.,0.,0.));
#14016=DIRECTION('',(0.,0.,1.));
#14017=DIRECTION('',(1.,0.,0.));
#14018=DIRECTION('',(-1.,0.,0.));
#14019=DIRECTION('',(0.,-1.,0.));
#14020=DIRECTION('',(0.,-1.,0.));
#14021=DIRECTION('',(0.,0.,1.));
#14022=DIRECTION('',(0.,1.,0.));
#14023=DIRECTION('',(0.,-1.,0.));
#14024=DIRECTION('',(1.,0.,0.));
#14025=DIRECTION('',(1.,0.,0.));
#14026=DIRECTION('',(0.,0.,1.));
#14027=DIRECTION('',(1.,0.,0.));
#14028=DIRECTION('',(0.,1.,0.));
#14029=DIRECTION('',(-1.,0.,0.));
#14030=DIRECTION('',(0.,0.,1.));
#14031=DIRECTION('',(-1.,0.,0.));
#14032=DIRECTION('',(0.,0.,1.));
#14033=DIRECTION('',(1.,0.,0.));
#14034=DIRECTION('',(-1.,0.,0.));
#14035=DIRECTION('',(0.,-1.,0.));
#14036=DIRECTION('',(0.,-1.,0.));
#14037=DIRECTION('',(0.,0.,1.));
#14038=DIRECTION('',(0.,1.,0.));
#14039=DIRECTION('',(0.,1.,0.));
#14040=DIRECTION('',(-1.,0.,0.));
#14041=DIRECTION('',(-1.,0.,0.));
#14042=DIRECTION('',(0.,0.,1.));
#14043=DIRECTION('',(1.,0.,0.));
#14044=DIRECTION('',(0.,1.,0.));
#14045=DIRECTION('',(-1.,0.,0.));
#14046=DIRECTION('',(0.,0.,1.));
#14047=DIRECTION('',(-1.,0.,0.));
#14048=DIRECTION('',(0.,0.,1.));
#14049=DIRECTION('',(1.,0.,0.));
#14050=DIRECTION('',(-1.,0.,0.));
#14051=DIRECTION('',(0.,-1.,0.));
#14052=DIRECTION('',(0.,-1.,0.));
#14053=DIRECTION('',(0.,0.,1.));
#14054=DIRECTION('',(0.,1.,0.));
#14055=DIRECTION('',(0.,1.,0.));
#14056=DIRECTION('',(-1.,0.,0.));
#14057=DIRECTION('',(-1.,0.,0.));
#14058=DIRECTION('',(0.,0.,1.));
#14059=DIRECTION('',(1.,0.,0.));
#14060=DIRECTION('',(1.,0.,0.));
#14061=DIRECTION('',(0.,1.,0.));
#14062=DIRECTION('',(0.,0.,1.));
#14063=DIRECTION('',(0.,1.,0.));
#14064=DIRECTION('',(0.,0.,1.));
#14065=DIRECTION('',(0.,1.,0.));
#14066=DIRECTION('',(-0.662412549466214,-0.749139248944861,0.));
#14067=DIRECTION('',(0.749139248944861,-0.662412549466214,0.));
#14068=DIRECTION('',(0.749139248944861,-0.662412549466214,0.));
#14069=DIRECTION('',(0.,0.,1.));
#14070=DIRECTION('',(0.749139248944861,-0.662412549466214,0.));
#14071=DIRECTION('',(-1.,0.,0.));
#14072=DIRECTION('',(0.,-1.,0.));
#14073=DIRECTION('',(0.,-1.,0.));
#14074=DIRECTION('',(0.,0.,1.));
#14075=DIRECTION('',(0.,1.,0.));
#14076=DIRECTION('',(0.,0.,1.));
#14077=DIRECTION('',(1.,0.,0.));
#14078=DIRECTION('',(0.,0.,1.));
#14079=DIRECTION('',(1.,0.,0.));
#14080=DIRECTION('',(0.,0.,1.));
#14081=DIRECTION('',(0.,0.,1.));
#14082=DIRECTION('',(1.,0.,0.));
#14083=DIRECTION('',(0.,1.,0.));
#14084=DIRECTION('',(-1.,0.,0.));
#14085=DIRECTION('',(-1.,0.,0.));
#14086=DIRECTION('',(0.,0.,1.));
#14087=DIRECTION('',(1.,0.,0.));
#14088=DIRECTION('',(0.,0.,1.));
#14089=DIRECTION('',(1.,0.,0.));
#14090=DIRECTION('',(0.,0.,1.));
#14091=DIRECTION('',(1.,0.,0.));
#14092=DIRECTION('',(0.,0.,1.));
#14093=DIRECTION('',(0.,0.,1.));
#14094=DIRECTION('',(1.,0.,0.));
#14095=DIRECTION('',(-1.,0.,0.));
#14096=DIRECTION('',(0.,-1.,0.));
#14097=DIRECTION('',(0.,-1.,0.));
#14098=DIRECTION('',(0.,0.,1.));
#14099=DIRECTION('',(0.,1.,0.));
#14100=DIRECTION('',(0.,0.,1.));
#14101=DIRECTION('',(1.,0.,0.));
#14102=DIRECTION('',(0.,0.,1.));
#14103=DIRECTION('',(1.,0.,0.));
#14104=DIRECTION('',(0.,0.,1.));
#14105=DIRECTION('',(0.,0.,1.));
#14106=DIRECTION('',(1.,0.,0.));
#14107=DIRECTION('',(0.,1.,0.));
#14108=DIRECTION('',(-1.,0.,0.));
#14109=DIRECTION('',(-1.,0.,0.));
#14110=DIRECTION('',(0.,0.,1.));
#14111=DIRECTION('',(1.,0.,0.));
#14112=DIRECTION('',(0.,0.,1.));
#14113=DIRECTION('',(1.,0.,0.));
#14114=DIRECTION('',(0.,0.,1.));
#14115=DIRECTION('',(1.,0.,0.));
#14116=DIRECTION('',(0.,0.,1.));
#14117=DIRECTION('',(0.,0.,1.));
#14118=DIRECTION('',(1.,0.,0.));
#14119=DIRECTION('',(1.,0.,0.));
#14120=DIRECTION('',(0.,1.,0.));
#14121=DIRECTION('',(0.,1.,0.));
#14122=DIRECTION('',(0.,0.,1.));
#14123=DIRECTION('',(0.,1.,0.));
#14124=DIRECTION('',(0.,0.,1.));
#14125=DIRECTION('',(1.,0.,0.));
#14126=DIRECTION('',(0.,0.,1.));
#14127=DIRECTION('',(1.,0.,0.));
#14128=DIRECTION('',(0.,0.,1.));
#14129=DIRECTION('',(0.,0.,1.));
#14130=DIRECTION('',(1.,0.,0.));
#14131=DIRECTION('',(1.38777878078145E-15,-1.,0.));
#14132=DIRECTION('',(1.,1.38777878078145E-15,0.));
#14133=DIRECTION('',(1.,1.38777878078145E-15,0.));
#14134=DIRECTION('',(0.,0.,1.));
#14135=DIRECTION('',(1.,0.,0.));
#14136=DIRECTION('',(0.,0.,1.));
#14137=DIRECTION('',(1.,0.,0.));
#14138=DIRECTION('',(0.,0.,1.));
#14139=DIRECTION('',(1.,0.,0.));
#14140=DIRECTION('',(0.,0.,1.));
#14141=DIRECTION('',(0.,0.,1.));
#14142=DIRECTION('',(1.,0.,0.));
#14143=DIRECTION('',(1.,0.,0.));
#14144=DIRECTION('',(0.,1.,0.));
#14145=DIRECTION('',(0.,1.,0.));
#14146=DIRECTION('',(0.,0.,1.));
#14147=DIRECTION('',(0.,1.,0.));
#14148=DIRECTION('',(0.662412549466214,-0.749139248944861,0.));
#14149=DIRECTION('',(0.749139248944861,0.662412549466214,0.));
#14150=DIRECTION('',(0.749139248944861,0.662412549466214,0.));
#14151=DIRECTION('',(0.,0.,1.));
#14152=DIRECTION('',(0.749139248944861,0.662412549466214,0.));
#14153=DIRECTION('',(0.,1.,0.));
#14154=DIRECTION('',(-1.,0.,0.));
#14155=DIRECTION('',(0.,0.,1.));
#14156=DIRECTION('',(-1.,0.,0.));
#14157=DIRECTION('',(0.,0.,1.));
#14158=DIRECTION('',(1.,0.,0.));
#14159=DIRECTION('',(-1.,0.,0.));
#14160=DIRECTION('',(0.,-1.,0.));
#14161=DIRECTION('',(0.,-1.,0.));
#14162=DIRECTION('',(0.,0.,1.));
#14163=DIRECTION('',(0.,1.,0.));
#14164=DIRECTION('',(0.,1.,0.));
#14165=DIRECTION('',(-1.,0.,0.));
#14166=DIRECTION('',(-1.,0.,0.));
#14167=DIRECTION('',(0.,0.,1.));
#14168=DIRECTION('',(1.,0.,0.));
#14169=DIRECTION('',(-1.,0.,0.));
#14170=DIRECTION('',(0.,-1.,0.));
#14171=DIRECTION('',(0.,0.,1.));
#14172=DIRECTION('',(0.,-1.,0.));
#14173=DIRECTION('',(0.,0.,1.));
#14174=DIRECTION('',(0.,1.,0.));
#14175=DIRECTION('',(0.,-1.,0.));
#14176=DIRECTION('',(1.,0.,0.));
#14177=DIRECTION('',(1.,0.,0.));
#14178=DIRECTION('',(0.,0.,1.));
#14179=DIRECTION('',(1.,0.,0.));
#14180=DIRECTION('',(-1.,0.,0.));
#14181=DIRECTION('',(0.,-1.,0.));
#14182=DIRECTION('',(0.,-1.,0.));
#14183=DIRECTION('',(0.,0.,1.));
#14184=DIRECTION('',(0.,1.,0.));
#14185=DIRECTION('',(0.,-1.,0.));
#14186=DIRECTION('',(1.,0.,0.));
#14187=DIRECTION('',(1.,0.,0.));
#14188=DIRECTION('',(1.,0.,0.));
#14189=DIRECTION('',(-1.,0.,0.));
#14190=DIRECTION('',(0.,-1.,0.));
#14191=DIRECTION('',(0.,-1.,0.));
#14192=DIRECTION('',(0.,1.,0.));
#14193=DIRECTION('',(-1.,0.,0.));
#14194=DIRECTION('',(0.,-1.,0.));
#14195=DIRECTION('',(0.,-1.,0.));
#14196=DIRECTION('',(0.,0.,1.));
#14197=DIRECTION('',(0.,1.,0.));
#14198=DIRECTION('',(0.,0.,1.));
#14199=DIRECTION('',(1.,0.,0.));
#14200=DIRECTION('',(0.,0.,1.));
#14201=DIRECTION('',(1.,0.,0.));
#14202=DIRECTION('',(0.,0.,1.));
#14203=DIRECTION('',(1.,0.,0.));
#14204=DIRECTION('',(0.,0.,1.));
#14205=DIRECTION('',(1.,0.,0.));
#14206=DIRECTION('',(0.,0.,-1.));
#14207=DIRECTION('',(-1.,0.,0.));
#14208=DIRECTION('',(0.,0.,-1.));
#14209=DIRECTION('',(1.,0.,0.));
#14210=DIRECTION('',(0.,0.,1.));
#14211=DIRECTION('',(1.,0.,0.));
#14212=DIRECTION('',(0.,0.,-1.));
#14213=DIRECTION('',(-1.,0.,0.));
#14214=DIRECTION('',(0.,0.,-1.));
#14215=DIRECTION('',(1.,0.,0.));
#14216=DIRECTION('',(0.,0.,1.));
#14217=DIRECTION('',(1.,0.,0.));
#14218=DIRECTION('',(0.,0.,1.));
#14219=DIRECTION('',(1.,0.,0.));
#14220=DIRECTION('',(0.,0.,1.));
#14221=DIRECTION('',(1.,0.,0.));
#14222=DIRECTION('',(0.,0.,1.));
#14223=DIRECTION('',(1.,0.,0.));
#14224=DIRECTION('',(0.,0.,-1.));
#14225=DIRECTION('',(-1.,0.,0.));
#14226=DIRECTION('',(0.,0.,-1.));
#14227=DIRECTION('',(1.,0.,0.));
#14228=DIRECTION('',(0.,0.,1.));
#14229=DIRECTION('',(1.,0.,0.));
#14230=DIRECTION('',(0.,0.,1.));
#14231=DIRECTION('',(1.,0.,0.));
#14232=DIRECTION('',(0.,0.,1.));
#14233=DIRECTION('',(1.,0.,0.));
#14234=DIRECTION('',(-1.,0.,0.));
#14235=DIRECTION('',(0.,-1.,0.));
#14236=DIRECTION('',(0.,-1.,0.));
#14237=DIRECTION('',(0.,1.,0.));
#14238=DIRECTION('',(-1.,0.,0.));
#14239=DIRECTION('',(0.,-1.,0.));
#14240=DIRECTION('',(0.,-1.,0.));
#14241=DIRECTION('',(0.,1.,0.));
#14242=DIRECTION('',(1.,0.,0.));
#14243=DIRECTION('',(0.,1.,0.));
#14244=DIRECTION('',(0.,1.,0.));
#14245=DIRECTION('',(0.,1.,0.));
#14246=DIRECTION('',(0.,-1.,0.));
#14247=DIRECTION('',(1.,0.,0.));
#14248=DIRECTION('',(1.,0.,0.));
#14249=DIRECTION('',(1.,0.,0.));
#14250=DIRECTION('',(0.,0.,1.));
#14251=DIRECTION('',(1.,0.,0.));
#14252=DIRECTION('',(1.,2.81425354784577E-16,0.));
#14253=DIRECTION('',(0.,0.,1.));
#14254=DIRECTION('',(1.,0.,0.));
#14255=DIRECTION('',(1.,2.81425354784577E-16,0.));
#14256=DIRECTION('',(1.,2.81425354784577E-16,0.));
#14257=DIRECTION('',(0.,0.,-1.));
#14258=DIRECTION('',(0.,0.,1.));
#14259=DIRECTION('',(-2.81425354784577E-16,1.,0.));
#14260=DIRECTION('',(0.,0.,-1.));
#14261=DIRECTION('',(2.81425354784577E-16,-1.,0.));
#14262=DIRECTION('',(1.,2.81425354784577E-16,0.));
#14263=DIRECTION('',(0.,0.,-1.));
#14264=DIRECTION('',(0.,0.,-1.));
#14265=DIRECTION('',(-2.81425354784577E-16,1.,0.));
#14266=DIRECTION('',(0.,0.,1.));
#14267=DIRECTION('',(-2.81425354784577E-16,1.,0.));
#14268=DIRECTION('',(-2.81425354784577E-16,1.,0.));
#14269=DIRECTION('',(-1.,-2.81425354784577E-16,0.));
#14270=DIRECTION('',(-2.81425354784577E-16,1.,0.));
#14271=DIRECTION('',(-1.,-2.81425354784577E-16,0.));
#14272=DIRECTION('',(-2.81425354784577E-16,1.,0.));
#14273=DIRECTION('',(-1.,-2.81425354784577E-16,0.));
#14274=DIRECTION('',(-2.81425354784577E-16,1.,0.));
#14275=DIRECTION('',(-1.,-2.81425354784577E-16,0.));
#14276=DIRECTION('',(-2.81425354784577E-16,1.,0.));
#14277=DIRECTION('',(-1.,-2.81425354784577E-16,0.));
#14278=DIRECTION('',(-2.81425354784577E-16,1.,0.));
#14279=DIRECTION('',(-1.,-2.81425354784577E-16,0.));
#14280=DIRECTION('',(-2.81425354784577E-16,1.,0.));
#14281=DIRECTION('',(-1.,-2.81425354784577E-16,0.));
#14282=DIRECTION('',(-2.81425354784577E-16,1.,0.));
#14283=DIRECTION('',(-1.,-2.81425354784577E-16,0.));
#14284=DIRECTION('',(-2.81425354784577E-16,1.,0.));
#14285=DIRECTION('',(-1.,-2.81425354784577E-16,0.));
#14286=DIRECTION('',(-2.81425354784577E-16,1.,0.));
#14287=DIRECTION('',(-1.,-2.81425354784577E-16,0.));
#14288=DIRECTION('',(-2.81425354784577E-16,1.,0.));
#14289=DIRECTION('',(-1.,-2.81425354784577E-16,0.));
#14290=DIRECTION('',(-2.81425354784577E-16,1.,0.));
#14291=DIRECTION('',(-1.,-2.81425354784577E-16,0.));
#14292=DIRECTION('',(-2.81425354784577E-16,1.,0.));
#14293=DIRECTION('',(-1.,-2.81425354784577E-16,0.));
#14294=DIRECTION('',(-2.81425354784577E-16,1.,0.));
#14295=DIRECTION('',(-1.,-2.81425354784577E-16,0.));
#14296=DIRECTION('',(-2.81425354784577E-16,1.,0.));
#14297=DIRECTION('',(-1.,-2.81425354784577E-16,0.));
#14298=DIRECTION('',(-2.81425354784577E-16,1.,0.));
#14299=DIRECTION('',(-1.,-2.81425354784577E-16,0.));
#14300=DIRECTION('',(-2.81425354784577E-16,1.,0.));
#14301=DIRECTION('',(-1.,-2.81425354784577E-16,0.));
#14302=DIRECTION('',(-2.81425354784577E-16,1.,0.));
#14303=DIRECTION('',(-1.,-2.81425354784577E-16,0.));
#14304=DIRECTION('',(-2.81425354784577E-16,1.,0.));
#14305=DIRECTION('',(-1.,-2.81425354784577E-16,0.));
#14306=DIRECTION('',(-2.81425354784577E-16,1.,0.));
#14307=DIRECTION('',(-1.,-2.81425354784577E-16,0.));
#14308=DIRECTION('',(-2.81425354784577E-16,1.,0.));
#14309=DIRECTION('',(-1.,-2.81425354784577E-16,0.));
#14310=DIRECTION('',(0.,0.,1.));
#14311=DIRECTION('',(1.,2.81425354784577E-16,0.));
#14312=DIRECTION('',(-1.,-2.81425354784577E-16,0.));
#14313=DIRECTION('',(-2.81425354784577E-16,1.,0.));
#14314=DIRECTION('',(1.,2.81425354784577E-16,0.));
#14315=DIRECTION('',(2.81425354784577E-16,-1.,0.));
#14316=DIRECTION('',(-2.81425354784577E-16,1.,0.));
#14317=DIRECTION('',(-1.,-2.81425354784577E-16,0.));
#14318=DIRECTION('',(-2.81425354784577E-16,1.,0.));
#14319=DIRECTION('',(-1.,-2.81425354784577E-16,0.));
#14320=DIRECTION('',(-2.81425354784577E-16,1.,0.));
#14321=DIRECTION('',(-1.,-2.81425354784577E-16,0.));
#14322=DIRECTION('',(1.,2.81425354784577E-16,0.));
#14323=DIRECTION('',(-2.81425354784577E-16,1.,0.));
#14324=DIRECTION('',(-1.,-2.81425354784577E-16,0.));
#14325=DIRECTION('',(-2.81425354784577E-16,1.,0.));
#14326=DIRECTION('',(-1.,-2.81425354784577E-16,0.));
#14327=DIRECTION('',(1.,2.81425354784577E-16,0.));
#14328=DIRECTION('',(-2.81425354784577E-16,1.,0.));
#14329=DIRECTION('',(-1.,-2.81425354784577E-16,0.));
#14330=DIRECTION('',(2.81425354784577E-16,-1.,0.));
#14331=DIRECTION('',(1.,2.81425354784577E-16,0.));
#14332=DIRECTION('',(-2.81425354784577E-16,1.,0.));
#14333=DIRECTION('',(-1.,-2.81425354784577E-16,0.));
#14334=DIRECTION('',(-1.,-1.05534508044216E-16,0.));
#14335=DIRECTION('',(1.05534508044216E-16,-1.,0.));
#14336=DIRECTION('',(1.,1.05534508044216E-16,0.));
#14337=DIRECTION('',(-1.05534508044216E-16,1.,0.));
#14338=DIRECTION('',(1.,1.05534508044216E-16,0.));
#14339=DIRECTION('',(-1.05534508044216E-16,1.,0.));
#14340=DIRECTION('',(-1.,-1.05534508044216E-16,0.));
#14341=DIRECTION('',(1.05534508044216E-16,-1.,0.));
#14342=DIRECTION('',(1.,1.05534508044216E-16,0.));
#14343=DIRECTION('',(-1.05534508044216E-16,1.,0.));
#14344=DIRECTION('',(1.,1.05534508044216E-16,0.));
#14345=DIRECTION('',(-1.05534508044216E-16,1.,0.));
#14346=DIRECTION('',(1.,1.05534508044216E-16,0.));
#14347=DIRECTION('',(7.46241662872517E-17,-0.707106781186548,0.707106781186548));
#14348=DIRECTION('',(1.,1.05534508044216E-16,0.));
#14349=DIRECTION('',(7.46241662872517E-17,-0.707106781186548,0.707106781186548));
#14350=DIRECTION('',(1.,1.66533453693772E-16,-1.67614302946993E-15));
#14351=DIRECTION('',(1.66533453693773E-16,-1.,6.48386428338992E-16));
#14352=DIRECTION('',(-1.,-1.29063426612674E-15,1.63450966604649E-15));
#14353=DIRECTION('',(-1.29063426612674E-15,1.,-6.48386428338989E-16));
#14354=DIRECTION('',(0.,0.,-1.));
#14355=DIRECTION('',(-1.,0.,0.));
#14356=DIRECTION('',(0.,0.,1.));
#14357=DIRECTION('',(1.,0.,0.));
#14358=DIRECTION('',(0.,0.,-1.));
#14359=DIRECTION('',(0.,0.,1.));
#14360=DIRECTION('',(1.,0.,0.));
#14361=DIRECTION('',(0.,0.,-1.));
#14362=DIRECTION('',(0.,-1.,0.));
#14363=DIRECTION('',(0.,0.,-1.));
#14364=DIRECTION('',(-1.,0.,0.));
#14365=DIRECTION('',(0.,0.,-1.));
#14366=DIRECTION('',(-1.,0.,0.));
#14367=DIRECTION('',(0.,0.,-1.));
#14368=DIRECTION('',(-1.,0.,0.));
#14369=DIRECTION('',(0.,0.,1.));
#14370=DIRECTION('',(1.,0.,0.));
#14371=DIRECTION('',(0.,0.,-1.));
#14372=DIRECTION('',(0.,0.,1.));
#14373=DIRECTION('',(1.,0.,0.));
#14374=DIRECTION('',(-0.999797949823753,0.0201012320074993,0.));
#14375=DIRECTION('',(-0.0201012320074993,-0.999797949823753,0.));
#14376=DIRECTION('',(0.0201012320074993,0.999797949823754,0.));
#14377=DIRECTION('',(0.,0.,-1.));
#14378=DIRECTION('',(0.0201012320074993,0.999797949823754,0.));
#14379=DIRECTION('',(0.,0.,-1.));
#14380=DIRECTION('',(-1.,0.,0.));
#14381=DIRECTION('',(0.,0.,1.));
#14382=DIRECTION('',(1.,0.,0.));
#14383=DIRECTION('',(0.,0.,-1.));
#14384=DIRECTION('',(0.,0.,1.));
#14385=DIRECTION('',(1.,0.,0.));
#14386=DIRECTION('',(1.54546357022151E-16,-1.,0.));
#14387=DIRECTION('',(1.,1.54546357022151E-16,0.));
#14388=DIRECTION('',(-1.,-1.54546357022151E-16,0.));
#14389=DIRECTION('',(0.,0.,1.));
#14390=DIRECTION('',(-1.,-1.54546357022151E-16,0.));
#14391=DIRECTION('',(1.,1.33420567562269E-16,0.));
#14392=DIRECTION('',(-1.33420567562269E-16,1.,0.));
#14393=DIRECTION('',(1.33420567562269E-16,-1.,0.));
#14394=DIRECTION('',(0.,0.,-1.));
#14395=DIRECTION('',(1.33420567562269E-16,-1.,0.));
#14396=DIRECTION('',(0.,0.,-1.));
#14397=DIRECTION('',(0.,0.,-1.));
#14398=DIRECTION('',(-1.,0.,0.));
#14399=DIRECTION('',(0.,0.,1.));
#14400=DIRECTION('',(1.,0.,0.));
#14401=DIRECTION('',(0.,0.,-1.));
#14402=DIRECTION('',(0.,0.,1.));
#14403=DIRECTION('',(1.,0.,0.));
#14404=DIRECTION('',(0.,1.,0.));
#14405=DIRECTION('',(0.,0.,1.));
#14406=DIRECTION('',(1.,0.,0.));
#14407=DIRECTION('',(0.,0.,-1.));
#14408=DIRECTION('',(1.,0.,0.));
#14409=DIRECTION('',(0.,0.,-1.));
#14410=DIRECTION('',(-1.,0.,0.));
#14411=DIRECTION('',(0.,0.,1.));
#14412=DIRECTION('',(1.,0.,0.));
#14413=DIRECTION('',(0.,0.,-1.));
#14414=DIRECTION('',(0.,0.,1.));
#14415=DIRECTION('',(1.,0.,0.));
#14416=DIRECTION('',(0.,0.,-1.));
#14417=DIRECTION('',(-1.,0.,0.));
#14418=DIRECTION('',(0.,0.,1.));
#14419=DIRECTION('',(1.,0.,0.));
#14420=DIRECTION('',(0.,0.,1.));
#14421=DIRECTION('',(1.,0.,0.));
#14422=DIRECTION('',(0.,0.,-1.));
#14423=DIRECTION('',(-1.,0.,0.));
#14424=DIRECTION('',(0.,0.,1.));
#14425=DIRECTION('',(1.,0.,0.));
#14426=DIRECTION('',(0.,0.,1.));
#14427=DIRECTION('',(1.,0.,0.));
#14428=DIRECTION('',(0.,0.,-1.));
#14429=DIRECTION('',(-1.,0.,0.));
#14430=DIRECTION('',(0.,0.,1.));
#14431=DIRECTION('',(1.,0.,0.));
#14432=DIRECTION('',(0.,0.,1.));
#14433=DIRECTION('',(1.,0.,0.));
#14434=DIRECTION('',(0.,0.,-1.));
#14435=DIRECTION('',(-1.,0.,0.));
#14436=DIRECTION('',(0.,0.,1.));
#14437=DIRECTION('',(1.,0.,0.));
#14438=DIRECTION('',(0.,0.,1.));
#14439=DIRECTION('',(1.,0.,0.));
#14440=DIRECTION('',(-1.,3.46944695195361E-16,0.));
#14441=DIRECTION('',(-3.46944695195361E-16,-1.,0.));
#14442=DIRECTION('',(3.46944695195361E-16,1.,0.));
#14443=DIRECTION('',(3.46944695195361E-16,1.,0.));
#14444=DIRECTION('',(0.,0.,-1.));
#14445=DIRECTION('',(-1.,0.,0.));
#14446=DIRECTION('',(0.,0.,1.));
#14447=DIRECTION('',(1.,0.,0.));
#14448=DIRECTION('',(0.,0.,1.));
#14449=DIRECTION('',(1.,0.,0.));
#14450=DIRECTION('',(0.,0.,-1.));
#14451=DIRECTION('',(-1.,0.,0.));
#14452=DIRECTION('',(0.,0.,1.));
#14453=DIRECTION('',(1.,0.,0.));
#14454=DIRECTION('',(0.,0.,1.));
#14455=DIRECTION('',(1.,0.,0.));
#14456=DIRECTION('',(0.,0.,1.));
#14457=DIRECTION('',(1.,0.,0.));
#14458=DIRECTION('',(-0.707106781186548,0.707106781186548,0.));
#14459=DIRECTION('',(0.,0.,1.));
#14460=DIRECTION('',(1.,0.,0.));
#14461=DIRECTION('',(0.707106781186548,-0.707106781186548,0.));
#14462=DIRECTION('',(-0.707106781186548,-0.707106781186548,0.));
#14463=DIRECTION('',(0.,0.,-1.));
#14464=DIRECTION('',(0.,0.,1.));
#14465=DIRECTION('',(4.44089209850063E-16,1.,0.));
#14466=DIRECTION('',(6.930168145854E-33,1.,3.6977854932235E-32));
#14467=DIRECTION('',(1.17961196366423E-16,-3.6977854932235E-32,1.));
#14468=DIRECTION('',(-1.,0.,0.));
#14469=DIRECTION('',(0.,0.,1.));
#14470=DIRECTION('',(0.,1.,0.));
#14471=DIRECTION('',(0.,0.,-1.));
#14472=DIRECTION('',(0.,1.,0.));
#14473=DIRECTION('',(0.,0.,-1.));
#14474=DIRECTION('',(0.662412549466214,0.749139248944861,0.));
#14475=DIRECTION('',(-0.749139248944861,0.662412549466214,0.));
#14476=DIRECTION('',(0.749139248944861,-0.662412549466214,0.));
#14477=DIRECTION('',(0.,0.,-1.));
#14478=DIRECTION('',(0.749139248944861,-0.662412549466214,0.));
#14479=DIRECTION('',(0.,0.,-1.));
#14480=DIRECTION('',(1.,0.,0.));
#14481=DIRECTION('',(0.,0.,-1.));
#14482=DIRECTION('',(0.,-1.,0.));
#14483=DIRECTION('',(0.,0.,-1.));
#14484=DIRECTION('',(0.,-1.,0.));
#14485=DIRECTION('',(0.,0.,-1.));
#14486=DIRECTION('',(-1.,0.,0.));
#14487=DIRECTION('',(0.,0.,1.));
#14488=DIRECTION('',(1.,0.,0.));
#14489=DIRECTION('',(0.,0.,-1.));
#14490=DIRECTION('',(0.,0.,1.));
#14491=DIRECTION('',(1.,0.,0.));
#14492=DIRECTION('',(0.,-1.,0.));
#14493=DIRECTION('',(0.,0.,-1.));
#14494=DIRECTION('',(-1.,0.,0.));
#14495=DIRECTION('',(0.,0.,-1.));
#14496=DIRECTION('',(-1.,0.,0.));
#14497=DIRECTION('',(0.,0.,-1.));
#14498=DIRECTION('',(-1.,0.,0.));
#14499=DIRECTION('',(0.,0.,1.));
#14500=DIRECTION('',(1.,0.,0.));
#14501=DIRECTION('',(0.,0.,-1.));
#14502=DIRECTION('',(0.,0.,1.));
#14503=DIRECTION('',(1.,0.,0.));
#14504=DIRECTION('',(1.,0.,0.));
#14505=DIRECTION('',(0.,0.,-1.));
#14506=DIRECTION('',(0.,-1.,0.));
#14507=DIRECTION('',(0.,0.,-1.));
#14508=DIRECTION('',(0.,-1.,0.));
#14509=DIRECTION('',(0.,0.,-1.));
#14510=DIRECTION('',(-1.,0.,0.));
#14511=DIRECTION('',(0.,0.,1.));
#14512=DIRECTION('',(1.,0.,0.));
#14513=DIRECTION('',(0.,0.,-1.));
#14514=DIRECTION('',(0.,0.,1.));
#14515=DIRECTION('',(1.,0.,0.));
#14516=DIRECTION('',(0.,-1.,0.));
#14517=DIRECTION('',(0.,0.,-1.));
#14518=DIRECTION('',(-1.,0.,0.));
#14519=DIRECTION('',(0.,0.,-1.));
#14520=DIRECTION('',(-1.,0.,0.));
#14521=DIRECTION('',(0.,0.,-1.));
#14522=DIRECTION('',(-1.,0.,0.));
#14523=DIRECTION('',(0.,0.,1.));
#14524=DIRECTION('',(1.,0.,0.));
#14525=DIRECTION('',(0.,0.,-1.));
#14526=DIRECTION('',(0.,0.,1.));
#14527=DIRECTION('',(1.,0.,0.));
#14528=DIRECTION('',(-1.,0.,0.));
#14529=DIRECTION('',(0.,0.,1.));
#14530=DIRECTION('',(0.,1.,0.));
#14531=DIRECTION('',(0.,0.,-1.));
#14532=DIRECTION('',(0.,1.,0.));
#14533=DIRECTION('',(0.,0.,-1.));
#14534=DIRECTION('',(-1.,0.,0.));
#14535=DIRECTION('',(0.,0.,1.));
#14536=DIRECTION('',(1.,0.,0.));
#14537=DIRECTION('',(0.,0.,-1.));
#14538=DIRECTION('',(0.,0.,1.));
#14539=DIRECTION('',(1.,0.,0.));
#14540=DIRECTION('',(-1.38777878078145E-15,1.,0.));
#14541=DIRECTION('',(-1.,-1.38777878078145E-15,0.));
#14542=DIRECTION('',(1.,1.38777878078145E-15,0.));
#14543=DIRECTION('',(0.,0.,-1.));
#14544=DIRECTION('',(1.,1.38777878078145E-15,0.));
#14545=DIRECTION('',(0.,0.,-1.));
#14546=DIRECTION('',(-1.,0.,0.));
#14547=DIRECTION('',(0.,0.,1.));
#14548=DIRECTION('',(1.,0.,0.));
#14549=DIRECTION('',(0.,0.,-1.));
#14550=DIRECTION('',(0.,0.,1.));
#14551=DIRECTION('',(1.,0.,0.));
#14552=DIRECTION('',(-1.,0.,0.));
#14553=DIRECTION('',(0.,0.,1.));
#14554=DIRECTION('',(0.,1.,0.));
#14555=DIRECTION('',(0.,0.,-1.));
#14556=DIRECTION('',(0.,1.,0.));
#14557=DIRECTION('',(-0.662412549466214,0.749139248944861,0.));
#14558=DIRECTION('',(-0.749139248944861,-0.662412549466214,0.));
#14559=DIRECTION('',(0.749139248944861,0.662412549466214,0.));
#14560=DIRECTION('',(0.,0.,-1.));
#14561=DIRECTION('',(0.749139248944861,0.662412549466214,0.));
#14562=DIRECTION('',(1.,0.,0.));
#14563=DIRECTION('',(0.,0.,-1.));
#14564=DIRECTION('',(0.,-1.,0.));
#14565=DIRECTION('',(0.,0.,-1.));
#14566=DIRECTION('',(0.,-1.,0.));
#14567=DIRECTION('',(0.,0.,-1.));
#14568=DIRECTION('',(0.,0.,-1.));
#14569=DIRECTION('',(-1.,0.,0.));
#14570=DIRECTION('',(0.,0.,1.));
#14571=DIRECTION('',(1.,0.,0.));
#14572=DIRECTION('',(0.,0.,-1.));
#14573=DIRECTION('',(0.,0.,1.));
#14574=DIRECTION('',(1.,0.,0.));
#14575=DIRECTION('',(-1.44372304892738E-16,1.,0.));
#14576=DIRECTION('',(-1.,-1.44372304892738E-16,0.));
#14577=DIRECTION('',(1.,1.44372304892738E-16,0.));
#14578=DIRECTION('',(0.,0.,-1.));
#14579=DIRECTION('',(1.,1.44372304892738E-16,0.));
#14580=DIRECTION('',(0.,0.,-1.));
#14581=DIRECTION('',(-1.,0.,0.));
#14582=DIRECTION('',(0.,0.,1.));
#14583=DIRECTION('',(1.,0.,0.));
#14584=DIRECTION('',(0.,0.,1.));
#14585=DIRECTION('',(1.,0.,0.));
#14586=DIRECTION('',(0.,0.,-1.));
#14587=DIRECTION('',(-1.,0.,0.));
#14588=DIRECTION('',(0.,0.,-1.));
#14589=DIRECTION('',(1.,0.,0.));
#14590=DIRECTION('',(0.,0.,-1.));
#14591=DIRECTION('',(1.,0.,0.));
#14592=DIRECTION('',(0.,0.,-1.));
#14593=DIRECTION('',(-1.,0.,0.));
#14594=DIRECTION('',(0.,0.,1.));
#14595=DIRECTION('',(1.,0.,0.));
#14596=DIRECTION('',(0.,0.,1.));
#14597=DIRECTION('',(1.,0.,0.));
#14598=DIRECTION('',(0.,0.,-1.));
#14599=DIRECTION('',(-1.,0.,0.));
#14600=DIRECTION('',(0.,0.,-1.));
#14601=DIRECTION('',(1.,0.,0.));
#14602=DIRECTION('',(0.,0.,-1.));
#14603=DIRECTION('',(1.,0.,0.));
#14604=DIRECTION('',(0.,0.,-1.));
#14605=DIRECTION('',(-1.,0.,0.));
#14606=DIRECTION('',(0.,0.,1.));
#14607=DIRECTION('',(1.,0.,0.));
#14608=DIRECTION('',(0.,0.,1.));
#14609=DIRECTION('',(1.,0.,0.));
#14610=DIRECTION('',(0.,0.,-1.));
#14611=DIRECTION('',(-1.,0.,0.));
#14612=DIRECTION('',(0.,0.,1.));
#14613=DIRECTION('',(1.,0.,0.));
#14614=DIRECTION('',(0.,0.,1.));
#14615=DIRECTION('',(1.,0.,0.));
#14616=DIRECTION('',(0.,0.,-1.));
#14617=DIRECTION('',(-1.,0.,0.));
#14618=DIRECTION('',(0.,0.,1.));
#14619=DIRECTION('',(1.,0.,0.));
#14620=DIRECTION('',(0.,0.,1.));
#14621=DIRECTION('',(1.,0.,0.));
#14622=DIRECTION('',(0.,0.,-1.));
#14623=DIRECTION('',(-1.,0.,0.));
#14624=DIRECTION('',(0.,0.,1.));
#14625=DIRECTION('',(1.,0.,0.));
#14626=DIRECTION('',(0.,0.,1.));
#14627=DIRECTION('',(1.,0.,0.));
#14628=DIRECTION('',(0.,0.,-1.));
#14629=DIRECTION('',(-1.,0.,0.));
#14630=DIRECTION('',(0.,0.,1.));
#14631=DIRECTION('',(1.,0.,0.));
#14632=DIRECTION('',(0.,0.,1.));
#14633=DIRECTION('',(1.,0.,0.));
#14634=DIRECTION('',(0.,0.,-1.));
#14635=DIRECTION('',(-1.,0.,0.));
#14636=DIRECTION('',(0.,0.,1.));
#14637=DIRECTION('',(1.,0.,0.));
#14638=DIRECTION('',(0.,0.,1.));
#14639=DIRECTION('',(1.,0.,0.));
#14640=DIRECTION('',(0.,0.,-1.));
#14641=DIRECTION('',(-1.,0.,0.));
#14642=DIRECTION('',(0.,0.,1.));
#14643=DIRECTION('',(1.,0.,0.));
#14644=DIRECTION('',(0.,0.,1.));
#14645=DIRECTION('',(1.,0.,0.));
#14646=DIRECTION('',(0.,0.,-1.));
#14647=DIRECTION('',(-1.,0.,0.));
#14648=DIRECTION('',(0.,0.,-1.));
#14649=DIRECTION('',(1.,0.,0.));
#14650=DIRECTION('',(0.,0.,-1.));
#14651=DIRECTION('',(1.,0.,0.));
#14652=DIRECTION('',(0.,0.,1.));
#14653=DIRECTION('',(1.,0.,0.));
#14654=DIRECTION('',(0.,0.,1.));
#14655=DIRECTION('',(1.,0.,0.));
#14656=DIRECTION('',(0.,0.,1.));
#14657=DIRECTION('',(1.,0.,0.));
#14658=DIRECTION('',(0.,0.,1.));
#14659=DIRECTION('',(1.,0.,0.));
#14660=DIRECTION('',(0.,0.,1.));
#14661=DIRECTION('',(1.,0.,0.));
#14662=DIRECTION('',(0.,0.,1.));
#14663=DIRECTION('',(1.,0.,0.));
#14664=DIRECTION('',(0.,0.,1.));
#14665=DIRECTION('',(1.,0.,0.));
#14666=DIRECTION('',(0.,0.,1.));
#14667=DIRECTION('',(1.,0.,0.));
#14668=DIRECTION('',(-1.,3.05311331771918E-16,-6.93889390390723E-17));
#14669=DIRECTION('',(3.05311331771918E-16,1.,1.32503980173842E-31));
#14670=DIRECTION('',(-1.,3.05311331771918E-16,-6.93889390390723E-17));
#14671=DIRECTION('',(3.05311331771918E-16,1.,1.32503980173842E-31));
#14672=DIRECTION('',(0.,0.,1.));
#14673=DIRECTION('',(-3.05311331771918E-16,-1.,0.));
#14674=DIRECTION('',(2.87784579389732E-16,-1.,0.));
#14675=DIRECTION('',(1.,2.87784579389732E-16,0.));
#14676=DIRECTION('',(0.,0.,1.));
#14677=DIRECTION('',(-1.,-2.87784579389732E-16,0.));
#14678=DIRECTION('',(0.,0.,1.));
#14679=DIRECTION('',(-1.,-2.87784579389732E-16,0.));
#14680=DIRECTION('',(0.,0.,-1.));
#14681=DIRECTION('',(-1.,0.,0.));
#14682=DIRECTION('',(2.87784579389732E-16,-1.,0.));
#14683=DIRECTION('',(-1.,-2.87784579389732E-16,0.));
#14684=DIRECTION('',(2.87784579389732E-16,-1.,0.));
#14685=DIRECTION('',(2.87784579389732E-16,-1.,0.));
#14686=DIRECTION('',(1.,2.87784579389732E-16,0.));
#14687=DIRECTION('',(0.,0.,1.));
#14688=DIRECTION('',(-1.,-2.87784579389732E-16,0.));
#14689=DIRECTION('',(0.,0.,1.));
#14690=DIRECTION('',(-2.20247058481534E-32,7.65319180578003E-17,1.));
#14691=DIRECTION('',(0.,-1.,7.65319180578004E-17));
#14692=DIRECTION('',(-2.87784579389732E-16,1.,-7.65319180578003E-17));
#14693=DIRECTION('',(-1.,-2.87784579389732E-16,0.));
#14694=DIRECTION('',(-2.87784579389732E-16,1.,-7.65319180578003E-17));
#14695=DIRECTION('',(-2.87784579389732E-16,1.,0.));
#14696=DIRECTION('',(-1.,-2.87784579389732E-16,0.));
#14697=DIRECTION('',(0.,0.,-1.));
#14698=DIRECTION('',(-1.,-2.87784579389732E-16,0.));
#14699=DIRECTION('',(0.,0.,-1.));
#14700=DIRECTION('',(0.,0.,1.));
#14701=DIRECTION('',(1.,0.,0.));
#14702=DIRECTION('',(-2.87784579389732E-16,1.,0.));
#14703=DIRECTION('',(-1.,-2.87784579389732E-16,0.));
#14704=DIRECTION('',(-2.87784579389732E-16,1.,0.));
#14705=DIRECTION('',(2.87784579389732E-16,-1.,0.));
#14706=DIRECTION('',(1.,2.87784579389732E-16,0.));
#14707=DIRECTION('',(0.,0.,1.));
#14708=DIRECTION('',(-1.,-2.87784579389732E-16,0.));
#14709=DIRECTION('',(0.,0.,1.));
#14710=DIRECTION('',(-2.20247058481534E-32,7.65319180578003E-17,1.));
#14711=DIRECTION('',(0.,-1.,7.65319180578004E-17));
#14712=DIRECTION('',(-2.87784579389732E-16,1.,-7.65319180578003E-17));
#14713=DIRECTION('',(-1.,-2.87784579389732E-16,0.));
#14714=DIRECTION('',(-2.87784579389732E-16,1.,-7.65319180578003E-17));
#14715=DIRECTION('',(-2.87784579389732E-16,1.,0.));
#14716=DIRECTION('',(-1.,-2.87784579389732E-16,0.));
#14717=DIRECTION('',(0.,0.,-1.));
#14718=DIRECTION('',(-1.,-2.87784579389732E-16,0.));
#14719=DIRECTION('',(0.,0.,-1.));
#14720=DIRECTION('',(0.,0.,-1.));
#14721=DIRECTION('',(-1.,0.,0.));
#14722=DIRECTION('',(2.87784579389732E-16,-1.,0.));
#14723=DIRECTION('',(-1.,-2.87784579389732E-16,0.));
#14724=DIRECTION('',(2.87784579389732E-16,-1.,0.));
#14725=DIRECTION('',(2.87784579389732E-16,-1.,0.));
#14726=DIRECTION('',(1.,2.87784579389732E-16,0.));
#14727=DIRECTION('',(0.,0.,1.));
#14728=DIRECTION('',(-1.,-2.87784579389732E-16,0.));
#14729=DIRECTION('',(0.,0.,1.));
#14730=DIRECTION('',(0.,0.,1.));
#14731=DIRECTION('',(1.,0.,0.));
#14732=DIRECTION('',(-2.87784579389732E-16,1.,0.));
#14733=DIRECTION('',(-1.,-2.87784579389732E-16,0.));
#14734=DIRECTION('',(-2.87784579389732E-16,1.,0.));
#14735=DIRECTION('',(2.87784579389732E-16,-1.,0.));
#14736=DIRECTION('',(1.,2.87784579389732E-16,0.));
#14737=DIRECTION('',(0.,0.,1.));
#14738=DIRECTION('',(-1.,-2.87784579389732E-16,0.));
#14739=DIRECTION('',(0.,0.,1.));
#14740=DIRECTION('',(4.3791812797498E-32,-1.52168725962877E-16,1.));
#14741=DIRECTION('',(0.,-1.,-1.52168725962877E-16));
#14742=DIRECTION('',(-2.87784579389732E-16,1.,1.52168725962877E-16));
#14743=DIRECTION('',(-1.,-2.87784579389732E-16,0.));
#14744=DIRECTION('',(-2.87784579389732E-16,1.,1.52168725962877E-16));
#14745=DIRECTION('',(-2.87784579389732E-16,1.,0.));
#14746=DIRECTION('',(-1.,-2.87784579389732E-16,0.));
#14747=DIRECTION('',(0.,0.,-1.));
#14748=DIRECTION('',(-1.,-2.87784579389732E-16,0.));
#14749=DIRECTION('',(0.,0.,-1.));
#14750=DIRECTION('',(1.17872841740937E-16,-0.409587066794529,0.912271031390701));
#14751=DIRECTION('',(0.,-0.912271031390701,-0.409587066794529));
#14752=DIRECTION('',(-2.6253753505821E-16,0.912271031390701,0.409587066794529));
#14753=DIRECTION('',(-1.,-2.87784579389732E-16,0.));
#14754=DIRECTION('',(-2.6253753505821E-16,0.912271031390701,0.409587066794529));
#14755=DIRECTION('',(-1.95058645017589E-32,6.77793943758992E-17,1.));
#14756=DIRECTION('',(0.,-1.,6.77793943758992E-17));
#14757=DIRECTION('',(-2.87784579389732E-16,1.,-6.77793943758992E-17));
#14758=DIRECTION('',(-2.87784579389732E-16,1.,-6.77793943758992E-17));
#14759=DIRECTION('',(1.,2.87784579389732E-16,0.));
#14760=DIRECTION('',(-2.87784579389732E-16,1.,0.));
#14761=DIRECTION('',(1.,2.87784579389732E-16,0.));
#14762=DIRECTION('',(-2.87784579389732E-16,1.,0.));
#14763=DIRECTION('',(1.,1.94289029309402E-16,-2.81425354784578E-16));
#14764=DIRECTION('',(1.94289029309402E-16,-1.,4.20203232862721E-16));
#14765=DIRECTION('',(1.,1.94289029309402E-16,-2.81425354784578E-16));
#14766=DIRECTION('',(1.94289029309402E-16,-1.,4.20203232862721E-16));
#14767=DIRECTION('',(1.,1.94289029309402E-16,-2.81425354784578E-16));
#14768=DIRECTION('',(1.94289029309402E-16,-1.,4.20203232862721E-16));
#14769=DIRECTION('',(0.,0.,1.));
#14770=DIRECTION('',(1.,0.,0.));
#14771=DIRECTION('',(-1.,0.,-2.77555756156289E-17));
#14772=DIRECTION('',(-2.77555756156289E-17,0.,1.));
#14773=DIRECTION('',(-2.12622665860351E-31,1.11022302462516E-16,-1.));
#14774=DIRECTION('',(3.05311331771918E-16,1.,1.11022302462516E-16));
#14775=DIRECTION('',(0.,0.,1.));
#14776=DIRECTION('',(4.44089209850063E-16,1.,0.));
#14777=DIRECTION('',(-1.,9.99200722162641E-16,1.72563323017097E-31));
#14778=DIRECTION('',(9.99200722162641E-16,1.,2.22044604925032E-16));
#14779=DIRECTION('',(-1.,9.99200722162641E-16,1.72563323017097E-31));
#14780=DIRECTION('',(9.99200722162641E-16,1.,2.22044604925032E-16));
#14781=DIRECTION('',(-1.,9.99200722162641E-16,1.72563323017097E-31));
#14782=DIRECTION('',(9.99200722162641E-16,1.,2.22044604925032E-16));
#14783=DIRECTION('',(0.,0.,1.));
#14784=DIRECTION('',(1.,0.,0.));
#14785=DIRECTION('',(6.930168145854E-33,1.,3.6977854932235E-32));
#14786=DIRECTION('',(1.17961196366423E-16,-3.6977854932235E-32,1.));
#14787=DIRECTION('',(-2.12622665860351E-31,1.11022302462516E-16,-1.));
#14788=DIRECTION('',(3.05311331771918E-16,1.,1.11022302462516E-16));
#14789=DIRECTION('',(2.22044604925031E-16,-4.40652771275799E-31,-1.));
#14790=DIRECTION('',(-4.30211422042248E-16,-1.,3.45126646034193E-31));
#14791=CARTESIAN_POINT('',(0.,0.,0.));
#14792=CARTESIAN_POINT('',(-0.00406,0.018,0.7239));
#14793=CARTESIAN_POINT('',(-0.00406,0.018,0.));
#14794=CARTESIAN_POINT('',(-0.00406,0.01757,0.));
#14795=CARTESIAN_POINT('',(-0.00406,0.01843,0.));
#14796=CARTESIAN_POINT('',(-0.00406,0.01843,0.7239));
#14797=CARTESIAN_POINT('',(-0.00406,0.01843,0.7239));
#14798=CARTESIAN_POINT('',(-0.00406,0.018,0.7239));
#14799=CARTESIAN_POINT('',(-0.00406,0.01757,0.7239));
#14800=CARTESIAN_POINT('',(-0.00406,0.01757,0.7239));
#14801=CARTESIAN_POINT('',(-0.00562999196457129,0.0184300080354287,0.7239));
#14802=CARTESIAN_POINT('',(-0.00562999196457129,0.0184300080354287,0.));
#14803=CARTESIAN_POINT('',(-0.00563,0.02,0.));
#14804=CARTESIAN_POINT('',(-0.00563,0.02,0.7239));
#14805=CARTESIAN_POINT('',(-0.00563,0.02,0.7239));
#14806=CARTESIAN_POINT('',(-0.00562999196457129,0.0184300080354287,0.7239));
#14807=CARTESIAN_POINT('',(-0.01123,0.02,0.7239));
#14808=CARTESIAN_POINT('',(-0.01123,0.02,0.));
#14809=CARTESIAN_POINT('',(-0.01683,0.02,0.));
#14810=CARTESIAN_POINT('',(-0.01683,0.02,0.7239));
#14811=CARTESIAN_POINT('',(-0.01683,0.02,0.7239));
#14812=CARTESIAN_POINT('',(-0.01123,0.02,0.7239));
#14813=CARTESIAN_POINT('',(-0.0168300051337334,0.0168300051337334,0.7239));
#14814=CARTESIAN_POINT('',(-0.0168300051337334,0.0168300051337334,0.));
#14815=CARTESIAN_POINT('',(-0.02,0.01683,0.));
#14816=CARTESIAN_POINT('',(-0.02,0.01683,0.7239));
#14817=CARTESIAN_POINT('',(-0.02,0.01683,0.7239));
#14818=CARTESIAN_POINT('',(-0.0168300051337334,0.0168300051337334,0.7239));
#14819=CARTESIAN_POINT('',(-0.02,0.01123,0.7239));
#14820=CARTESIAN_POINT('',(-0.02,0.01123,0.));
#14821=CARTESIAN_POINT('',(-0.02,0.00563,0.));
#14822=CARTESIAN_POINT('',(-0.02,0.00563,0.7239));
#14823=CARTESIAN_POINT('',(-0.02,0.00563,0.7239));
#14824=CARTESIAN_POINT('',(-0.02,0.01123,0.7239));
#14825=CARTESIAN_POINT('',(-0.0184300080354287,0.00562999196457129,0.7239));
#14826=CARTESIAN_POINT('',(-0.0184300080354287,0.00562999196457129,0.));
#14827=CARTESIAN_POINT('',(-0.01843,0.00406,0.));
#14828=CARTESIAN_POINT('',(-0.01843,0.00406,0.7239));
#14829=CARTESIAN_POINT('',(-0.01843,0.00406,0.7239));
#14830=CARTESIAN_POINT('',(-0.0184300080354287,0.00562999196457129,0.7239));
#14831=CARTESIAN_POINT('',(-0.018,0.00406,0.7239));
#14832=CARTESIAN_POINT('',(-0.018,0.00406,0.));
#14833=CARTESIAN_POINT('',(-0.01757,0.00406,0.));
#14834=CARTESIAN_POINT('',(-0.01757,0.00406,0.7239));
#14835=CARTESIAN_POINT('',(-0.01757,0.00406,0.7239));
#14836=CARTESIAN_POINT('',(-0.018,0.00406,0.7239));
#14837=CARTESIAN_POINT('',(-0.0175699919645713,0.00562999196457129,0.7239));
#14838=CARTESIAN_POINT('',(-0.0175699919645713,0.00562999196457129,0.));
#14839=CARTESIAN_POINT('',(-0.016,0.00563,0.));
#14840=CARTESIAN_POINT('',(-0.016,0.00563,0.7239));
#14841=CARTESIAN_POINT('',(-0.016,0.00563,0.7239));
#14842=CARTESIAN_POINT('',(-0.0175699919645713,0.00562999196457129,0.7239));
#14843=CARTESIAN_POINT('',(-0.016,0.0061175,0.7239));
#14844=CARTESIAN_POINT('',(-0.016,0.0061175,0.));
#14845=CARTESIAN_POINT('',(-0.016,0.006605,0.));
#14846=CARTESIAN_POINT('',(-0.016,0.006605,0.7239));
#14847=CARTESIAN_POINT('',(-0.016,0.006605,0.7239));
#14848=CARTESIAN_POINT('',(-0.016,0.0061175,0.7239));
#14849=CARTESIAN_POINT('',(-0.0162499887176516,0.0066050112823484,0.7239));
#14850=CARTESIAN_POINT('',(-0.0162499887176516,0.0066050112823484,0.));
#14851=CARTESIAN_POINT('',(-0.01625,0.006855,0.));
#14852=CARTESIAN_POINT('',(-0.01625,0.006855,0.7239));
#14853=CARTESIAN_POINT('',(-0.01625,0.006855,0.7239));
#14854=CARTESIAN_POINT('',(-0.0162499887176516,0.0066050112823484,0.7239));
#14855=CARTESIAN_POINT('',(-0.01675,0.006855,0.7239));
#14856=CARTESIAN_POINT('',(-0.01675,0.006855,0.));
#14857=CARTESIAN_POINT('',(-0.01725,0.006855,0.));
#14858=CARTESIAN_POINT('',(-0.01725,0.006855,0.7239));
#14859=CARTESIAN_POINT('',(-0.01725,0.006855,0.7239));
#14860=CARTESIAN_POINT('',(-0.01675,0.006855,0.7239));
#14861=CARTESIAN_POINT('',(-0.0172500112823484,0.0071049887176516,0.7239));
#14862=CARTESIAN_POINT('',(-0.0172500112823484,0.0071049887176516,0.));
#14863=CARTESIAN_POINT('',(-0.0175,0.007105,0.));
#14864=CARTESIAN_POINT('',(-0.0175,0.007105,0.7239));
#14865=CARTESIAN_POINT('',(-0.0175,0.007105,0.7239));
#14866=CARTESIAN_POINT('',(-0.0172500112823484,0.0071049887176516,0.7239));
#14867=CARTESIAN_POINT('',(-0.0175,0.00806,0.7239));
#14868=CARTESIAN_POINT('',(-0.0175,0.00806,0.));
#14869=CARTESIAN_POINT('',(-0.0175,0.009015,0.));
#14870=CARTESIAN_POINT('',(-0.0175,0.009015,0.7239));
#14871=CARTESIAN_POINT('',(-0.0175,0.009015,0.7239));
#14872=CARTESIAN_POINT('',(-0.0175,0.00806,0.7239));
#14873=CARTESIAN_POINT('',(-0.0162300149809907,0.00901501498099075,0.7239));
#14874=CARTESIAN_POINT('',(-0.0162300149809907,0.00901501498099075,0.));
#14875=CARTESIAN_POINT('',(-0.01623,0.010285,0.));
#14876=CARTESIAN_POINT('',(-0.01623,0.010285,0.7239));
#14877=CARTESIAN_POINT('',(-0.01623,0.010285,0.7239));
#14878=CARTESIAN_POINT('',(-0.0162300149809907,0.00901501498099075,0.7239));
#14879=CARTESIAN_POINT('',(-0.014223105,0.010285,0.7239));
#14880=CARTESIAN_POINT('',(-0.014223105,0.010285,0.));
#14881=CARTESIAN_POINT('',(-0.01221621,0.010285,0.));
#14882=CARTESIAN_POINT('',(-0.01221621,0.010285,0.7239));
#14883=CARTESIAN_POINT('',(-0.01221621,0.010285,0.7239));
#14884=CARTESIAN_POINT('',(-0.014223105,0.010285,0.7239));
#14885=CARTESIAN_POINT('',(-0.0122162387490702,0.00939493076297674,0.7239));
#14886=CARTESIAN_POINT('',(-0.0122162387490702,0.00939493076297674,0.));
#14887=CARTESIAN_POINT('',(-0.01158689,0.01002433,0.));
#14888=CARTESIAN_POINT('',(-0.01158689,0.01002433,0.7239));
#14889=CARTESIAN_POINT('',(-0.01158689,0.01002433,0.7239));
#14890=CARTESIAN_POINT('',(-0.0122162387490702,0.00939493076297674,0.7239));
#14891=CARTESIAN_POINT('',(-0.010331565,0.008769005,0.7239));
#14892=CARTESIAN_POINT('',(-0.010331565,0.008769005,0.));
#14893=CARTESIAN_POINT('',(-0.00907624,0.00751368,0.));
#14894=CARTESIAN_POINT('',(-0.00907624,0.00751368,0.7239));
#14895=CARTESIAN_POINT('',(-0.00907624,0.00751368,0.7239));
#14896=CARTESIAN_POINT('',(-0.010331565,0.008769005,0.7239));
#14897=CARTESIAN_POINT('',(-0.0124349838437808,0.00415493227083162,0.7239));
#14898=CARTESIAN_POINT('',(-0.0124349838437808,0.00415493227083162,0.));
#14899=CARTESIAN_POINT('',(-0.007685,0.00415492,0.));
#14900=CARTESIAN_POINT('',(-0.007685,0.00415492,0.7239));
#14901=CARTESIAN_POINT('',(-0.007685,0.00415492,0.7239));
#14902=CARTESIAN_POINT('',(-0.0124349838437808,0.00415493227083162,0.7239));
#14903=CARTESIAN_POINT('',(-0.007685,0.,0.7239));
#14904=CARTESIAN_POINT('',(-0.007685,0.,0.));
#14905=CARTESIAN_POINT('',(-0.007685,-0.00415492,0.));
#14906=CARTESIAN_POINT('',(-0.007685,-0.00415492,0.7239));
#14907=CARTESIAN_POINT('',(-0.007685,-0.00415492,0.7239));
#14908=CARTESIAN_POINT('',(-0.007685,0.,0.7239));
#14909=CARTESIAN_POINT('',(-0.0124349838437808,-0.00415493227083162,0.7239));
#14910=CARTESIAN_POINT('',(-0.0124349838437808,-0.00415493227083162,0.));
#14911=CARTESIAN_POINT('',(-0.00907624,-0.00751368,0.));
#14912=CARTESIAN_POINT('',(-0.00907624,-0.00751368,0.7239));
#14913=CARTESIAN_POINT('',(-0.00907624,-0.00751368,0.7239));
#14914=CARTESIAN_POINT('',(-0.0124349838437808,-0.00415493227083162,0.7239));
#14915=CARTESIAN_POINT('',(-0.010331565,-0.008769005,0.7239));
#14916=CARTESIAN_POINT('',(-0.010331565,-0.008769005,0.));
#14917=CARTESIAN_POINT('',(-0.01158689,-0.01002433,0.));
#14918=CARTESIAN_POINT('',(-0.01158689,-0.01002433,0.7239));
#14919=CARTESIAN_POINT('',(-0.01158689,-0.01002433,0.7239));
#14920=CARTESIAN_POINT('',(-0.010331565,-0.008769005,0.7239));
#14921=CARTESIAN_POINT('',(-0.0122162387490702,-0.00939493076297674,0.7239));
#14922=CARTESIAN_POINT('',(-0.0122162387490702,-0.00939493076297674,0.));
#14923=CARTESIAN_POINT('',(-0.01221621,-0.010285,0.));
#14924=CARTESIAN_POINT('',(-0.01221621,-0.010285,0.7239));
#14925=CARTESIAN_POINT('',(-0.01221621,-0.010285,0.7239));
#14926=CARTESIAN_POINT('',(-0.0122162387490702,-0.00939493076297674,0.7239));
#14927=CARTESIAN_POINT('',(-0.014223105,-0.010285,0.7239));
#14928=CARTESIAN_POINT('',(-0.014223105,-0.010285,0.));
#14929=CARTESIAN_POINT('',(-0.01623,-0.010285,0.));
#14930=CARTESIAN_POINT('',(-0.01623,-0.010285,0.7239));
#14931=CARTESIAN_POINT('',(-0.01623,-0.010285,0.7239));
#14932=CARTESIAN_POINT('',(-0.014223105,-0.010285,0.7239));
#14933=CARTESIAN_POINT('',(-0.0162300149809907,-0.00901501498099075,0.7239));
#14934=CARTESIAN_POINT('',(-0.0162300149809907,-0.00901501498099075,0.));
#14935=CARTESIAN_POINT('',(-0.0175,-0.009015,0.));
#14936=CARTESIAN_POINT('',(-0.0175,-0.009015,0.7239));
#14937=CARTESIAN_POINT('',(-0.0175,-0.009015,0.7239));
#14938=CARTESIAN_POINT('',(-0.0162300149809907,-0.00901501498099075,0.7239));
#14939=CARTESIAN_POINT('',(-0.0175,-0.00806,0.7239));
#14940=CARTESIAN_POINT('',(-0.0175,-0.00806,0.));
#14941=CARTESIAN_POINT('',(-0.0175,-0.007105,0.));
#14942=CARTESIAN_POINT('',(-0.0175,-0.007105,0.7239));
#14943=CARTESIAN_POINT('',(-0.0175,-0.007105,0.7239));
#14944=CARTESIAN_POINT('',(-0.0175,-0.00806,0.7239));
#14945=CARTESIAN_POINT('',(-0.0172500112823484,-0.0071049887176516,0.7239));
#14946=CARTESIAN_POINT('',(-0.0172500112823484,-0.0071049887176516,0.));
#14947=CARTESIAN_POINT('',(-0.01725,-0.006855,0.));
#14948=CARTESIAN_POINT('',(-0.01725,-0.006855,0.7239));
#14949=CARTESIAN_POINT('',(-0.01725,-0.006855,0.7239));
#14950=CARTESIAN_POINT('',(-0.0172500112823484,-0.0071049887176516,0.7239));
#14951=CARTESIAN_POINT('',(-0.01675,-0.006855,0.7239));
#14952=CARTESIAN_POINT('',(-0.01675,-0.006855,0.));
#14953=CARTESIAN_POINT('',(-0.01625,-0.006855,0.));
#14954=CARTESIAN_POINT('',(-0.01625,-0.006855,0.7239));
#14955=CARTESIAN_POINT('',(-0.01625,-0.006855,0.7239));
#14956=CARTESIAN_POINT('',(-0.01675,-0.006855,0.7239));
#14957=CARTESIAN_POINT('',(-0.0162499887176516,-0.0066050112823484,0.7239));
#14958=CARTESIAN_POINT('',(-0.0162499887176516,-0.0066050112823484,0.));
#14959=CARTESIAN_POINT('',(-0.016,-0.006605,0.));
#14960=CARTESIAN_POINT('',(-0.016,-0.006605,0.7239));
#14961=CARTESIAN_POINT('',(-0.016,-0.006605,0.7239));
#14962=CARTESIAN_POINT('',(-0.0162499887176516,-0.0066050112823484,0.7239));
#14963=CARTESIAN_POINT('',(-0.016,-0.0061175,0.7239));
#14964=CARTESIAN_POINT('',(-0.016,-0.0061175,0.));
#14965=CARTESIAN_POINT('',(-0.016,-0.00563,0.));
#14966=CARTESIAN_POINT('',(-0.016,-0.00563,0.7239));
#14967=CARTESIAN_POINT('',(-0.016,-0.00563,0.7239));
#14968=CARTESIAN_POINT('',(-0.016,-0.0061175,0.7239));
#14969=CARTESIAN_POINT('',(-0.0175699919645713,-0.00562999196457129,0.7239));
#14970=CARTESIAN_POINT('',(-0.0175699919645713,-0.00562999196457129,0.));
#14971=CARTESIAN_POINT('',(-0.01757,-0.00406,0.));
#14972=CARTESIAN_POINT('',(-0.01757,-0.00406,0.7239));
#14973=CARTESIAN_POINT('',(-0.01757,-0.00406,0.7239));
#14974=CARTESIAN_POINT('',(-0.0175699919645713,-0.00562999196457129,0.7239));
#14975=CARTESIAN_POINT('',(-0.018,-0.00406,0.7239));
#14976=CARTESIAN_POINT('',(-0.018,-0.00406,0.));
#14977=CARTESIAN_POINT('',(-0.01843,-0.00406,0.));
#14978=CARTESIAN_POINT('',(-0.01843,-0.00406,0.7239));
#14979=CARTESIAN_POINT('',(-0.01843,-0.00406,0.7239));
#14980=CARTESIAN_POINT('',(-0.018,-0.00406,0.7239));
#14981=CARTESIAN_POINT('',(-0.0184300080354287,-0.00562999196457129,0.7239));
#14982=CARTESIAN_POINT('',(-0.0184300080354287,-0.00562999196457129,0.));
#14983=CARTESIAN_POINT('',(-0.02,-0.00563,0.));
#14984=CARTESIAN_POINT('',(-0.02,-0.00563,0.7239));
#14985=CARTESIAN_POINT('',(-0.02,-0.00563,0.7239));
#14986=CARTESIAN_POINT('',(-0.0184300080354287,-0.00562999196457129,0.7239));
#14987=CARTESIAN_POINT('',(-0.02,-0.01123,0.7239));
#14988=CARTESIAN_POINT('',(-0.02,-0.01123,0.));
#14989=CARTESIAN_POINT('',(-0.02,-0.01683,0.));
#14990=CARTESIAN_POINT('',(-0.02,-0.01683,0.7239));
#14991=CARTESIAN_POINT('',(-0.02,-0.01683,0.7239));
#14992=CARTESIAN_POINT('',(-0.02,-0.01123,0.7239));
#14993=CARTESIAN_POINT('',(-0.0168300051337334,-0.0168300051337334,0.7239));
#14994=CARTESIAN_POINT('',(-0.0168300051337334,-0.0168300051337334,0.));
#14995=CARTESIAN_POINT('',(-0.01683,-0.02,0.));
#14996=CARTESIAN_POINT('',(-0.01683,-0.02,0.7239));
#14997=CARTESIAN_POINT('',(-0.01683,-0.02,0.7239));
#14998=CARTESIAN_POINT('',(-0.0168300051337334,-0.0168300051337334,0.7239));
#14999=CARTESIAN_POINT('',(-0.01123,-0.02,0.7239));
#15000=CARTESIAN_POINT('',(-0.01123,-0.02,0.));
#15001=CARTESIAN_POINT('',(-0.00563,-0.02,0.));
#15002=CARTESIAN_POINT('',(-0.00563,-0.02,0.7239));
#15003=CARTESIAN_POINT('',(-0.00563,-0.02,0.7239));
#15004=CARTESIAN_POINT('',(-0.01123,-0.02,0.7239));
#15005=CARTESIAN_POINT('',(-0.00562999196457129,-0.0184300080354287,0.7239));
#15006=CARTESIAN_POINT('',(-0.00562999196457129,-0.0184300080354287,0.));
#15007=CARTESIAN_POINT('',(-0.00406,-0.01843,0.));
#15008=CARTESIAN_POINT('',(-0.00406,-0.01843,0.7239));
#15009=CARTESIAN_POINT('',(-0.00406,-0.01843,0.7239));
#15010=CARTESIAN_POINT('',(-0.00562999196457129,-0.0184300080354287,0.7239));
#15011=CARTESIAN_POINT('',(-0.00406,-0.018,0.7239));
#15012=CARTESIAN_POINT('',(-0.00406,-0.018,0.));
#15013=CARTESIAN_POINT('',(-0.00406,-0.01757,0.));
#15014=CARTESIAN_POINT('',(-0.00406,-0.01757,0.7239));
#15015=CARTESIAN_POINT('',(-0.00406,-0.01757,0.7239));
#15016=CARTESIAN_POINT('',(-0.00406,-0.018,0.7239));
#15017=CARTESIAN_POINT('',(-0.00562999196457129,-0.0175699919645713,0.7239));
#15018=CARTESIAN_POINT('',(-0.00562999196457129,-0.0175699919645713,0.));
#15019=CARTESIAN_POINT('',(-0.00563,-0.016,0.));
#15020=CARTESIAN_POINT('',(-0.00563,-0.016,0.7239));
#15021=CARTESIAN_POINT('',(-0.00563,-0.016,0.7239));
#15022=CARTESIAN_POINT('',(-0.00562999196457129,-0.0175699919645713,0.7239));
#15023=CARTESIAN_POINT('',(-0.0061175,-0.016,0.7239));
#15024=CARTESIAN_POINT('',(-0.0061175,-0.016,0.));
#15025=CARTESIAN_POINT('',(-0.006605,-0.016,0.));
#15026=CARTESIAN_POINT('',(-0.006605,-0.016,0.7239));
#15027=CARTESIAN_POINT('',(-0.006605,-0.016,0.7239));
#15028=CARTESIAN_POINT('',(-0.0061175,-0.016,0.7239));
#15029=CARTESIAN_POINT('',(-0.0066050112823484,-0.0162499887176516,0.7239));
#15030=CARTESIAN_POINT('',(-0.0066050112823484,-0.0162499887176516,0.));
#15031=CARTESIAN_POINT('',(-0.006855,-0.01625,0.));
#15032=CARTESIAN_POINT('',(-0.006855,-0.01625,0.7239));
#15033=CARTESIAN_POINT('',(-0.006855,-0.01625,0.7239));
#15034=CARTESIAN_POINT('',(-0.0066050112823484,-0.0162499887176516,0.7239));
#15035=CARTESIAN_POINT('',(-0.006855,-0.01675,0.7239));
#15036=CARTESIAN_POINT('',(-0.006855,-0.01675,0.));
#15037=CARTESIAN_POINT('',(-0.006855,-0.01725,0.));
#15038=CARTESIAN_POINT('',(-0.006855,-0.01725,0.7239));
#15039=CARTESIAN_POINT('',(-0.006855,-0.01725,0.7239));
#15040=CARTESIAN_POINT('',(-0.006855,-0.01675,0.7239));
#15041=CARTESIAN_POINT('',(-0.0071049887176516,-0.0172500112823484,0.7239));
#15042=CARTESIAN_POINT('',(-0.0071049887176516,-0.0172500112823484,0.));
#15043=CARTESIAN_POINT('',(-0.007105,-0.0175,0.));
#15044=CARTESIAN_POINT('',(-0.007105,-0.0175,0.7239));
#15045=CARTESIAN_POINT('',(-0.007105,-0.0175,0.7239));
#15046=CARTESIAN_POINT('',(-0.0071049887176516,-0.0172500112823484,0.7239));
#15047=CARTESIAN_POINT('',(-0.00806,-0.0175,0.7239));
#15048=CARTESIAN_POINT('',(-0.00806,-0.0175,0.));
#15049=CARTESIAN_POINT('',(-0.009015,-0.0175,0.));
#15050=CARTESIAN_POINT('',(-0.009015,-0.0175,0.7239));
#15051=CARTESIAN_POINT('',(-0.009015,-0.0175,0.7239));
#15052=CARTESIAN_POINT('',(-0.00806,-0.0175,0.7239));
#15053=CARTESIAN_POINT('',(-0.00901501498099075,-0.0162300149809907,0.7239));
#15054=CARTESIAN_POINT('',(-0.00901501498099075,-0.0162300149809907,0.));
#15055=CARTESIAN_POINT('',(-0.010285,-0.01623,0.));
#15056=CARTESIAN_POINT('',(-0.010285,-0.01623,0.7239));
#15057=CARTESIAN_POINT('',(-0.010285,-0.01623,0.7239));
#15058=CARTESIAN_POINT('',(-0.00901501498099075,-0.0162300149809907,0.7239));
#15059=CARTESIAN_POINT('',(-0.010285,-0.014223105,0.7239));
#15060=CARTESIAN_POINT('',(-0.010285,-0.014223105,0.));
#15061=CARTESIAN_POINT('',(-0.010285,-0.01221621,0.));
#15062=CARTESIAN_POINT('',(-0.010285,-0.01221621,0.7239));
#15063=CARTESIAN_POINT('',(-0.010285,-0.01221621,0.7239));
#15064=CARTESIAN_POINT('',(-0.010285,-0.014223105,0.7239));
#15065=CARTESIAN_POINT('',(-0.00939493076297674,-0.0122162387490702,0.7239));
#15066=CARTESIAN_POINT('',(-0.00939493076297674,-0.0122162387490702,0.));
#15067=CARTESIAN_POINT('',(-0.01002433,-0.01158689,0.));
#15068=CARTESIAN_POINT('',(-0.01002433,-0.01158689,0.7239));
#15069=CARTESIAN_POINT('',(-0.01002433,-0.01158689,0.7239));
#15070=CARTESIAN_POINT('',(-0.00939493076297674,-0.0122162387490702,0.7239));
#15071=CARTESIAN_POINT('',(-0.008769005,-0.010331565,0.7239));
#15072=CARTESIAN_POINT('',(-0.008769005,-0.010331565,0.));
#15073=CARTESIAN_POINT('',(-0.00751368,-0.00907624,0.));
#15074=CARTESIAN_POINT('',(-0.00751368,-0.00907624,0.7239));
#15075=CARTESIAN_POINT('',(-0.00751368,-0.00907624,0.7239));
#15076=CARTESIAN_POINT('',(-0.008769005,-0.010331565,0.7239));
#15077=CARTESIAN_POINT('',(-0.00415493227083162,-0.0124349838437808,0.7239));
#15078=CARTESIAN_POINT('',(-0.00415493227083162,-0.0124349838437808,0.));
#15079=CARTESIAN_POINT('',(-0.00415492,-0.007685,0.));
#15080=CARTESIAN_POINT('',(-0.00415492,-0.007685,0.7239));
#15081=CARTESIAN_POINT('',(-0.00415492,-0.007685,0.7239));
#15082=CARTESIAN_POINT('',(-0.00415493227083162,-0.0124349838437808,0.7239));
#15083=CARTESIAN_POINT('',(0.,-0.007685,0.7239));
#15084=CARTESIAN_POINT('',(0.,-0.007685,0.));
#15085=CARTESIAN_POINT('',(0.00415492,-0.007685,0.));
#15086=CARTESIAN_POINT('',(0.00415492,-0.007685,0.7239));
#15087=CARTESIAN_POINT('',(0.00415492,-0.007685,0.7239));
#15088=CARTESIAN_POINT('',(0.,-0.007685,0.7239));
#15089=CARTESIAN_POINT('',(0.00415493227083162,-0.0124349838437808,0.7239));
#15090=CARTESIAN_POINT('',(0.00415493227083162,-0.0124349838437808,0.));
#15091=CARTESIAN_POINT('',(0.00751368,-0.00907624,0.));
#15092=CARTESIAN_POINT('',(0.00751368,-0.00907624,0.7239));
#15093=CARTESIAN_POINT('',(0.00751368,-0.00907624,0.7239));
#15094=CARTESIAN_POINT('',(0.00415493227083162,-0.0124349838437808,0.7239));
#15095=CARTESIAN_POINT('',(0.008769005,-0.010331565,0.7239));
#15096=CARTESIAN_POINT('',(0.008769005,-0.010331565,0.));
#15097=CARTESIAN_POINT('',(0.01002433,-0.01158689,0.));
#15098=CARTESIAN_POINT('',(0.01002433,-0.01158689,0.7239));
#15099=CARTESIAN_POINT('',(0.01002433,-0.01158689,0.7239));
#15100=CARTESIAN_POINT('',(0.008769005,-0.010331565,0.7239));
#15101=CARTESIAN_POINT('',(0.00939493076297674,-0.0122162387490702,0.7239));
#15102=CARTESIAN_POINT('',(0.00939493076297674,-0.0122162387490702,0.));
#15103=CARTESIAN_POINT('',(0.010285,-0.01221621,0.));
#15104=CARTESIAN_POINT('',(0.010285,-0.01221621,0.7239));
#15105=CARTESIAN_POINT('',(0.010285,-0.01221621,0.7239));
#15106=CARTESIAN_POINT('',(0.00939493076297674,-0.0122162387490702,0.7239));
#15107=CARTESIAN_POINT('',(0.010285,-0.014223105,0.7239));
#15108=CARTESIAN_POINT('',(0.010285,-0.014223105,0.));
#15109=CARTESIAN_POINT('',(0.010285,-0.01623,0.));
#15110=CARTESIAN_POINT('',(0.010285,-0.01623,0.7239));
#15111=CARTESIAN_POINT('',(0.010285,-0.01623,0.7239));
#15112=CARTESIAN_POINT('',(0.010285,-0.014223105,0.7239));
#15113=CARTESIAN_POINT('',(0.00901501498099075,-0.0162300149809907,0.7239));
#15114=CARTESIAN_POINT('',(0.00901501498099075,-0.0162300149809907,0.));
#15115=CARTESIAN_POINT('',(0.009015,-0.0175,0.));
#15116=CARTESIAN_POINT('',(0.009015,-0.0175,0.7239));
#15117=CARTESIAN_POINT('',(0.009015,-0.0175,0.7239));
#15118=CARTESIAN_POINT('',(0.00901501498099075,-0.0162300149809907,0.7239));
#15119=CARTESIAN_POINT('',(0.00806,-0.0175,0.7239));
#15120=CARTESIAN_POINT('',(0.00806,-0.0175,0.));
#15121=CARTESIAN_POINT('',(0.007105,-0.0175,0.));
#15122=CARTESIAN_POINT('',(0.007105,-0.0175,0.7239));
#15123=CARTESIAN_POINT('',(0.007105,-0.0175,0.7239));
#15124=CARTESIAN_POINT('',(0.00806,-0.0175,0.7239));
#15125=CARTESIAN_POINT('',(0.0071049887176516,-0.0172500112823484,0.7239));
#15126=CARTESIAN_POINT('',(0.0071049887176516,-0.0172500112823484,0.));
#15127=CARTESIAN_POINT('',(0.006855,-0.01725,0.));
#15128=CARTESIAN_POINT('',(0.006855,-0.01725,0.7239));
#15129=CARTESIAN_POINT('',(0.006855,-0.01725,0.7239));
#15130=CARTESIAN_POINT('',(0.0071049887176516,-0.0172500112823484,0.7239));
#15131=CARTESIAN_POINT('',(0.006855,-0.01675,0.7239));
#15132=CARTESIAN_POINT('',(0.006855,-0.01675,0.));
#15133=CARTESIAN_POINT('',(0.006855,-0.01625,0.));
#15134=CARTESIAN_POINT('',(0.006855,-0.01625,0.7239));
#15135=CARTESIAN_POINT('',(0.006855,-0.01625,0.7239));
#15136=CARTESIAN_POINT('',(0.006855,-0.01675,0.7239));
#15137=CARTESIAN_POINT('',(0.0066050112823484,-0.0162499887176516,0.7239));
#15138=CARTESIAN_POINT('',(0.0066050112823484,-0.0162499887176516,0.));
#15139=CARTESIAN_POINT('',(0.006605,-0.016,0.));
#15140=CARTESIAN_POINT('',(0.006605,-0.016,0.7239));
#15141=CARTESIAN_POINT('',(0.006605,-0.016,0.7239));
#15142=CARTESIAN_POINT('',(0.0066050112823484,-0.0162499887176516,0.7239));
#15143=CARTESIAN_POINT('',(0.0061175,-0.016,0.7239));
#15144=CARTESIAN_POINT('',(0.0061175,-0.016,0.));
#15145=CARTESIAN_POINT('',(0.00563,-0.016,0.));
#15146=CARTESIAN_POINT('',(0.00563,-0.016,0.7239));
#15147=CARTESIAN_POINT('',(0.00563,-0.016,0.7239));
#15148=CARTESIAN_POINT('',(0.0061175,-0.016,0.7239));
#15149=CARTESIAN_POINT('',(0.00562999196457129,-0.0175699919645713,0.7239));
#15150=CARTESIAN_POINT('',(0.00562999196457129,-0.0175699919645713,0.));
#15151=CARTESIAN_POINT('',(0.00406,-0.01757,0.));
#15152=CARTESIAN_POINT('',(0.00406,-0.01757,0.7239));
#15153=CARTESIAN_POINT('',(0.00406,-0.01757,0.7239));
#15154=CARTESIAN_POINT('',(0.00562999196457129,-0.0175699919645713,0.7239));
#15155=CARTESIAN_POINT('',(0.00406,-0.018,0.7239));
#15156=CARTESIAN_POINT('',(0.00406,-0.018,0.));
#15157=CARTESIAN_POINT('',(0.00406,-0.01843,0.));
#15158=CARTESIAN_POINT('',(0.00406,-0.01843,0.7239));
#15159=CARTESIAN_POINT('',(0.00406,-0.01843,0.7239));
#15160=CARTESIAN_POINT('',(0.00406,-0.018,0.7239));
#15161=CARTESIAN_POINT('',(0.00562999196457129,-0.0184300080354287,0.7239));
#15162=CARTESIAN_POINT('',(0.00562999196457129,-0.0184300080354287,0.));
#15163=CARTESIAN_POINT('',(0.00563,-0.02,0.));
#15164=CARTESIAN_POINT('',(0.00563,-0.02,0.7239));
#15165=CARTESIAN_POINT('',(0.00563,-0.02,0.7239));
#15166=CARTESIAN_POINT('',(0.00562999196457129,-0.0184300080354287,0.7239));
#15167=CARTESIAN_POINT('',(0.01123,-0.02,0.7239));
#15168=CARTESIAN_POINT('',(0.01123,-0.02,0.));
#15169=CARTESIAN_POINT('',(0.01683,-0.02,0.));
#15170=CARTESIAN_POINT('',(0.01683,-0.02,0.7239));
#15171=CARTESIAN_POINT('',(0.01683,-0.02,0.7239));
#15172=CARTESIAN_POINT('',(0.01123,-0.02,0.7239));
#15173=CARTESIAN_POINT('',(0.0168300051337334,-0.0168300051337334,0.7239));
#15174=CARTESIAN_POINT('',(0.0168300051337334,-0.0168300051337334,0.));
#15175=CARTESIAN_POINT('',(0.02,-0.01683,0.));
#15176=CARTESIAN_POINT('',(0.02,-0.01683,0.7239));
#15177=CARTESIAN_POINT('',(0.02,-0.01683,0.7239));
#15178=CARTESIAN_POINT('',(0.0168300051337334,-0.0168300051337334,0.7239));
#15179=CARTESIAN_POINT('',(0.02,-0.01123,0.7239));
#15180=CARTESIAN_POINT('',(0.02,-0.01123,0.));
#15181=CARTESIAN_POINT('',(0.02,-0.00563,0.));
#15182=CARTESIAN_POINT('',(0.02,-0.00563,0.7239));
#15183=CARTESIAN_POINT('',(0.02,-0.00563,0.7239));
#15184=CARTESIAN_POINT('',(0.02,-0.01123,0.7239));
#15185=CARTESIAN_POINT('',(0.0184300080354287,-0.00562999196457129,0.7239));
#15186=CARTESIAN_POINT('',(0.0184300080354287,-0.00562999196457129,0.));
#15187=CARTESIAN_POINT('',(0.01843,-0.00406,0.));
#15188=CARTESIAN_POINT('',(0.01843,-0.00406,0.7239));
#15189=CARTESIAN_POINT('',(0.01843,-0.00406,0.7239));
#15190=CARTESIAN_POINT('',(0.0184300080354287,-0.00562999196457129,0.7239));
#15191=CARTESIAN_POINT('',(0.018,-0.00406,0.7239));
#15192=CARTESIAN_POINT('',(0.018,-0.00406,0.));
#15193=CARTESIAN_POINT('',(0.01757,-0.00406,0.));
#15194=CARTESIAN_POINT('',(0.01757,-0.00406,0.7239));
#15195=CARTESIAN_POINT('',(0.01757,-0.00406,0.7239));
#15196=CARTESIAN_POINT('',(0.018,-0.00406,0.7239));
#15197=CARTESIAN_POINT('',(0.0175699919645713,-0.00562999196457129,0.7239));
#15198=CARTESIAN_POINT('',(0.0175699919645713,-0.00562999196457129,0.));
#15199=CARTESIAN_POINT('',(0.016,-0.00563,0.));
#15200=CARTESIAN_POINT('',(0.016,-0.00563,0.7239));
#15201=CARTESIAN_POINT('',(0.016,-0.00563,0.7239));
#15202=CARTESIAN_POINT('',(0.0175699919645713,-0.00562999196457129,0.7239));
#15203=CARTESIAN_POINT('',(0.016,-0.0061175,0.7239));
#15204=CARTESIAN_POINT('',(0.016,-0.0061175,0.));
#15205=CARTESIAN_POINT('',(0.016,-0.006605,0.));
#15206=CARTESIAN_POINT('',(0.016,-0.006605,0.7239));
#15207=CARTESIAN_POINT('',(0.016,-0.006605,0.7239));
#15208=CARTESIAN_POINT('',(0.016,-0.0061175,0.7239));
#15209=CARTESIAN_POINT('',(0.0162499887176516,-0.0066050112823484,0.7239));
#15210=CARTESIAN_POINT('',(0.0162499887176516,-0.0066050112823484,0.));
#15211=CARTESIAN_POINT('',(0.01625,-0.006855,0.));
#15212=CARTESIAN_POINT('',(0.01625,-0.006855,0.7239));
#15213=CARTESIAN_POINT('',(0.01625,-0.006855,0.7239));
#15214=CARTESIAN_POINT('',(0.0162499887176516,-0.0066050112823484,0.7239));
#15215=CARTESIAN_POINT('',(0.01675,-0.006855,0.7239));
#15216=CARTESIAN_POINT('',(0.01675,-0.006855,0.));
#15217=CARTESIAN_POINT('',(0.01725,-0.006855,0.));
#15218=CARTESIAN_POINT('',(0.01725,-0.006855,0.7239));
#15219=CARTESIAN_POINT('',(0.01725,-0.006855,0.7239));
#15220=CARTESIAN_POINT('',(0.01675,-0.006855,0.7239));
#15221=CARTESIAN_POINT('',(0.0172500112823484,-0.0071049887176516,0.7239));
#15222=CARTESIAN_POINT('',(0.0172500112823484,-0.0071049887176516,0.));
#15223=CARTESIAN_POINT('',(0.0175,-0.007105,0.));
#15224=CARTESIAN_POINT('',(0.0175,-0.007105,0.7239));
#15225=CARTESIAN_POINT('',(0.0175,-0.007105,0.7239));
#15226=CARTESIAN_POINT('',(0.0172500112823484,-0.0071049887176516,0.7239));
#15227=CARTESIAN_POINT('',(0.0175,-0.00806,0.7239));
#15228=CARTESIAN_POINT('',(0.0175,-0.00806,0.));
#15229=CARTESIAN_POINT('',(0.0175,-0.009015,0.));
#15230=CARTESIAN_POINT('',(0.0175,-0.009015,0.7239));
#15231=CARTESIAN_POINT('',(0.0175,-0.009015,0.7239));
#15232=CARTESIAN_POINT('',(0.0175,-0.00806,0.7239));
#15233=CARTESIAN_POINT('',(0.0162300149809907,-0.00901501498099075,0.7239));
#15234=CARTESIAN_POINT('',(0.0162300149809907,-0.00901501498099075,0.));
#15235=CARTESIAN_POINT('',(0.01623,-0.010285,0.));
#15236=CARTESIAN_POINT('',(0.01623,-0.010285,0.7239));
#15237=CARTESIAN_POINT('',(0.01623,-0.010285,0.7239));
#15238=CARTESIAN_POINT('',(0.0162300149809907,-0.00901501498099075,0.7239));
#15239=CARTESIAN_POINT('',(0.014223105,-0.010285,0.7239));
#15240=CARTESIAN_POINT('',(0.014223105,-0.010285,0.));
#15241=CARTESIAN_POINT('',(0.01221621,-0.010285,0.));
#15242=CARTESIAN_POINT('',(0.01221621,-0.010285,0.7239));
#15243=CARTESIAN_POINT('',(0.01221621,-0.010285,0.7239));
#15244=CARTESIAN_POINT('',(0.014223105,-0.010285,0.7239));
#15245=CARTESIAN_POINT('',(0.0122162387490702,-0.00939493076297674,0.7239));
#15246=CARTESIAN_POINT('',(0.0122162387490702,-0.00939493076297674,0.));
#15247=CARTESIAN_POINT('',(0.01158689,-0.01002433,0.));
#15248=CARTESIAN_POINT('',(0.01158689,-0.01002433,0.7239));
#15249=CARTESIAN_POINT('',(0.01158689,-0.01002433,0.7239));
#15250=CARTESIAN_POINT('',(0.0122162387490702,-0.00939493076297674,0.7239));
#15251=CARTESIAN_POINT('',(0.010331565,-0.008769005,0.7239));
#15252=CARTESIAN_POINT('',(0.010331565,-0.008769005,0.));
#15253=CARTESIAN_POINT('',(0.00907624,-0.00751368,0.));
#15254=CARTESIAN_POINT('',(0.00907624,-0.00751368,0.7239));
#15255=CARTESIAN_POINT('',(0.00907624,-0.00751368,0.7239));
#15256=CARTESIAN_POINT('',(0.010331565,-0.008769005,0.7239));
#15257=CARTESIAN_POINT('',(0.0124349838437808,-0.00415493227083162,0.7239));
#15258=CARTESIAN_POINT('',(0.0124349838437808,-0.00415493227083162,0.));
#15259=CARTESIAN_POINT('',(0.007685,-0.00415492,0.));
#15260=CARTESIAN_POINT('',(0.007685,-0.00415492,0.7239));
#15261=CARTESIAN_POINT('',(0.007685,-0.00415492,0.7239));
#15262=CARTESIAN_POINT('',(0.0124349838437808,-0.00415493227083162,0.7239));
#15263=CARTESIAN_POINT('',(0.007685,0.,0.7239));
#15264=CARTESIAN_POINT('',(0.007685,0.,0.));
#15265=CARTESIAN_POINT('',(0.007685,0.00415492,0.));
#15266=CARTESIAN_POINT('',(0.007685,0.00415492,0.7239));
#15267=CARTESIAN_POINT('',(0.007685,0.00415492,0.7239));
#15268=CARTESIAN_POINT('',(0.007685,0.,0.7239));
#15269=CARTESIAN_POINT('',(0.0124349838437808,0.00415493227083162,0.7239));
#15270=CARTESIAN_POINT('',(0.0124349838437808,0.00415493227083162,0.));
#15271=CARTESIAN_POINT('',(0.00907624,0.00751368,0.));
#15272=CARTESIAN_POINT('',(0.00907624,0.00751368,0.7239));
#15273=CARTESIAN_POINT('',(0.00907624,0.00751368,0.7239));
#15274=CARTESIAN_POINT('',(0.0124349838437808,0.00415493227083162,0.7239));
#15275=CARTESIAN_POINT('',(0.010331565,0.008769005,0.7239));
#15276=CARTESIAN_POINT('',(0.010331565,0.008769005,0.));
#15277=CARTESIAN_POINT('',(0.01158689,0.01002433,0.));
#15278=CARTESIAN_POINT('',(0.01158689,0.01002433,0.7239));
#15279=CARTESIAN_POINT('',(0.01158689,0.01002433,0.7239));
#15280=CARTESIAN_POINT('',(0.010331565,0.008769005,0.7239));
#15281=CARTESIAN_POINT('',(0.0122162387490702,0.00939493076297674,0.7239));
#15282=CARTESIAN_POINT('',(0.0122162387490702,0.00939493076297674,0.));
#15283=CARTESIAN_POINT('',(0.01221621,0.010285,0.));
#15284=CARTESIAN_POINT('',(0.01221621,0.010285,0.7239));
#15285=CARTESIAN_POINT('',(0.01221621,0.010285,0.7239));
#15286=CARTESIAN_POINT('',(0.0122162387490702,0.00939493076297674,0.7239));
#15287=CARTESIAN_POINT('',(0.014223105,0.010285,0.7239));
#15288=CARTESIAN_POINT('',(0.014223105,0.010285,0.));
#15289=CARTESIAN_POINT('',(0.01623,0.010285,0.));
#15290=CARTESIAN_POINT('',(0.01623,0.010285,0.7239));
#15291=CARTESIAN_POINT('',(0.01623,0.010285,0.7239));
#15292=CARTESIAN_POINT('',(0.014223105,0.010285,0.7239));
#15293=CARTESIAN_POINT('',(0.0162300149809907,0.00901501498099075,0.7239));
#15294=CARTESIAN_POINT('',(0.0162300149809907,0.00901501498099075,0.));
#15295=CARTESIAN_POINT('',(0.0175,0.009015,0.));
#15296=CARTESIAN_POINT('',(0.0175,0.009015,0.7239));
#15297=CARTESIAN_POINT('',(0.0175,0.009015,0.7239));
#15298=CARTESIAN_POINT('',(0.0162300149809907,0.00901501498099075,0.7239));
#15299=CARTESIAN_POINT('',(0.0175,0.00806,0.7239));
#15300=CARTESIAN_POINT('',(0.0175,0.00806,0.));
#15301=CARTESIAN_POINT('',(0.0175,0.007105,0.));
#15302=CARTESIAN_POINT('',(0.0175,0.007105,0.7239));
#15303=CARTESIAN_POINT('',(0.0175,0.007105,0.7239));
#15304=CARTESIAN_POINT('',(0.0175,0.00806,0.7239));
#15305=CARTESIAN_POINT('',(0.0172500112823484,0.0071049887176516,0.7239));
#15306=CARTESIAN_POINT('',(0.0172500112823484,0.0071049887176516,0.));
#15307=CARTESIAN_POINT('',(0.01725,0.006855,0.));
#15308=CARTESIAN_POINT('',(0.01725,0.006855,0.7239));
#15309=CARTESIAN_POINT('',(0.01725,0.006855,0.7239));
#15310=CARTESIAN_POINT('',(0.0172500112823484,0.0071049887176516,0.7239));
#15311=CARTESIAN_POINT('',(0.01675,0.006855,0.7239));
#15312=CARTESIAN_POINT('',(0.01675,0.006855,0.));
#15313=CARTESIAN_POINT('',(0.01625,0.006855,0.));
#15314=CARTESIAN_POINT('',(0.01625,0.006855,0.7239));
#15315=CARTESIAN_POINT('',(0.01625,0.006855,0.7239));
#15316=CARTESIAN_POINT('',(0.01675,0.006855,0.7239));
#15317=CARTESIAN_POINT('',(0.0162499887176516,0.0066050112823484,0.7239));
#15318=CARTESIAN_POINT('',(0.0162499887176516,0.0066050112823484,0.));
#15319=CARTESIAN_POINT('',(0.016,0.006605,0.));
#15320=CARTESIAN_POINT('',(0.016,0.006605,0.7239));
#15321=CARTESIAN_POINT('',(0.016,0.006605,0.7239));
#15322=CARTESIAN_POINT('',(0.0162499887176516,0.0066050112823484,0.7239));
#15323=CARTESIAN_POINT('',(0.016,0.0061175,0.7239));
#15324=CARTESIAN_POINT('',(0.016,0.0061175,0.));
#15325=CARTESIAN_POINT('',(0.016,0.00563,0.));
#15326=CARTESIAN_POINT('',(0.016,0.00563,0.7239));
#15327=CARTESIAN_POINT('',(0.016,0.00563,0.7239));
#15328=CARTESIAN_POINT('',(0.016,0.0061175,0.7239));
#15329=CARTESIAN_POINT('',(0.0175699919645713,0.00562999196457129,0.7239));
#15330=CARTESIAN_POINT('',(0.0175699919645713,0.00562999196457129,0.));
#15331=CARTESIAN_POINT('',(0.01757,0.00406,0.));
#15332=CARTESIAN_POINT('',(0.01757,0.00406,0.7239));
#15333=CARTESIAN_POINT('',(0.01757,0.00406,0.7239));
#15334=CARTESIAN_POINT('',(0.0175699919645713,0.00562999196457129,0.7239));
#15335=CARTESIAN_POINT('',(0.018,0.00406,0.7239));
#15336=CARTESIAN_POINT('',(0.018,0.00406,0.));
#15337=CARTESIAN_POINT('',(0.01843,0.00406,0.));
#15338=CARTESIAN_POINT('',(0.01843,0.00406,0.7239));
#15339=CARTESIAN_POINT('',(0.01843,0.00406,0.7239));
#15340=CARTESIAN_POINT('',(0.018,0.00406,0.7239));
#15341=CARTESIAN_POINT('',(0.0184300080354287,0.00562999196457129,0.7239));
#15342=CARTESIAN_POINT('',(0.0184300080354287,0.00562999196457129,0.));
#15343=CARTESIAN_POINT('',(0.02,0.00563,0.));
#15344=CARTESIAN_POINT('',(0.02,0.00563,0.7239));
#15345=CARTESIAN_POINT('',(0.02,0.00563,0.7239));
#15346=CARTESIAN_POINT('',(0.0184300080354287,0.00562999196457129,0.7239));
#15347=CARTESIAN_POINT('',(0.02,0.01123,0.7239));
#15348=CARTESIAN_POINT('',(0.02,0.01123,0.));
#15349=CARTESIAN_POINT('',(0.02,0.01683,0.));
#15350=CARTESIAN_POINT('',(0.02,0.01683,0.7239));
#15351=CARTESIAN_POINT('',(0.02,0.01683,0.7239));
#15352=CARTESIAN_POINT('',(0.02,0.01123,0.7239));
#15353=CARTESIAN_POINT('',(0.0168300051337334,0.0168300051337334,0.7239));
#15354=CARTESIAN_POINT('',(0.0168300051337334,0.0168300051337334,0.));
#15355=CARTESIAN_POINT('',(0.01683,0.02,0.));
#15356=CARTESIAN_POINT('',(0.01683,0.02,0.7239));
#15357=CARTESIAN_POINT('',(0.01683,0.02,0.7239));
#15358=CARTESIAN_POINT('',(0.0168300051337334,0.0168300051337334,0.7239));
#15359=CARTESIAN_POINT('',(0.01123,0.02,0.7239));
#15360=CARTESIAN_POINT('',(0.01123,0.02,0.));
#15361=CARTESIAN_POINT('',(0.00563,0.02,0.));
#15362=CARTESIAN_POINT('',(0.00563,0.02,0.7239));
#15363=CARTESIAN_POINT('',(0.00563,0.02,0.7239));
#15364=CARTESIAN_POINT('',(0.01123,0.02,0.7239));
#15365=CARTESIAN_POINT('',(0.00562999196457129,0.0184300080354287,0.7239));
#15366=CARTESIAN_POINT('',(0.00562999196457129,0.0184300080354287,0.));
#15367=CARTESIAN_POINT('',(0.00406,0.01843,0.));
#15368=CARTESIAN_POINT('',(0.00406,0.01843,0.7239));
#15369=CARTESIAN_POINT('',(0.00406,0.01843,0.7239));
#15370=CARTESIAN_POINT('',(0.00562999196457129,0.0184300080354287,0.7239));
#15371=CARTESIAN_POINT('',(0.00406,0.018,0.7239));
#15372=CARTESIAN_POINT('',(0.00406,0.018,0.));
#15373=CARTESIAN_POINT('',(0.00406,0.01757,0.));
#15374=CARTESIAN_POINT('',(0.00406,0.01757,0.7239));
#15375=CARTESIAN_POINT('',(0.00406,0.01757,0.7239));
#15376=CARTESIAN_POINT('',(0.00406,0.018,0.7239));
#15377=CARTESIAN_POINT('',(0.00562999196457129,0.0175699919645713,0.7239));
#15378=CARTESIAN_POINT('',(0.00562999196457129,0.0175699919645713,0.));
#15379=CARTESIAN_POINT('',(0.00563,0.016,0.));
#15380=CARTESIAN_POINT('',(0.00563,0.016,0.7239));
#15381=CARTESIAN_POINT('',(0.00563,0.016,0.7239));
#15382=CARTESIAN_POINT('',(0.00562999196457129,0.0175699919645713,0.7239));
#15383=CARTESIAN_POINT('',(0.0061175,0.016,0.7239));
#15384=CARTESIAN_POINT('',(0.0061175,0.016,0.));
#15385=CARTESIAN_POINT('',(0.006605,0.016,0.));
#15386=CARTESIAN_POINT('',(0.006605,0.016,0.7239));
#15387=CARTESIAN_POINT('',(0.006605,0.016,0.7239));
#15388=CARTESIAN_POINT('',(0.0061175,0.016,0.7239));
#15389=CARTESIAN_POINT('',(0.0066050112823484,0.0162499887176516,0.7239));
#15390=CARTESIAN_POINT('',(0.0066050112823484,0.0162499887176516,0.));
#15391=CARTESIAN_POINT('',(0.006855,0.01625,0.));
#15392=CARTESIAN_POINT('',(0.006855,0.01625,0.7239));
#15393=CARTESIAN_POINT('',(0.006855,0.01625,0.7239));
#15394=CARTESIAN_POINT('',(0.0066050112823484,0.0162499887176516,0.7239));
#15395=CARTESIAN_POINT('',(0.006855,0.01675,0.7239));
#15396=CARTESIAN_POINT('',(0.006855,0.01675,0.));
#15397=CARTESIAN_POINT('',(0.006855,0.01725,0.));
#15398=CARTESIAN_POINT('',(0.006855,0.01725,0.7239));
#15399=CARTESIAN_POINT('',(0.006855,0.01725,0.7239));
#15400=CARTESIAN_POINT('',(0.006855,0.01675,0.7239));
#15401=CARTESIAN_POINT('',(0.0071049887176516,0.0172500112823484,0.7239));
#15402=CARTESIAN_POINT('',(0.0071049887176516,0.0172500112823484,0.));
#15403=CARTESIAN_POINT('',(0.007105,0.0175,0.));
#15404=CARTESIAN_POINT('',(0.007105,0.0175,0.7239));
#15405=CARTESIAN_POINT('',(0.007105,0.0175,0.7239));
#15406=CARTESIAN_POINT('',(0.0071049887176516,0.0172500112823484,0.7239));
#15407=CARTESIAN_POINT('',(0.00806,0.0175,0.7239));
#15408=CARTESIAN_POINT('',(0.00806,0.0175,0.));
#15409=CARTESIAN_POINT('',(0.009015,0.0175,0.));
#15410=CARTESIAN_POINT('',(0.009015,0.0175,0.7239));
#15411=CARTESIAN_POINT('',(0.009015,0.0175,0.7239));
#15412=CARTESIAN_POINT('',(0.00806,0.0175,0.7239));
#15413=CARTESIAN_POINT('',(0.00901501498099075,0.0162300149809907,0.7239));
#15414=CARTESIAN_POINT('',(0.00901501498099075,0.0162300149809907,0.));
#15415=CARTESIAN_POINT('',(0.010285,0.01623,0.));
#15416=CARTESIAN_POINT('',(0.010285,0.01623,0.7239));
#15417=CARTESIAN_POINT('',(0.010285,0.01623,0.7239));
#15418=CARTESIAN_POINT('',(0.00901501498099075,0.0162300149809907,0.7239));
#15419=CARTESIAN_POINT('',(0.010285,0.014223105,0.7239));
#15420=CARTESIAN_POINT('',(0.010285,0.014223105,0.));
#15421=CARTESIAN_POINT('',(0.010285,0.01221621,0.));
#15422=CARTESIAN_POINT('',(0.010285,0.01221621,0.7239));
#15423=CARTESIAN_POINT('',(0.010285,0.01221621,0.7239));
#15424=CARTESIAN_POINT('',(0.010285,0.014223105,0.7239));
#15425=CARTESIAN_POINT('',(0.00939493076297674,0.0122162387490702,0.7239));
#15426=CARTESIAN_POINT('',(0.00939493076297674,0.0122162387490702,0.));
#15427=CARTESIAN_POINT('',(0.01002433,0.01158689,0.));
#15428=CARTESIAN_POINT('',(0.01002433,0.01158689,0.7239));
#15429=CARTESIAN_POINT('',(0.01002433,0.01158689,0.7239));
#15430=CARTESIAN_POINT('',(0.00939493076297674,0.0122162387490702,0.7239));
#15431=CARTESIAN_POINT('',(0.008769005,0.010331565,0.7239));
#15432=CARTESIAN_POINT('',(0.008769005,0.010331565,0.));
#15433=CARTESIAN_POINT('',(0.00751368,0.00907624,0.));
#15434=CARTESIAN_POINT('',(0.00751368,0.00907624,0.7239));
#15435=CARTESIAN_POINT('',(0.00751368,0.00907624,0.7239));
#15436=CARTESIAN_POINT('',(0.008769005,0.010331565,0.7239));
#15437=CARTESIAN_POINT('',(0.00415493227083162,0.0124349838437808,0.7239));
#15438=CARTESIAN_POINT('',(0.00415493227083162,0.0124349838437808,0.));
#15439=CARTESIAN_POINT('',(0.00415492,0.007685,0.));
#15440=CARTESIAN_POINT('',(0.00415492,0.007685,0.7239));
#15441=CARTESIAN_POINT('',(0.00415492,0.007685,0.7239));
#15442=CARTESIAN_POINT('',(0.00415493227083162,0.0124349838437808,0.7239));
#15443=CARTESIAN_POINT('',(0.,0.007685,0.7239));
#15444=CARTESIAN_POINT('',(0.,0.007685,0.));
#15445=CARTESIAN_POINT('',(-0.00415492,0.007685,0.));
#15446=CARTESIAN_POINT('',(-0.00415492,0.007685,0.7239));
#15447=CARTESIAN_POINT('',(-0.00415492,0.007685,0.7239));
#15448=CARTESIAN_POINT('',(0.,0.007685,0.7239));
#15449=CARTESIAN_POINT('',(-0.00415493227083162,0.0124349838437808,0.7239));
#15450=CARTESIAN_POINT('',(-0.00415493227083162,0.0124349838437808,0.));
#15451=CARTESIAN_POINT('',(-0.00751368,0.00907624,0.));
#15452=CARTESIAN_POINT('',(-0.00751368,0.00907624,0.7239));
#15453=CARTESIAN_POINT('',(-0.00751368,0.00907624,0.7239));
#15454=CARTESIAN_POINT('',(-0.00415493227083162,0.0124349838437808,0.7239));
#15455=CARTESIAN_POINT('',(-0.008769005,0.010331565,0.7239));
#15456=CARTESIAN_POINT('',(-0.008769005,0.010331565,0.));
#15457=CARTESIAN_POINT('',(-0.01002433,0.01158689,0.));
#15458=CARTESIAN_POINT('',(-0.01002433,0.01158689,0.7239));
#15459=CARTESIAN_POINT('',(-0.01002433,0.01158689,0.7239));
#15460=CARTESIAN_POINT('',(-0.008769005,0.010331565,0.7239));
#15461=CARTESIAN_POINT('',(-0.00939493076297674,0.0122162387490702,0.7239));
#15462=CARTESIAN_POINT('',(-0.00939493076297674,0.0122162387490702,0.));
#15463=CARTESIAN_POINT('',(-0.010285,0.01221621,0.));
#15464=CARTESIAN_POINT('',(-0.010285,0.01221621,0.7239));
#15465=CARTESIAN_POINT('',(-0.010285,0.01221621,0.7239));
#15466=CARTESIAN_POINT('',(-0.00939493076297674,0.0122162387490702,0.7239));
#15467=CARTESIAN_POINT('',(-0.010285,0.014223105,0.7239));
#15468=CARTESIAN_POINT('',(-0.010285,0.014223105,0.));
#15469=CARTESIAN_POINT('',(-0.010285,0.01623,0.));
#15470=CARTESIAN_POINT('',(-0.010285,0.01623,0.7239));
#15471=CARTESIAN_POINT('',(-0.010285,0.01623,0.7239));
#15472=CARTESIAN_POINT('',(-0.010285,0.014223105,0.7239));
#15473=CARTESIAN_POINT('',(-0.00901501498099075,0.0162300149809907,0.7239));
#15474=CARTESIAN_POINT('',(-0.00901501498099075,0.0162300149809907,0.));
#15475=CARTESIAN_POINT('',(-0.009015,0.0175,0.));
#15476=CARTESIAN_POINT('',(-0.009015,0.0175,0.7239));
#15477=CARTESIAN_POINT('',(-0.009015,0.0175,0.7239));
#15478=CARTESIAN_POINT('',(-0.00901501498099075,0.0162300149809907,0.7239));
#15479=CARTESIAN_POINT('',(-0.00806,0.0175,0.7239));
#15480=CARTESIAN_POINT('',(-0.00806,0.0175,0.));
#15481=CARTESIAN_POINT('',(-0.007105,0.0175,0.));
#15482=CARTESIAN_POINT('',(-0.007105,0.0175,0.7239));
#15483=CARTESIAN_POINT('',(-0.007105,0.0175,0.7239));
#15484=CARTESIAN_POINT('',(-0.00806,0.0175,0.7239));
#15485=CARTESIAN_POINT('',(-0.0071049887176516,0.0172500112823484,0.7239));
#15486=CARTESIAN_POINT('',(-0.0071049887176516,0.0172500112823484,0.));
#15487=CARTESIAN_POINT('',(-0.006855,0.01725,0.));
#15488=CARTESIAN_POINT('',(-0.006855,0.01725,0.7239));
#15489=CARTESIAN_POINT('',(-0.006855,0.01725,0.7239));
#15490=CARTESIAN_POINT('',(-0.0071049887176516,0.0172500112823484,0.7239));
#15491=CARTESIAN_POINT('',(-0.006855,0.01675,0.7239));
#15492=CARTESIAN_POINT('',(-0.006855,0.01675,0.));
#15493=CARTESIAN_POINT('',(-0.006855,0.01625,0.));
#15494=CARTESIAN_POINT('',(-0.006855,0.01625,0.7239));
#15495=CARTESIAN_POINT('',(-0.006855,0.01625,0.7239));
#15496=CARTESIAN_POINT('',(-0.006855,0.01675,0.7239));
#15497=CARTESIAN_POINT('',(-0.0066050112823484,0.0162499887176516,0.7239));
#15498=CARTESIAN_POINT('',(-0.0066050112823484,0.0162499887176516,0.));
#15499=CARTESIAN_POINT('',(-0.006605,0.016,0.));
#15500=CARTESIAN_POINT('',(-0.006605,0.016,0.7239));
#15501=CARTESIAN_POINT('',(-0.006605,0.016,0.7239));
#15502=CARTESIAN_POINT('',(-0.0066050112823484,0.0162499887176516,0.7239));
#15503=CARTESIAN_POINT('',(-0.0061175,0.016,0.7239));
#15504=CARTESIAN_POINT('',(-0.0061175,0.016,0.));
#15505=CARTESIAN_POINT('',(-0.00563,0.016,0.));
#15506=CARTESIAN_POINT('',(-0.00563,0.016,0.7239));
#15507=CARTESIAN_POINT('',(-0.00563,0.016,0.7239));
#15508=CARTESIAN_POINT('',(-0.0061175,0.016,0.7239));
#15509=CARTESIAN_POINT('',(0.0155450034574927,-0.0155450034574927,0.7239));
#15510=CARTESIAN_POINT('',(0.0155450034574927,-0.0155450034574927,0.));
#15511=CARTESIAN_POINT('',(0.015545,-0.018345,0.));
#15512=CARTESIAN_POINT('',(0.018345,-0.015545,0.));
#15513=CARTESIAN_POINT('',(0.015545,-0.018345,0.7239));
#15514=CARTESIAN_POINT('',(0.015545,-0.018345,0.7239));
#15515=CARTESIAN_POINT('',(0.0155450034574927,-0.0155450034574927,0.7239));
#15516=CARTESIAN_POINT('',(0.018345,-0.015545,0.7239));
#15517=CARTESIAN_POINT('',(0.018345,-0.015545,0.7239));
#15518=CARTESIAN_POINT('',(0.0140174,-0.018345,0.7239));
#15519=CARTESIAN_POINT('',(0.0140174,-0.018345,0.));
#15520=CARTESIAN_POINT('',(0.0124898,-0.018345,0.));
#15521=CARTESIAN_POINT('',(0.0124898,-0.018345,0.7239));
#15522=CARTESIAN_POINT('',(0.0124898,-0.018345,0.7239));
#15523=CARTESIAN_POINT('',(0.0140174,-0.018345,0.7239));
#15524=CARTESIAN_POINT('',(0.0124897906866953,-0.0177150093133047,0.7239));
#15525=CARTESIAN_POINT('',(0.0124897906866953,-0.0177150093133047,0.));
#15526=CARTESIAN_POINT('',(0.0118598,-0.017715,0.));
#15527=CARTESIAN_POINT('',(0.0118598,-0.017715,0.7239));
#15528=CARTESIAN_POINT('',(0.0118598,-0.017715,0.7239));
#15529=CARTESIAN_POINT('',(0.0124897906866953,-0.0177150093133047,0.7239));
#15530=CARTESIAN_POINT('',(0.0118598,-0.0154224,0.7239));
#15531=CARTESIAN_POINT('',(0.0118598,-0.0154224,0.));
#15532=CARTESIAN_POINT('',(0.0118598,-0.0131298,0.));
#15533=CARTESIAN_POINT('',(0.0118598,-0.0131298,0.7239));
#15534=CARTESIAN_POINT('',(0.0118598,-0.0131298,0.7239));
#15535=CARTESIAN_POINT('',(0.0118598,-0.0154224,0.7239));
#15536=CARTESIAN_POINT('',(0.0131297850190092,-0.0131297850190092,0.7239));
#15537=CARTESIAN_POINT('',(0.0131297850190092,-0.0131297850190092,0.));
#15538=CARTESIAN_POINT('',(0.0131298,-0.0118598,0.));
#15539=CARTESIAN_POINT('',(0.0131298,-0.0118598,0.7239));
#15540=CARTESIAN_POINT('',(0.0131298,-0.0118598,0.7239));
#15541=CARTESIAN_POINT('',(0.0131297850190092,-0.0131297850190092,0.7239));
#15542=CARTESIAN_POINT('',(0.0154224,-0.0118598,0.7239));
#15543=CARTESIAN_POINT('',(0.0154224,-0.0118598,0.));
#15544=CARTESIAN_POINT('',(0.017715,-0.0118598,0.));
#15545=CARTESIAN_POINT('',(0.017715,-0.0118598,0.7239));
#15546=CARTESIAN_POINT('',(0.017715,-0.0118598,0.7239));
#15547=CARTESIAN_POINT('',(0.0154224,-0.0118598,0.7239));
#15548=CARTESIAN_POINT('',(0.0177150093133047,-0.0124897906866953,0.7239));
#15549=CARTESIAN_POINT('',(0.0177150093133047,-0.0124897906866953,0.));
#15550=CARTESIAN_POINT('',(0.018345,-0.0124898,0.));
#15551=CARTESIAN_POINT('',(0.018345,-0.0124898,0.7239));
#15552=CARTESIAN_POINT('',(0.018345,-0.0124898,0.7239));
#15553=CARTESIAN_POINT('',(0.0177150093133047,-0.0124897906866953,0.7239));
#15554=CARTESIAN_POINT('',(-0.0155450034574927,-0.0155450034574927,0.7239));
#15555=CARTESIAN_POINT('',(-0.0155450034574927,-0.0155450034574927,0.));
#15556=CARTESIAN_POINT('',(-0.018345,-0.015545,0.));
#15557=CARTESIAN_POINT('',(-0.015545,-0.018345,0.));
#15558=CARTESIAN_POINT('',(-0.018345,-0.015545,0.7239));
#15559=CARTESIAN_POINT('',(-0.018345,-0.015545,0.7239));
#15560=CARTESIAN_POINT('',(-0.0155450034574927,-0.0155450034574927,0.7239));
#15561=CARTESIAN_POINT('',(-0.015545,-0.018345,0.7239));
#15562=CARTESIAN_POINT('',(-0.015545,-0.018345,0.7239));
#15563=CARTESIAN_POINT('',(-0.018345,-0.0140174,0.7239));
#15564=CARTESIAN_POINT('',(-0.018345,-0.0140174,0.));
#15565=CARTESIAN_POINT('',(-0.018345,-0.0124898,0.));
#15566=CARTESIAN_POINT('',(-0.018345,-0.0124898,0.7239));
#15567=CARTESIAN_POINT('',(-0.018345,-0.0124898,0.7239));
#15568=CARTESIAN_POINT('',(-0.018345,-0.0140174,0.7239));
#15569=CARTESIAN_POINT('',(-0.0177150093133047,-0.0124897906866953,0.7239));
#15570=CARTESIAN_POINT('',(-0.0177150093133047,-0.0124897906866953,0.));
#15571=CARTESIAN_POINT('',(-0.017715,-0.0118598,0.));
#15572=CARTESIAN_POINT('',(-0.017715,-0.0118598,0.7239));
#15573=CARTESIAN_POINT('',(-0.017715,-0.0118598,0.7239));
#15574=CARTESIAN_POINT('',(-0.0177150093133047,-0.0124897906866953,0.7239));
#15575=CARTESIAN_POINT('',(-0.0154224,-0.0118598,0.7239));
#15576=CARTESIAN_POINT('',(-0.0154224,-0.0118598,0.));
#15577=CARTESIAN_POINT('',(-0.0131298,-0.0118598,0.));
#15578=CARTESIAN_POINT('',(-0.0131298,-0.0118598,0.7239));
#15579=CARTESIAN_POINT('',(-0.0131298,-0.0118598,0.7239));
#15580=CARTESIAN_POINT('',(-0.0154224,-0.0118598,0.7239));
#15581=CARTESIAN_POINT('',(-0.0131297850190092,-0.0131297850190092,0.7239));
#15582=CARTESIAN_POINT('',(-0.0131297850190092,-0.0131297850190092,0.));
#15583=CARTESIAN_POINT('',(-0.0118598,-0.0131298,0.));
#15584=CARTESIAN_POINT('',(-0.0118598,-0.0131298,0.7239));
#15585=CARTESIAN_POINT('',(-0.0118598,-0.0131298,0.7239));
#15586=CARTESIAN_POINT('',(-0.0131297850190092,-0.0131297850190092,0.7239));
#15587=CARTESIAN_POINT('',(-0.0118598,-0.0154224,0.7239));
#15588=CARTESIAN_POINT('',(-0.0118598,-0.0154224,0.));
#15589=CARTESIAN_POINT('',(-0.0118598,-0.017715,0.));
#15590=CARTESIAN_POINT('',(-0.0118598,-0.017715,0.7239));
#15591=CARTESIAN_POINT('',(-0.0118598,-0.017715,0.7239));
#15592=CARTESIAN_POINT('',(-0.0118598,-0.0154224,0.7239));
#15593=CARTESIAN_POINT('',(-0.0124897906866953,-0.0177150093133047,0.7239));
#15594=CARTESIAN_POINT('',(-0.0124897906866953,-0.0177150093133047,0.));
#15595=CARTESIAN_POINT('',(-0.0124898,-0.018345,0.));
#15596=CARTESIAN_POINT('',(-0.0124898,-0.018345,0.7239));
#15597=CARTESIAN_POINT('',(-0.0124898,-0.018345,0.7239));
#15598=CARTESIAN_POINT('',(-0.0124897906866953,-0.0177150093133047,0.7239));
#15599=CARTESIAN_POINT('',(0.0155450034574927,0.0155450034574927,0.7239));
#15600=CARTESIAN_POINT('',(0.0155450034574927,0.0155450034574927,0.));
#15601=CARTESIAN_POINT('',(0.018345,0.015545,0.));
#15602=CARTESIAN_POINT('',(0.015545,0.018345,0.));
#15603=CARTESIAN_POINT('',(0.018345,0.015545,0.7239));
#15604=CARTESIAN_POINT('',(0.018345,0.015545,0.7239));
#15605=CARTESIAN_POINT('',(0.0155450034574927,0.0155450034574927,0.7239));
#15606=CARTESIAN_POINT('',(0.015545,0.018345,0.7239));
#15607=CARTESIAN_POINT('',(0.015545,0.018345,0.7239));
#15608=CARTESIAN_POINT('',(0.018345,0.0140174,0.7239));
#15609=CARTESIAN_POINT('',(0.018345,0.0140174,0.));
#15610=CARTESIAN_POINT('',(0.018345,0.0124898,0.));
#15611=CARTESIAN_POINT('',(0.018345,0.0124898,0.7239));
#15612=CARTESIAN_POINT('',(0.018345,0.0124898,0.7239));
#15613=CARTESIAN_POINT('',(0.018345,0.0140174,0.7239));
#15614=CARTESIAN_POINT('',(0.0177150093133047,0.0124897906866953,0.7239));
#15615=CARTESIAN_POINT('',(0.0177150093133047,0.0124897906866953,0.));
#15616=CARTESIAN_POINT('',(0.017715,0.0118598,0.));
#15617=CARTESIAN_POINT('',(0.017715,0.0118598,0.7239));
#15618=CARTESIAN_POINT('',(0.017715,0.0118598,0.7239));
#15619=CARTESIAN_POINT('',(0.0177150093133047,0.0124897906866953,0.7239));
#15620=CARTESIAN_POINT('',(0.0154224,0.0118598,0.7239));
#15621=CARTESIAN_POINT('',(0.0154224,0.0118598,0.));
#15622=CARTESIAN_POINT('',(0.0131298,0.0118598,0.));
#15623=CARTESIAN_POINT('',(0.0131298,0.0118598,0.7239));
#15624=CARTESIAN_POINT('',(0.0131298,0.0118598,0.7239));
#15625=CARTESIAN_POINT('',(0.0154224,0.0118598,0.7239));
#15626=CARTESIAN_POINT('',(0.0131297850190092,0.0131297850190092,0.7239));
#15627=CARTESIAN_POINT('',(0.0131297850190092,0.0131297850190092,0.));
#15628=CARTESIAN_POINT('',(0.0118598,0.0131298,0.));
#15629=CARTESIAN_POINT('',(0.0118598,0.0131298,0.7239));
#15630=CARTESIAN_POINT('',(0.0118598,0.0131298,0.7239));
#15631=CARTESIAN_POINT('',(0.0131297850190092,0.0131297850190092,0.7239));
#15632=CARTESIAN_POINT('',(0.0118598,0.0154224,0.7239));
#15633=CARTESIAN_POINT('',(0.0118598,0.0154224,0.));
#15634=CARTESIAN_POINT('',(0.0118598,0.017715,0.));
#15635=CARTESIAN_POINT('',(0.0118598,0.017715,0.7239));
#15636=CARTESIAN_POINT('',(0.0118598,0.017715,0.7239));
#15637=CARTESIAN_POINT('',(0.0118598,0.0154224,0.7239));
#15638=CARTESIAN_POINT('',(0.0124897906866953,0.0177150093133047,0.7239));
#15639=CARTESIAN_POINT('',(0.0124897906866953,0.0177150093133047,0.));
#15640=CARTESIAN_POINT('',(0.0124898,0.018345,0.));
#15641=CARTESIAN_POINT('',(0.0124898,0.018345,0.7239));
#15642=CARTESIAN_POINT('',(0.0124898,0.018345,0.7239));
#15643=CARTESIAN_POINT('',(0.0124897906866953,0.0177150093133047,0.7239));
#15644=CARTESIAN_POINT('',(-0.0155450034574927,0.0155450034574927,0.7239));
#15645=CARTESIAN_POINT('',(-0.0155450034574927,0.0155450034574927,0.));
#15646=CARTESIAN_POINT('',(-0.015545,0.018345,0.));
#15647=CARTESIAN_POINT('',(-0.018345,0.015545,0.));
#15648=CARTESIAN_POINT('',(-0.015545,0.018345,0.7239));
#15649=CARTESIAN_POINT('',(-0.015545,0.018345,0.7239));
#15650=CARTESIAN_POINT('',(-0.0155450034574927,0.0155450034574927,0.7239));
#15651=CARTESIAN_POINT('',(-0.018345,0.015545,0.7239));
#15652=CARTESIAN_POINT('',(-0.018345,0.015545,0.7239));
#15653=CARTESIAN_POINT('',(-0.0140174,0.018345,0.7239));
#15654=CARTESIAN_POINT('',(-0.0140174,0.018345,0.));
#15655=CARTESIAN_POINT('',(-0.0124898,0.018345,0.));
#15656=CARTESIAN_POINT('',(-0.0124898,0.018345,0.7239));
#15657=CARTESIAN_POINT('',(-0.0124898,0.018345,0.7239));
#15658=CARTESIAN_POINT('',(-0.0140174,0.018345,0.7239));
#15659=CARTESIAN_POINT('',(-0.0124897906866953,0.0177150093133047,0.7239));
#15660=CARTESIAN_POINT('',(-0.0124897906866953,0.0177150093133047,0.));
#15661=CARTESIAN_POINT('',(-0.0118598,0.017715,0.));
#15662=CARTESIAN_POINT('',(-0.0118598,0.017715,0.7239));
#15663=CARTESIAN_POINT('',(-0.0118598,0.017715,0.7239));
#15664=CARTESIAN_POINT('',(-0.0124897906866953,0.0177150093133047,0.7239));
#15665=CARTESIAN_POINT('',(-0.0118598,0.0154224,0.7239));
#15666=CARTESIAN_POINT('',(-0.0118598,0.0154224,0.));
#15667=CARTESIAN_POINT('',(-0.0118598,0.0131298,0.));
#15668=CARTESIAN_POINT('',(-0.0118598,0.0131298,0.7239));
#15669=CARTESIAN_POINT('',(-0.0118598,0.0131298,0.7239));
#15670=CARTESIAN_POINT('',(-0.0118598,0.0154224,0.7239));
#15671=CARTESIAN_POINT('',(-0.0131297850190092,0.0131297850190092,0.7239));
#15672=CARTESIAN_POINT('',(-0.0131297850190092,0.0131297850190092,0.));
#15673=CARTESIAN_POINT('',(-0.0131298,0.0118598,0.));
#15674=CARTESIAN_POINT('',(-0.0131298,0.0118598,0.7239));
#15675=CARTESIAN_POINT('',(-0.0131298,0.0118598,0.7239));
#15676=CARTESIAN_POINT('',(-0.0131297850190092,0.0131297850190092,0.7239));
#15677=CARTESIAN_POINT('',(-0.0154224,0.0118598,0.7239));
#15678=CARTESIAN_POINT('',(-0.0154224,0.0118598,0.));
#15679=CARTESIAN_POINT('',(-0.017715,0.0118598,0.));
#15680=CARTESIAN_POINT('',(-0.017715,0.0118598,0.7239));
#15681=CARTESIAN_POINT('',(-0.017715,0.0118598,0.7239));
#15682=CARTESIAN_POINT('',(-0.0154224,0.0118598,0.7239));
#15683=CARTESIAN_POINT('',(-0.0177150093133047,0.0124897906866953,0.7239));
#15684=CARTESIAN_POINT('',(-0.0177150093133047,0.0124897906866953,0.));
#15685=CARTESIAN_POINT('',(-0.018345,0.0124898,0.));
#15686=CARTESIAN_POINT('',(-0.018345,0.0124898,0.7239));
#15687=CARTESIAN_POINT('',(-0.018345,0.0124898,0.7239));
#15688=CARTESIAN_POINT('',(-0.0177150093133047,0.0124897906866953,0.7239));
#15689=CARTESIAN_POINT('',(-0.00494974616896952,-0.00494974616896952,0.7239));
#15690=CARTESIAN_POINT('',(-0.00494974616896952,-0.00494974616896952,0.));
#15691=CARTESIAN_POINT('',(-0.00543931,-0.00484812,0.));
#15692=CARTESIAN_POINT('',(-0.00484812,-0.00543931,0.));
#15693=CARTESIAN_POINT('',(-0.00543931,-0.00484812,0.7239));
#15694=CARTESIAN_POINT('',(-0.00543931,-0.00484812,0.7239));
#15695=CARTESIAN_POINT('',(-0.00494974616896952,-0.00494974616896952,0.7239));
#15696=CARTESIAN_POINT('',(-0.00484812,-0.00543931,0.7239));
#15697=CARTESIAN_POINT('',(-0.00484812,-0.00543931,0.7239));
#15698=CARTESIAN_POINT('',(-0.00528278,-0.00428008,0.7239));
#15699=CARTESIAN_POINT('',(-0.00528278,-0.00428008,0.));
#15700=CARTESIAN_POINT('',(-0.00512625,-0.00371204,0.));
#15701=CARTESIAN_POINT('',(-0.00512625,-0.00371204,0.7239));
#15702=CARTESIAN_POINT('',(-0.00512625,-0.00371204,0.7239));
#15703=CARTESIAN_POINT('',(-0.00528278,-0.00428008,0.7239));
#15704=CARTESIAN_POINT('',(-0.00406559,-0.00265138,0.7239));
#15705=CARTESIAN_POINT('',(-0.00406559,-0.00265138,0.));
#15706=CARTESIAN_POINT('',(-0.00300493,-0.00159072,0.));
#15707=CARTESIAN_POINT('',(-0.00300493,-0.00159072,0.7239));
#15708=CARTESIAN_POINT('',(-0.00300493,-0.00159072,0.7239));
#15709=CARTESIAN_POINT('',(-0.00406559,-0.00265138,0.7239));
#15710=CARTESIAN_POINT('',(-3.51575011169752E-8,-1.45409625470052E-8,0.7239));
#15711=CARTESIAN_POINT('',(-3.51575011169752E-8,-1.45409625470052E-8,0.));
#15712=CARTESIAN_POINT('',(-0.00334206,-0.000625,0.));
#15713=CARTESIAN_POINT('',(-0.00334206,-0.000625,0.7239));
#15714=CARTESIAN_POINT('',(-0.00334206,-0.000625,0.7239));
#15715=CARTESIAN_POINT('',(-3.51575011169752E-8,-1.45409625470052E-8,0.7239));
#15716=CARTESIAN_POINT('',(-0.00371485,-0.00055863,0.7239));
#15717=CARTESIAN_POINT('',(-0.00371485,-0.00055863,0.));
#15718=CARTESIAN_POINT('',(-0.00408764,-0.00049226,0.));
#15719=CARTESIAN_POINT('',(-0.00408764,-0.00049226,0.7239));
#15720=CARTESIAN_POINT('',(-0.00408764,-0.00049226,0.7239));
#15721=CARTESIAN_POINT('',(-0.00371485,-0.00055863,0.7239));
#15722=CARTESIAN_POINT('',(-0.00399999917887283,-5.42101086242752E-20,0.7239));
#15723=CARTESIAN_POINT('',(-0.00399999917887283,-5.42101086242752E-20,0.));
#15724=CARTESIAN_POINT('',(-0.00408764,0.00049226,0.));
#15725=CARTESIAN_POINT('',(-0.00408764,0.00049226,0.7239));
#15726=CARTESIAN_POINT('',(-0.00408764,0.00049226,0.7239));
#15727=CARTESIAN_POINT('',(-0.00399999917887283,-5.42101086242752E-20,0.7239));
#15728=CARTESIAN_POINT('',(-0.00371485,0.00055863,0.7239));
#15729=CARTESIAN_POINT('',(-0.00371485,0.00055863,0.));
#15730=CARTESIAN_POINT('',(-0.00334206,0.000625,0.));
#15731=CARTESIAN_POINT('',(-0.00334206,0.000625,0.7239));
#15732=CARTESIAN_POINT('',(-0.00334206,0.000625,0.7239));
#15733=CARTESIAN_POINT('',(-0.00371485,0.00055863,0.7239));
#15734=CARTESIAN_POINT('',(-3.51575011169752E-8,1.45409625471136E-8,0.7239));
#15735=CARTESIAN_POINT('',(-3.51575011169752E-8,1.45409625471136E-8,0.));
#15736=CARTESIAN_POINT('',(-0.00300493,0.00159072,0.));
#15737=CARTESIAN_POINT('',(-0.00300493,0.00159072,0.7239));
#15738=CARTESIAN_POINT('',(-0.00300493,0.00159072,0.7239));
#15739=CARTESIAN_POINT('',(-3.51575011169752E-8,1.45409625471136E-8,0.7239));
#15740=CARTESIAN_POINT('',(-0.00406559,0.00265138,0.7239));
#15741=CARTESIAN_POINT('',(-0.00406559,0.00265138,0.));
#15742=CARTESIAN_POINT('',(-0.00512625,0.00371204,0.));
#15743=CARTESIAN_POINT('',(-0.00512625,0.00371204,0.7239));
#15744=CARTESIAN_POINT('',(-0.00512625,0.00371204,0.7239));
#15745=CARTESIAN_POINT('',(-0.00406559,0.00265138,0.7239));
#15746=CARTESIAN_POINT('',(-0.00528278,0.00428008,0.7239));
#15747=CARTESIAN_POINT('',(-0.00528278,0.00428008,0.));
#15748=CARTESIAN_POINT('',(-0.00543931,0.00484812,0.));
#15749=CARTESIAN_POINT('',(-0.00543931,0.00484812,0.7239));
#15750=CARTESIAN_POINT('',(-0.00543931,0.00484812,0.7239));
#15751=CARTESIAN_POINT('',(-0.00528278,0.00428008,0.7239));
#15752=CARTESIAN_POINT('',(-0.00494974616896952,0.00494974616896952,0.7239));
#15753=CARTESIAN_POINT('',(-0.00494974616896952,0.00494974616896952,0.));
#15754=CARTESIAN_POINT('',(-0.00484812,0.00543931,0.));
#15755=CARTESIAN_POINT('',(-0.00484812,0.00543931,0.7239));
#15756=CARTESIAN_POINT('',(-0.00484812,0.00543931,0.7239));
#15757=CARTESIAN_POINT('',(-0.00494974616896952,0.00494974616896952,0.7239));
#15758=CARTESIAN_POINT('',(-0.00428008,0.00528278,0.7239));
#15759=CARTESIAN_POINT('',(-0.00428008,0.00528278,0.));
#15760=CARTESIAN_POINT('',(-0.00371204,0.00512625,0.));
#15761=CARTESIAN_POINT('',(-0.00371204,0.00512625,0.7239));
#15762=CARTESIAN_POINT('',(-0.00371204,0.00512625,0.7239));
#15763=CARTESIAN_POINT('',(-0.00428008,0.00528278,0.7239));
#15764=CARTESIAN_POINT('',(-0.00265138,0.00406559,0.7239));
#15765=CARTESIAN_POINT('',(-0.00265138,0.00406559,0.));
#15766=CARTESIAN_POINT('',(-0.00159072,0.00300493,0.));
#15767=CARTESIAN_POINT('',(-0.00159072,0.00300493,0.7239));
#15768=CARTESIAN_POINT('',(-0.00159072,0.00300493,0.7239));
#15769=CARTESIAN_POINT('',(-0.00265138,0.00406559,0.7239));
#15770=CARTESIAN_POINT('',(-1.45409625470052E-8,3.51575011169752E-8,0.7239));
#15771=CARTESIAN_POINT('',(-1.45409625470052E-8,3.51575011169752E-8,0.));
#15772=CARTESIAN_POINT('',(-0.000625,0.00334206,0.));
#15773=CARTESIAN_POINT('',(-0.000625,0.00334206,0.7239));
#15774=CARTESIAN_POINT('',(-0.000625,0.00334206,0.7239));
#15775=CARTESIAN_POINT('',(-1.45409625470052E-8,3.51575011169752E-8,0.7239));
#15776=CARTESIAN_POINT('',(-0.00055863,0.00371485,0.7239));
#15777=CARTESIAN_POINT('',(-0.00055863,0.00371485,0.));
#15778=CARTESIAN_POINT('',(-0.00049226,0.00408764,0.));
#15779=CARTESIAN_POINT('',(-0.00049226,0.00408764,0.7239));
#15780=CARTESIAN_POINT('',(-0.00049226,0.00408764,0.7239));
#15781=CARTESIAN_POINT('',(-0.00055863,0.00371485,0.7239));
#15782=CARTESIAN_POINT('',(-5.42101086242752E-20,0.00399999917887283,0.7239));
#15783=CARTESIAN_POINT('',(-5.42101086242752E-20,0.00399999917887283,0.));
#15784=CARTESIAN_POINT('',(0.00049226,0.00408764,0.));
#15785=CARTESIAN_POINT('',(0.00049226,0.00408764,0.7239));
#15786=CARTESIAN_POINT('',(0.00049226,0.00408764,0.7239));
#15787=CARTESIAN_POINT('',(-5.42101086242752E-20,0.00399999917887283,0.7239));
#15788=CARTESIAN_POINT('',(0.00055863,0.00371485,0.7239));
#15789=CARTESIAN_POINT('',(0.00055863,0.00371485,0.));
#15790=CARTESIAN_POINT('',(0.000625,0.00334206,0.));
#15791=CARTESIAN_POINT('',(0.000625,0.00334206,0.7239));
#15792=CARTESIAN_POINT('',(0.000625,0.00334206,0.7239));
#15793=CARTESIAN_POINT('',(0.00055863,0.00371485,0.7239));
#15794=CARTESIAN_POINT('',(1.45409625471136E-8,3.51575011169752E-8,0.7239));
#15795=CARTESIAN_POINT('',(1.45409625471136E-8,3.51575011169752E-8,0.));
#15796=CARTESIAN_POINT('',(0.00159072,0.00300493,0.));
#15797=CARTESIAN_POINT('',(0.00159072,0.00300493,0.7239));
#15798=CARTESIAN_POINT('',(0.00159072,0.00300493,0.7239));
#15799=CARTESIAN_POINT('',(1.45409625471136E-8,3.51575011169752E-8,0.7239));
#15800=CARTESIAN_POINT('',(0.00265138,0.00406559,0.7239));
#15801=CARTESIAN_POINT('',(0.00265138,0.00406559,0.));
#15802=CARTESIAN_POINT('',(0.00371204,0.00512625,0.));
#15803=CARTESIAN_POINT('',(0.00371204,0.00512625,0.7239));
#15804=CARTESIAN_POINT('',(0.00371204,0.00512625,0.7239));
#15805=CARTESIAN_POINT('',(0.00265138,0.00406559,0.7239));
#15806=CARTESIAN_POINT('',(0.00428008,0.00528278,0.7239));
#15807=CARTESIAN_POINT('',(0.00428008,0.00528278,0.));
#15808=CARTESIAN_POINT('',(0.00484812,0.00543931,0.));
#15809=CARTESIAN_POINT('',(0.00484812,0.00543931,0.7239));
#15810=CARTESIAN_POINT('',(0.00484812,0.00543931,0.7239));
#15811=CARTESIAN_POINT('',(0.00428008,0.00528278,0.7239));
#15812=CARTESIAN_POINT('',(0.00494974616896952,0.00494974616896952,0.7239));
#15813=CARTESIAN_POINT('',(0.00494974616896952,0.00494974616896952,0.));
#15814=CARTESIAN_POINT('',(0.00543931,0.00484812,0.));
#15815=CARTESIAN_POINT('',(0.00543931,0.00484812,0.7239));
#15816=CARTESIAN_POINT('',(0.00543931,0.00484812,0.7239));
#15817=CARTESIAN_POINT('',(0.00494974616896952,0.00494974616896952,0.7239));
#15818=CARTESIAN_POINT('',(0.00528278,0.00428008,0.7239));
#15819=CARTESIAN_POINT('',(0.00528278,0.00428008,0.));
#15820=CARTESIAN_POINT('',(0.00512625,0.00371204,0.));
#15821=CARTESIAN_POINT('',(0.00512625,0.00371204,0.7239));
#15822=CARTESIAN_POINT('',(0.00512625,0.00371204,0.7239));
#15823=CARTESIAN_POINT('',(0.00528278,0.00428008,0.7239));
#15824=CARTESIAN_POINT('',(0.00406559,0.00265138,0.7239));
#15825=CARTESIAN_POINT('',(0.00406559,0.00265138,0.));
#15826=CARTESIAN_POINT('',(0.00300493,0.00159072,0.));
#15827=CARTESIAN_POINT('',(0.00300493,0.00159072,0.7239));
#15828=CARTESIAN_POINT('',(0.00300493,0.00159072,0.7239));
#15829=CARTESIAN_POINT('',(0.00406559,0.00265138,0.7239));
#15830=CARTESIAN_POINT('',(3.51575011169752E-8,1.45409625470052E-8,0.7239));
#15831=CARTESIAN_POINT('',(3.51575011169752E-8,1.45409625470052E-8,0.));
#15832=CARTESIAN_POINT('',(0.00334206,0.000625,0.));
#15833=CARTESIAN_POINT('',(0.00334206,0.000625,0.7239));
#15834=CARTESIAN_POINT('',(0.00334206,0.000625,0.7239));
#15835=CARTESIAN_POINT('',(3.51575011169752E-8,1.45409625470052E-8,0.7239));
#15836=CARTESIAN_POINT('',(0.00371485,0.00055863,0.7239));
#15837=CARTESIAN_POINT('',(0.00371485,0.00055863,0.));
#15838=CARTESIAN_POINT('',(0.00408764,0.00049226,0.));
#15839=CARTESIAN_POINT('',(0.00408764,0.00049226,0.7239));
#15840=CARTESIAN_POINT('',(0.00408764,0.00049226,0.7239));
#15841=CARTESIAN_POINT('',(0.00371485,0.00055863,0.7239));
#15842=CARTESIAN_POINT('',(0.00399999917887283,5.42101086242752E-20,0.7239));
#15843=CARTESIAN_POINT('',(0.00399999917887283,5.42101086242752E-20,0.));
#15844=CARTESIAN_POINT('',(0.00408764,-0.00049226,0.));
#15845=CARTESIAN_POINT('',(0.00408764,-0.00049226,0.7239));
#15846=CARTESIAN_POINT('',(0.00408764,-0.00049226,0.7239));
#15847=CARTESIAN_POINT('',(0.00399999917887283,5.42101086242752E-20,0.7239));
#15848=CARTESIAN_POINT('',(0.00371485,-0.00055863,0.7239));
#15849=CARTESIAN_POINT('',(0.00371485,-0.00055863,0.));
#15850=CARTESIAN_POINT('',(0.00334206,-0.000625,0.));
#15851=CARTESIAN_POINT('',(0.00334206,-0.000625,0.7239));
#15852=CARTESIAN_POINT('',(0.00334206,-0.000625,0.7239));
#15853=CARTESIAN_POINT('',(0.00371485,-0.00055863,0.7239));
#15854=CARTESIAN_POINT('',(3.51575011169752E-8,-1.45409625471136E-8,0.7239));
#15855=CARTESIAN_POINT('',(3.51575011169752E-8,-1.45409625471136E-8,0.));
#15856=CARTESIAN_POINT('',(0.00300493,-0.00159072,0.));
#15857=CARTESIAN_POINT('',(0.00300493,-0.00159072,0.7239));
#15858=CARTESIAN_POINT('',(0.00300493,-0.00159072,0.7239));
#15859=CARTESIAN_POINT('',(3.51575011169752E-8,-1.45409625471136E-8,0.7239));
#15860=CARTESIAN_POINT('',(0.00406559,-0.00265138,0.7239));
#15861=CARTESIAN_POINT('',(0.00406559,-0.00265138,0.));
#15862=CARTESIAN_POINT('',(0.00512625,-0.00371204,0.));
#15863=CARTESIAN_POINT('',(0.00512625,-0.00371204,0.7239));
#15864=CARTESIAN_POINT('',(0.00512625,-0.00371204,0.7239));
#15865=CARTESIAN_POINT('',(0.00406559,-0.00265138,0.7239));
#15866=CARTESIAN_POINT('',(0.00528278,-0.00428008,0.7239));
#15867=CARTESIAN_POINT('',(0.00528278,-0.00428008,0.));
#15868=CARTESIAN_POINT('',(0.00543931,-0.00484812,0.));
#15869=CARTESIAN_POINT('',(0.00543931,-0.00484812,0.7239));
#15870=CARTESIAN_POINT('',(0.00543931,-0.00484812,0.7239));
#15871=CARTESIAN_POINT('',(0.00528278,-0.00428008,0.7239));
#15872=CARTESIAN_POINT('',(0.00494974616896952,-0.00494974616896952,0.7239));
#15873=CARTESIAN_POINT('',(0.00494974616896952,-0.00494974616896952,0.));
#15874=CARTESIAN_POINT('',(0.00484812,-0.00543931,0.));
#15875=CARTESIAN_POINT('',(0.00484812,-0.00543931,0.7239));
#15876=CARTESIAN_POINT('',(0.00484812,-0.00543931,0.7239));
#15877=CARTESIAN_POINT('',(0.00494974616896952,-0.00494974616896952,0.7239));
#15878=CARTESIAN_POINT('',(0.00428008,-0.00528278,0.7239));
#15879=CARTESIAN_POINT('',(0.00428008,-0.00528278,0.));
#15880=CARTESIAN_POINT('',(0.00371204,-0.00512625,0.));
#15881=CARTESIAN_POINT('',(0.00371204,-0.00512625,0.7239));
#15882=CARTESIAN_POINT('',(0.00371204,-0.00512625,0.7239));
#15883=CARTESIAN_POINT('',(0.00428008,-0.00528278,0.7239));
#15884=CARTESIAN_POINT('',(0.00265138,-0.00406559,0.7239));
#15885=CARTESIAN_POINT('',(0.00265138,-0.00406559,0.));
#15886=CARTESIAN_POINT('',(0.00159072,-0.00300493,0.));
#15887=CARTESIAN_POINT('',(0.00159072,-0.00300493,0.7239));
#15888=CARTESIAN_POINT('',(0.00159072,-0.00300493,0.7239));
#15889=CARTESIAN_POINT('',(0.00265138,-0.00406559,0.7239));
#15890=CARTESIAN_POINT('',(1.45409625470052E-8,-3.51575011169752E-8,0.7239));
#15891=CARTESIAN_POINT('',(1.45409625470052E-8,-3.51575011169752E-8,0.));
#15892=CARTESIAN_POINT('',(0.000625,-0.00334206,0.));
#15893=CARTESIAN_POINT('',(0.000625,-0.00334206,0.7239));
#15894=CARTESIAN_POINT('',(0.000625,-0.00334206,0.7239));
#15895=CARTESIAN_POINT('',(1.45409625470052E-8,-3.51575011169752E-8,0.7239));
#15896=CARTESIAN_POINT('',(0.00055863,-0.00371485,0.7239));
#15897=CARTESIAN_POINT('',(0.00055863,-0.00371485,0.));
#15898=CARTESIAN_POINT('',(0.00049226,-0.00408764,0.));
#15899=CARTESIAN_POINT('',(0.00049226,-0.00408764,0.7239));
#15900=CARTESIAN_POINT('',(0.00049226,-0.00408764,0.7239));
#15901=CARTESIAN_POINT('',(0.00055863,-0.00371485,0.7239));
#15902=CARTESIAN_POINT('',(5.42101086242752E-20,-0.00399999917887283,0.7239));
#15903=CARTESIAN_POINT('',(5.42101086242752E-20,-0.00399999917887283,0.));
#15904=CARTESIAN_POINT('',(-0.00049226,-0.00408764,0.));
#15905=CARTESIAN_POINT('',(-0.00049226,-0.00408764,0.7239));
#15906=CARTESIAN_POINT('',(-0.00049226,-0.00408764,0.7239));
#15907=CARTESIAN_POINT('',(5.42101086242752E-20,-0.00399999917887283,0.7239));
#15908=CARTESIAN_POINT('',(-0.00055863,-0.00371485,0.7239));
#15909=CARTESIAN_POINT('',(-0.00055863,-0.00371485,0.));
#15910=CARTESIAN_POINT('',(-0.000625,-0.00334206,0.));
#15911=CARTESIAN_POINT('',(-0.000625,-0.00334206,0.7239));
#15912=CARTESIAN_POINT('',(-0.000625,-0.00334206,0.7239));
#15913=CARTESIAN_POINT('',(-0.00055863,-0.00371485,0.7239));
#15914=CARTESIAN_POINT('',(-1.45409625471136E-8,-3.51575011169752E-8,0.7239));
#15915=CARTESIAN_POINT('',(-1.45409625471136E-8,-3.51575011169752E-8,0.));
#15916=CARTESIAN_POINT('',(-0.00159072,-0.00300493,0.));
#15917=CARTESIAN_POINT('',(-0.00159072,-0.00300493,0.7239));
#15918=CARTESIAN_POINT('',(-0.00159072,-0.00300493,0.7239));
#15919=CARTESIAN_POINT('',(-1.45409625471136E-8,-3.51575011169752E-8,0.7239));
#15920=CARTESIAN_POINT('',(-0.00265138,-0.00406559,0.7239));
#15921=CARTESIAN_POINT('',(-0.00265138,-0.00406559,0.));
#15922=CARTESIAN_POINT('',(-0.00371204,-0.00512625,0.));
#15923=CARTESIAN_POINT('',(-0.00371204,-0.00512625,0.7239));
#15924=CARTESIAN_POINT('',(-0.00371204,-0.00512625,0.7239));
#15925=CARTESIAN_POINT('',(-0.00265138,-0.00406559,0.7239));
#15926=CARTESIAN_POINT('',(0.018345,-0.0140174,0.7239));
#15927=CARTESIAN_POINT('',(0.018345,-0.0140174,0.));
#15928=CARTESIAN_POINT('',(0.018345,-0.0140174,0.7239));
#15929=CARTESIAN_POINT('',(-0.0140174,-0.018345,0.7239));
#15930=CARTESIAN_POINT('',(-0.0140174,-0.018345,0.));
#15931=CARTESIAN_POINT('',(-0.0140174,-0.018345,0.7239));
#15932=CARTESIAN_POINT('',(0.0140174,0.018345,0.7239));
#15933=CARTESIAN_POINT('',(0.0140174,0.018345,0.));
#15934=CARTESIAN_POINT('',(0.0140174,0.018345,0.7239));
#15935=CARTESIAN_POINT('',(-0.018345,0.0140174,0.7239));
#15936=CARTESIAN_POINT('',(-0.018345,0.0140174,0.));
#15937=CARTESIAN_POINT('',(-0.018345,0.0140174,0.7239));
#15938=CARTESIAN_POINT('',(-0.00428008,-0.00528278,0.7239));
#15939=CARTESIAN_POINT('',(-0.00428008,-0.00528278,0.));
#15940=CARTESIAN_POINT('',(-0.00428008,-0.00528278,0.7239));
#15941=CARTESIAN_POINT('',(-0.00562999196457129,0.0175699919645713,0.7239));
#15942=CARTESIAN_POINT('',(-0.00562999196457129,0.0175699919645713,0.));
#15943=CARTESIAN_POINT('',(-0.00562999196457129,0.0175699919645713,0.7239));
#15944=CARTESIAN_POINT('',(0.,0.,0.7239));
#15945=CARTESIAN_POINT('',(0.,0.,0.));
#15946=CARTESIAN_POINT('',(-1.06853175163269,0.193571517992019,0.937622754859925));
#15947=CARTESIAN_POINT('',(-0.00406,0.018,1.6002));
#15948=CARTESIAN_POINT('',(-0.00406,0.018,0.));
#15949=CARTESIAN_POINT('',(-0.00406,0.01757,0.));
#15950=CARTESIAN_POINT('',(-0.00406,0.01843,0.));
#15951=CARTESIAN_POINT('',(-0.00406,0.01843,1.6002));
#15952=CARTESIAN_POINT('',(-0.00406,0.01843,1.6002));
#15953=CARTESIAN_POINT('',(-0.00406,0.018,1.6002));
#15954=CARTESIAN_POINT('',(-0.00406,0.01757,1.6002));
#15955=CARTESIAN_POINT('',(-0.00406,0.01757,1.6002));
#15956=CARTESIAN_POINT('',(-0.00562999196457129,0.0184300080354287,1.6002));
#15957=CARTESIAN_POINT('',(-0.00562999196457129,0.0184300080354287,0.));
#15958=CARTESIAN_POINT('',(-0.00563,0.02,0.));
#15959=CARTESIAN_POINT('',(-0.00563,0.02,1.6002));
#15960=CARTESIAN_POINT('',(-0.00563,0.02,1.6002));
#15961=CARTESIAN_POINT('',(-0.00562999196457129,0.0184300080354287,1.6002));
#15962=CARTESIAN_POINT('',(-0.01123,0.02,1.6002));
#15963=CARTESIAN_POINT('',(-0.01123,0.02,0.));
#15964=CARTESIAN_POINT('',(-0.01683,0.02,0.));
#15965=CARTESIAN_POINT('',(-0.01683,0.02,1.6002));
#15966=CARTESIAN_POINT('',(-0.01683,0.02,1.6002));
#15967=CARTESIAN_POINT('',(-0.01123,0.02,1.6002));
#15968=CARTESIAN_POINT('',(-0.0168300051337334,0.0168300051337334,1.6002));
#15969=CARTESIAN_POINT('',(-0.0168300051337334,0.0168300051337334,0.));
#15970=CARTESIAN_POINT('',(-0.02,0.01683,0.));
#15971=CARTESIAN_POINT('',(-0.02,0.01683,1.6002));
#15972=CARTESIAN_POINT('',(-0.02,0.01683,1.6002));
#15973=CARTESIAN_POINT('',(-0.0168300051337334,0.0168300051337334,1.6002));
#15974=CARTESIAN_POINT('',(-0.02,0.01123,1.6002));
#15975=CARTESIAN_POINT('',(-0.02,0.01123,0.));
#15976=CARTESIAN_POINT('',(-0.02,0.00563,0.));
#15977=CARTESIAN_POINT('',(-0.02,0.00563,1.6002));
#15978=CARTESIAN_POINT('',(-0.02,0.00563,1.6002));
#15979=CARTESIAN_POINT('',(-0.02,0.01123,1.6002));
#15980=CARTESIAN_POINT('',(-0.0184300080354287,0.00562999196457129,1.6002));
#15981=CARTESIAN_POINT('',(-0.0184300080354287,0.00562999196457129,0.));
#15982=CARTESIAN_POINT('',(-0.01843,0.00406,0.));
#15983=CARTESIAN_POINT('',(-0.01843,0.00406,1.6002));
#15984=CARTESIAN_POINT('',(-0.01843,0.00406,1.6002));
#15985=CARTESIAN_POINT('',(-0.0184300080354287,0.00562999196457129,1.6002));
#15986=CARTESIAN_POINT('',(-0.018,0.00406,1.6002));
#15987=CARTESIAN_POINT('',(-0.018,0.00406,0.));
#15988=CARTESIAN_POINT('',(-0.01757,0.00406,0.));
#15989=CARTESIAN_POINT('',(-0.01757,0.00406,1.6002));
#15990=CARTESIAN_POINT('',(-0.01757,0.00406,1.6002));
#15991=CARTESIAN_POINT('',(-0.018,0.00406,1.6002));
#15992=CARTESIAN_POINT('',(-0.0175699919645713,0.00562999196457129,1.6002));
#15993=CARTESIAN_POINT('',(-0.0175699919645713,0.00562999196457129,0.));
#15994=CARTESIAN_POINT('',(-0.016,0.00563,0.));
#15995=CARTESIAN_POINT('',(-0.016,0.00563,1.6002));
#15996=CARTESIAN_POINT('',(-0.016,0.00563,1.6002));
#15997=CARTESIAN_POINT('',(-0.0175699919645713,0.00562999196457129,1.6002));
#15998=CARTESIAN_POINT('',(-0.016,0.0061175,1.6002));
#15999=CARTESIAN_POINT('',(-0.016,0.0061175,0.));
#16000=CARTESIAN_POINT('',(-0.016,0.006605,0.));
#16001=CARTESIAN_POINT('',(-0.016,0.006605,1.6002));
#16002=CARTESIAN_POINT('',(-0.016,0.006605,1.6002));
#16003=CARTESIAN_POINT('',(-0.016,0.0061175,1.6002));
#16004=CARTESIAN_POINT('',(-0.0162499887176516,0.0066050112823484,1.6002));
#16005=CARTESIAN_POINT('',(-0.0162499887176516,0.0066050112823484,0.));
#16006=CARTESIAN_POINT('',(-0.01625,0.006855,0.));
#16007=CARTESIAN_POINT('',(-0.01625,0.006855,1.6002));
#16008=CARTESIAN_POINT('',(-0.01625,0.006855,1.6002));
#16009=CARTESIAN_POINT('',(-0.0162499887176516,0.0066050112823484,1.6002));
#16010=CARTESIAN_POINT('',(-0.01675,0.006855,1.6002));
#16011=CARTESIAN_POINT('',(-0.01675,0.006855,0.));
#16012=CARTESIAN_POINT('',(-0.01725,0.006855,0.));
#16013=CARTESIAN_POINT('',(-0.01725,0.006855,1.6002));
#16014=CARTESIAN_POINT('',(-0.01725,0.006855,1.6002));
#16015=CARTESIAN_POINT('',(-0.01675,0.006855,1.6002));
#16016=CARTESIAN_POINT('',(-0.0172500112823484,0.0071049887176516,1.6002));
#16017=CARTESIAN_POINT('',(-0.0172500112823484,0.0071049887176516,0.));
#16018=CARTESIAN_POINT('',(-0.0175,0.007105,0.));
#16019=CARTESIAN_POINT('',(-0.0175,0.007105,1.6002));
#16020=CARTESIAN_POINT('',(-0.0175,0.007105,1.6002));
#16021=CARTESIAN_POINT('',(-0.0172500112823484,0.0071049887176516,1.6002));
#16022=CARTESIAN_POINT('',(-0.0175,0.00806,1.6002));
#16023=CARTESIAN_POINT('',(-0.0175,0.00806,0.));
#16024=CARTESIAN_POINT('',(-0.0175,0.009015,0.));
#16025=CARTESIAN_POINT('',(-0.0175,0.009015,1.6002));
#16026=CARTESIAN_POINT('',(-0.0175,0.009015,1.6002));
#16027=CARTESIAN_POINT('',(-0.0175,0.00806,1.6002));
#16028=CARTESIAN_POINT('',(-0.0162300149809907,0.00901501498099075,1.6002));
#16029=CARTESIAN_POINT('',(-0.0162300149809907,0.00901501498099075,0.));
#16030=CARTESIAN_POINT('',(-0.01623,0.010285,0.));
#16031=CARTESIAN_POINT('',(-0.01623,0.010285,1.6002));
#16032=CARTESIAN_POINT('',(-0.01623,0.010285,1.6002));
#16033=CARTESIAN_POINT('',(-0.0162300149809907,0.00901501498099075,1.6002));
#16034=CARTESIAN_POINT('',(-0.014223105,0.010285,1.6002));
#16035=CARTESIAN_POINT('',(-0.014223105,0.010285,0.));
#16036=CARTESIAN_POINT('',(-0.01221621,0.010285,0.));
#16037=CARTESIAN_POINT('',(-0.01221621,0.010285,1.6002));
#16038=CARTESIAN_POINT('',(-0.01221621,0.010285,1.6002));
#16039=CARTESIAN_POINT('',(-0.014223105,0.010285,1.6002));
#16040=CARTESIAN_POINT('',(-0.0122162387490702,0.00939493076297674,1.6002));
#16041=CARTESIAN_POINT('',(-0.0122162387490702,0.00939493076297674,0.));
#16042=CARTESIAN_POINT('',(-0.01158689,0.01002433,0.));
#16043=CARTESIAN_POINT('',(-0.01158689,0.01002433,1.6002));
#16044=CARTESIAN_POINT('',(-0.01158689,0.01002433,1.6002));
#16045=CARTESIAN_POINT('',(-0.0122162387490702,0.00939493076297674,1.6002));
#16046=CARTESIAN_POINT('',(-0.010331565,0.008769005,1.6002));
#16047=CARTESIAN_POINT('',(-0.010331565,0.008769005,0.));
#16048=CARTESIAN_POINT('',(-0.00907624,0.00751368,0.));
#16049=CARTESIAN_POINT('',(-0.00907624,0.00751368,1.6002));
#16050=CARTESIAN_POINT('',(-0.00907624,0.00751368,1.6002));
#16051=CARTESIAN_POINT('',(-0.010331565,0.008769005,1.6002));
#16052=CARTESIAN_POINT('',(-0.0124349838437808,0.00415493227083162,1.6002));
#16053=CARTESIAN_POINT('',(-0.0124349838437808,0.00415493227083162,0.));
#16054=CARTESIAN_POINT('',(-0.007685,0.00415492,0.));
#16055=CARTESIAN_POINT('',(-0.007685,0.00415492,1.6002));
#16056=CARTESIAN_POINT('',(-0.007685,0.00415492,1.6002));
#16057=CARTESIAN_POINT('',(-0.0124349838437808,0.00415493227083162,1.6002));
#16058=CARTESIAN_POINT('',(-0.007685,0.,1.6002));
#16059=CARTESIAN_POINT('',(-0.007685,0.,0.));
#16060=CARTESIAN_POINT('',(-0.007685,-0.00415492,0.));
#16061=CARTESIAN_POINT('',(-0.007685,-0.00415492,1.6002));
#16062=CARTESIAN_POINT('',(-0.007685,-0.00415492,1.6002));
#16063=CARTESIAN_POINT('',(-0.007685,0.,1.6002));
#16064=CARTESIAN_POINT('',(-0.0124349838437808,-0.00415493227083162,1.6002));
#16065=CARTESIAN_POINT('',(-0.0124349838437808,-0.00415493227083162,0.));
#16066=CARTESIAN_POINT('',(-0.00907624,-0.00751368,0.));
#16067=CARTESIAN_POINT('',(-0.00907624,-0.00751368,1.6002));
#16068=CARTESIAN_POINT('',(-0.00907624,-0.00751368,1.6002));
#16069=CARTESIAN_POINT('',(-0.0124349838437808,-0.00415493227083162,1.6002));
#16070=CARTESIAN_POINT('',(-0.010331565,-0.008769005,1.6002));
#16071=CARTESIAN_POINT('',(-0.010331565,-0.008769005,0.));
#16072=CARTESIAN_POINT('',(-0.01158689,-0.01002433,0.));
#16073=CARTESIAN_POINT('',(-0.01158689,-0.01002433,1.6002));
#16074=CARTESIAN_POINT('',(-0.01158689,-0.01002433,1.6002));
#16075=CARTESIAN_POINT('',(-0.010331565,-0.008769005,1.6002));
#16076=CARTESIAN_POINT('',(-0.0122162387490702,-0.00939493076297674,1.6002));
#16077=CARTESIAN_POINT('',(-0.0122162387490702,-0.00939493076297674,0.));
#16078=CARTESIAN_POINT('',(-0.01221621,-0.010285,0.));
#16079=CARTESIAN_POINT('',(-0.01221621,-0.010285,1.6002));
#16080=CARTESIAN_POINT('',(-0.01221621,-0.010285,1.6002));
#16081=CARTESIAN_POINT('',(-0.0122162387490702,-0.00939493076297674,1.6002));
#16082=CARTESIAN_POINT('',(-0.014223105,-0.010285,1.6002));
#16083=CARTESIAN_POINT('',(-0.014223105,-0.010285,0.));
#16084=CARTESIAN_POINT('',(-0.01623,-0.010285,0.));
#16085=CARTESIAN_POINT('',(-0.01623,-0.010285,1.6002));
#16086=CARTESIAN_POINT('',(-0.01623,-0.010285,1.6002));
#16087=CARTESIAN_POINT('',(-0.014223105,-0.010285,1.6002));
#16088=CARTESIAN_POINT('',(-0.0162300149809907,-0.00901501498099075,1.6002));
#16089=CARTESIAN_POINT('',(-0.0162300149809907,-0.00901501498099075,0.));
#16090=CARTESIAN_POINT('',(-0.0175,-0.009015,0.));
#16091=CARTESIAN_POINT('',(-0.0175,-0.009015,1.6002));
#16092=CARTESIAN_POINT('',(-0.0175,-0.009015,1.6002));
#16093=CARTESIAN_POINT('',(-0.0162300149809907,-0.00901501498099075,1.6002));
#16094=CARTESIAN_POINT('',(-0.0175,-0.00806,1.6002));
#16095=CARTESIAN_POINT('',(-0.0175,-0.00806,0.));
#16096=CARTESIAN_POINT('',(-0.0175,-0.007105,0.));
#16097=CARTESIAN_POINT('',(-0.0175,-0.007105,1.6002));
#16098=CARTESIAN_POINT('',(-0.0175,-0.007105,1.6002));
#16099=CARTESIAN_POINT('',(-0.0175,-0.00806,1.6002));
#16100=CARTESIAN_POINT('',(-0.0172500112823484,-0.0071049887176516,1.6002));
#16101=CARTESIAN_POINT('',(-0.0172500112823484,-0.0071049887176516,0.));
#16102=CARTESIAN_POINT('',(-0.01725,-0.006855,0.));
#16103=CARTESIAN_POINT('',(-0.01725,-0.006855,1.6002));
#16104=CARTESIAN_POINT('',(-0.01725,-0.006855,1.6002));
#16105=CARTESIAN_POINT('',(-0.0172500112823484,-0.0071049887176516,1.6002));
#16106=CARTESIAN_POINT('',(-0.01675,-0.006855,1.6002));
#16107=CARTESIAN_POINT('',(-0.01675,-0.006855,0.));
#16108=CARTESIAN_POINT('',(-0.01625,-0.006855,0.));
#16109=CARTESIAN_POINT('',(-0.01625,-0.006855,1.6002));
#16110=CARTESIAN_POINT('',(-0.01625,-0.006855,1.6002));
#16111=CARTESIAN_POINT('',(-0.01675,-0.006855,1.6002));
#16112=CARTESIAN_POINT('',(-0.0162499887176516,-0.0066050112823484,1.6002));
#16113=CARTESIAN_POINT('',(-0.0162499887176516,-0.0066050112823484,0.));
#16114=CARTESIAN_POINT('',(-0.016,-0.006605,0.));
#16115=CARTESIAN_POINT('',(-0.016,-0.006605,1.6002));
#16116=CARTESIAN_POINT('',(-0.016,-0.006605,1.6002));
#16117=CARTESIAN_POINT('',(-0.0162499887176516,-0.0066050112823484,1.6002));
#16118=CARTESIAN_POINT('',(-0.016,-0.0061175,1.6002));
#16119=CARTESIAN_POINT('',(-0.016,-0.0061175,0.));
#16120=CARTESIAN_POINT('',(-0.016,-0.00563,0.));
#16121=CARTESIAN_POINT('',(-0.016,-0.00563,1.6002));
#16122=CARTESIAN_POINT('',(-0.016,-0.00563,1.6002));
#16123=CARTESIAN_POINT('',(-0.016,-0.0061175,1.6002));
#16124=CARTESIAN_POINT('',(-0.0175699919645713,-0.00562999196457129,1.6002));
#16125=CARTESIAN_POINT('',(-0.0175699919645713,-0.00562999196457129,0.));
#16126=CARTESIAN_POINT('',(-0.01757,-0.00406,0.));
#16127=CARTESIAN_POINT('',(-0.01757,-0.00406,1.6002));
#16128=CARTESIAN_POINT('',(-0.01757,-0.00406,1.6002));
#16129=CARTESIAN_POINT('',(-0.0175699919645713,-0.00562999196457129,1.6002));
#16130=CARTESIAN_POINT('',(-0.018,-0.00406,1.6002));
#16131=CARTESIAN_POINT('',(-0.018,-0.00406,0.));
#16132=CARTESIAN_POINT('',(-0.01843,-0.00406,0.));
#16133=CARTESIAN_POINT('',(-0.01843,-0.00406,1.6002));
#16134=CARTESIAN_POINT('',(-0.01843,-0.00406,1.6002));
#16135=CARTESIAN_POINT('',(-0.018,-0.00406,1.6002));
#16136=CARTESIAN_POINT('',(-0.0184300080354287,-0.00562999196457129,1.6002));
#16137=CARTESIAN_POINT('',(-0.0184300080354287,-0.00562999196457129,0.));
#16138=CARTESIAN_POINT('',(-0.02,-0.00563,0.));
#16139=CARTESIAN_POINT('',(-0.02,-0.00563,1.6002));
#16140=CARTESIAN_POINT('',(-0.02,-0.00563,1.6002));
#16141=CARTESIAN_POINT('',(-0.0184300080354287,-0.00562999196457129,1.6002));
#16142=CARTESIAN_POINT('',(-0.02,-0.01123,1.6002));
#16143=CARTESIAN_POINT('',(-0.02,-0.01123,0.));
#16144=CARTESIAN_POINT('',(-0.02,-0.01683,0.));
#16145=CARTESIAN_POINT('',(-0.02,-0.01683,1.6002));
#16146=CARTESIAN_POINT('',(-0.02,-0.01683,1.6002));
#16147=CARTESIAN_POINT('',(-0.02,-0.01123,1.6002));
#16148=CARTESIAN_POINT('',(-0.0168300051337334,-0.0168300051337334,1.6002));
#16149=CARTESIAN_POINT('',(-0.0168300051337334,-0.0168300051337334,0.));
#16150=CARTESIAN_POINT('',(-0.01683,-0.02,0.));
#16151=CARTESIAN_POINT('',(-0.01683,-0.02,1.6002));
#16152=CARTESIAN_POINT('',(-0.01683,-0.02,1.6002));
#16153=CARTESIAN_POINT('',(-0.0168300051337334,-0.0168300051337334,1.6002));
#16154=CARTESIAN_POINT('',(-0.01123,-0.02,1.6002));
#16155=CARTESIAN_POINT('',(-0.01123,-0.02,0.));
#16156=CARTESIAN_POINT('',(-0.00563,-0.02,0.));
#16157=CARTESIAN_POINT('',(-0.00563,-0.02,1.6002));
#16158=CARTESIAN_POINT('',(-0.00563,-0.02,1.6002));
#16159=CARTESIAN_POINT('',(-0.01123,-0.02,1.6002));
#16160=CARTESIAN_POINT('',(-0.00562999196457129,-0.0184300080354287,1.6002));
#16161=CARTESIAN_POINT('',(-0.00562999196457129,-0.0184300080354287,0.));
#16162=CARTESIAN_POINT('',(-0.00406,-0.01843,0.));
#16163=CARTESIAN_POINT('',(-0.00406,-0.01843,1.6002));
#16164=CARTESIAN_POINT('',(-0.00406,-0.01843,1.6002));
#16165=CARTESIAN_POINT('',(-0.00562999196457129,-0.0184300080354287,1.6002));
#16166=CARTESIAN_POINT('',(-0.00406,-0.018,1.6002));
#16167=CARTESIAN_POINT('',(-0.00406,-0.018,0.));
#16168=CARTESIAN_POINT('',(-0.00406,-0.01757,0.));
#16169=CARTESIAN_POINT('',(-0.00406,-0.01757,1.6002));
#16170=CARTESIAN_POINT('',(-0.00406,-0.01757,1.6002));
#16171=CARTESIAN_POINT('',(-0.00406,-0.018,1.6002));
#16172=CARTESIAN_POINT('',(-0.00562999196457129,-0.0175699919645713,1.6002));
#16173=CARTESIAN_POINT('',(-0.00562999196457129,-0.0175699919645713,0.));
#16174=CARTESIAN_POINT('',(-0.00563,-0.016,0.));
#16175=CARTESIAN_POINT('',(-0.00563,-0.016,1.6002));
#16176=CARTESIAN_POINT('',(-0.00563,-0.016,1.6002));
#16177=CARTESIAN_POINT('',(-0.00562999196457129,-0.0175699919645713,1.6002));
#16178=CARTESIAN_POINT('',(-0.0061175,-0.016,1.6002));
#16179=CARTESIAN_POINT('',(-0.0061175,-0.016,0.));
#16180=CARTESIAN_POINT('',(-0.006605,-0.016,0.));
#16181=CARTESIAN_POINT('',(-0.006605,-0.016,1.6002));
#16182=CARTESIAN_POINT('',(-0.006605,-0.016,1.6002));
#16183=CARTESIAN_POINT('',(-0.0061175,-0.016,1.6002));
#16184=CARTESIAN_POINT('',(-0.0066050112823484,-0.0162499887176516,1.6002));
#16185=CARTESIAN_POINT('',(-0.0066050112823484,-0.0162499887176516,0.));
#16186=CARTESIAN_POINT('',(-0.006855,-0.01625,0.));
#16187=CARTESIAN_POINT('',(-0.006855,-0.01625,1.6002));
#16188=CARTESIAN_POINT('',(-0.006855,-0.01625,1.6002));
#16189=CARTESIAN_POINT('',(-0.0066050112823484,-0.0162499887176516,1.6002));
#16190=CARTESIAN_POINT('',(-0.006855,-0.01675,1.6002));
#16191=CARTESIAN_POINT('',(-0.006855,-0.01675,0.));
#16192=CARTESIAN_POINT('',(-0.006855,-0.01725,0.));
#16193=CARTESIAN_POINT('',(-0.006855,-0.01725,1.6002));
#16194=CARTESIAN_POINT('',(-0.006855,-0.01725,1.6002));
#16195=CARTESIAN_POINT('',(-0.006855,-0.01675,1.6002));
#16196=CARTESIAN_POINT('',(-0.0071049887176516,-0.0172500112823484,1.6002));
#16197=CARTESIAN_POINT('',(-0.0071049887176516,-0.0172500112823484,0.));
#16198=CARTESIAN_POINT('',(-0.007105,-0.0175,0.));
#16199=CARTESIAN_POINT('',(-0.007105,-0.0175,1.6002));
#16200=CARTESIAN_POINT('',(-0.007105,-0.0175,1.6002));
#16201=CARTESIAN_POINT('',(-0.0071049887176516,-0.0172500112823484,1.6002));
#16202=CARTESIAN_POINT('',(-0.00806,-0.0175,1.6002));
#16203=CARTESIAN_POINT('',(-0.00806,-0.0175,0.));
#16204=CARTESIAN_POINT('',(-0.009015,-0.0175,0.));
#16205=CARTESIAN_POINT('',(-0.009015,-0.0175,1.6002));
#16206=CARTESIAN_POINT('',(-0.009015,-0.0175,1.6002));
#16207=CARTESIAN_POINT('',(-0.00806,-0.0175,1.6002));
#16208=CARTESIAN_POINT('',(-0.00901501498099075,-0.0162300149809907,1.6002));
#16209=CARTESIAN_POINT('',(-0.00901501498099075,-0.0162300149809907,0.));
#16210=CARTESIAN_POINT('',(-0.010285,-0.01623,0.));
#16211=CARTESIAN_POINT('',(-0.010285,-0.01623,1.6002));
#16212=CARTESIAN_POINT('',(-0.010285,-0.01623,1.6002));
#16213=CARTESIAN_POINT('',(-0.00901501498099075,-0.0162300149809907,1.6002));
#16214=CARTESIAN_POINT('',(-0.010285,-0.014223105,1.6002));
#16215=CARTESIAN_POINT('',(-0.010285,-0.014223105,0.));
#16216=CARTESIAN_POINT('',(-0.010285,-0.01221621,0.));
#16217=CARTESIAN_POINT('',(-0.010285,-0.01221621,1.6002));
#16218=CARTESIAN_POINT('',(-0.010285,-0.01221621,1.6002));
#16219=CARTESIAN_POINT('',(-0.010285,-0.014223105,1.6002));
#16220=CARTESIAN_POINT('',(-0.00939493076297674,-0.0122162387490702,1.6002));
#16221=CARTESIAN_POINT('',(-0.00939493076297674,-0.0122162387490702,0.));
#16222=CARTESIAN_POINT('',(-0.01002433,-0.01158689,0.));
#16223=CARTESIAN_POINT('',(-0.01002433,-0.01158689,1.6002));
#16224=CARTESIAN_POINT('',(-0.01002433,-0.01158689,1.6002));
#16225=CARTESIAN_POINT('',(-0.00939493076297674,-0.0122162387490702,1.6002));
#16226=CARTESIAN_POINT('',(-0.008769005,-0.010331565,1.6002));
#16227=CARTESIAN_POINT('',(-0.008769005,-0.010331565,0.));
#16228=CARTESIAN_POINT('',(-0.00751368,-0.00907624,0.));
#16229=CARTESIAN_POINT('',(-0.00751368,-0.00907624,1.6002));
#16230=CARTESIAN_POINT('',(-0.00751368,-0.00907624,1.6002));
#16231=CARTESIAN_POINT('',(-0.008769005,-0.010331565,1.6002));
#16232=CARTESIAN_POINT('',(-0.00415493227083162,-0.0124349838437808,1.6002));
#16233=CARTESIAN_POINT('',(-0.00415493227083162,-0.0124349838437808,0.));
#16234=CARTESIAN_POINT('',(-0.00415492,-0.007685,0.));
#16235=CARTESIAN_POINT('',(-0.00415492,-0.007685,1.6002));
#16236=CARTESIAN_POINT('',(-0.00415492,-0.007685,1.6002));
#16237=CARTESIAN_POINT('',(-0.00415493227083162,-0.0124349838437808,1.6002));
#16238=CARTESIAN_POINT('',(0.,-0.007685,1.6002));
#16239=CARTESIAN_POINT('',(0.,-0.007685,0.));
#16240=CARTESIAN_POINT('',(0.00415492,-0.007685,0.));
#16241=CARTESIAN_POINT('',(0.00415492,-0.007685,1.6002));
#16242=CARTESIAN_POINT('',(0.00415492,-0.007685,1.6002));
#16243=CARTESIAN_POINT('',(0.,-0.007685,1.6002));
#16244=CARTESIAN_POINT('',(0.00415493227083162,-0.0124349838437808,1.6002));
#16245=CARTESIAN_POINT('',(0.00415493227083162,-0.0124349838437808,0.));
#16246=CARTESIAN_POINT('',(0.00751368,-0.00907624,0.));
#16247=CARTESIAN_POINT('',(0.00751368,-0.00907624,1.6002));
#16248=CARTESIAN_POINT('',(0.00751368,-0.00907624,1.6002));
#16249=CARTESIAN_POINT('',(0.00415493227083162,-0.0124349838437808,1.6002));
#16250=CARTESIAN_POINT('',(0.008769005,-0.010331565,1.6002));
#16251=CARTESIAN_POINT('',(0.008769005,-0.010331565,0.));
#16252=CARTESIAN_POINT('',(0.01002433,-0.01158689,0.));
#16253=CARTESIAN_POINT('',(0.01002433,-0.01158689,1.6002));
#16254=CARTESIAN_POINT('',(0.01002433,-0.01158689,1.6002));
#16255=CARTESIAN_POINT('',(0.008769005,-0.010331565,1.6002));
#16256=CARTESIAN_POINT('',(0.00939493076297674,-0.0122162387490702,1.6002));
#16257=CARTESIAN_POINT('',(0.00939493076297674,-0.0122162387490702,0.));
#16258=CARTESIAN_POINT('',(0.010285,-0.01221621,0.));
#16259=CARTESIAN_POINT('',(0.010285,-0.01221621,1.6002));
#16260=CARTESIAN_POINT('',(0.010285,-0.01221621,1.6002));
#16261=CARTESIAN_POINT('',(0.00939493076297674,-0.0122162387490702,1.6002));
#16262=CARTESIAN_POINT('',(0.010285,-0.014223105,1.6002));
#16263=CARTESIAN_POINT('',(0.010285,-0.014223105,0.));
#16264=CARTESIAN_POINT('',(0.010285,-0.01623,0.));
#16265=CARTESIAN_POINT('',(0.010285,-0.01623,1.6002));
#16266=CARTESIAN_POINT('',(0.010285,-0.01623,1.6002));
#16267=CARTESIAN_POINT('',(0.010285,-0.014223105,1.6002));
#16268=CARTESIAN_POINT('',(0.00901501498099075,-0.0162300149809907,1.6002));
#16269=CARTESIAN_POINT('',(0.00901501498099075,-0.0162300149809907,0.));
#16270=CARTESIAN_POINT('',(0.009015,-0.0175,0.));
#16271=CARTESIAN_POINT('',(0.009015,-0.0175,1.6002));
#16272=CARTESIAN_POINT('',(0.009015,-0.0175,1.6002));
#16273=CARTESIAN_POINT('',(0.00901501498099075,-0.0162300149809907,1.6002));
#16274=CARTESIAN_POINT('',(0.00806,-0.0175,1.6002));
#16275=CARTESIAN_POINT('',(0.00806,-0.0175,0.));
#16276=CARTESIAN_POINT('',(0.007105,-0.0175,0.));
#16277=CARTESIAN_POINT('',(0.007105,-0.0175,1.6002));
#16278=CARTESIAN_POINT('',(0.007105,-0.0175,1.6002));
#16279=CARTESIAN_POINT('',(0.00806,-0.0175,1.6002));
#16280=CARTESIAN_POINT('',(0.0071049887176516,-0.0172500112823484,1.6002));
#16281=CARTESIAN_POINT('',(0.0071049887176516,-0.0172500112823484,0.));
#16282=CARTESIAN_POINT('',(0.006855,-0.01725,0.));
#16283=CARTESIAN_POINT('',(0.006855,-0.01725,1.6002));
#16284=CARTESIAN_POINT('',(0.006855,-0.01725,1.6002));
#16285=CARTESIAN_POINT('',(0.0071049887176516,-0.0172500112823484,1.6002));
#16286=CARTESIAN_POINT('',(0.006855,-0.01675,1.6002));
#16287=CARTESIAN_POINT('',(0.006855,-0.01675,0.));
#16288=CARTESIAN_POINT('',(0.006855,-0.01625,0.));
#16289=CARTESIAN_POINT('',(0.006855,-0.01625,1.6002));
#16290=CARTESIAN_POINT('',(0.006855,-0.01625,1.6002));
#16291=CARTESIAN_POINT('',(0.006855,-0.01675,1.6002));
#16292=CARTESIAN_POINT('',(0.0066050112823484,-0.0162499887176516,1.6002));
#16293=CARTESIAN_POINT('',(0.0066050112823484,-0.0162499887176516,0.));
#16294=CARTESIAN_POINT('',(0.006605,-0.016,0.));
#16295=CARTESIAN_POINT('',(0.006605,-0.016,1.6002));
#16296=CARTESIAN_POINT('',(0.006605,-0.016,1.6002));
#16297=CARTESIAN_POINT('',(0.0066050112823484,-0.0162499887176516,1.6002));
#16298=CARTESIAN_POINT('',(0.0061175,-0.016,1.6002));
#16299=CARTESIAN_POINT('',(0.0061175,-0.016,0.));
#16300=CARTESIAN_POINT('',(0.00563,-0.016,0.));
#16301=CARTESIAN_POINT('',(0.00563,-0.016,1.6002));
#16302=CARTESIAN_POINT('',(0.00563,-0.016,1.6002));
#16303=CARTESIAN_POINT('',(0.0061175,-0.016,1.6002));
#16304=CARTESIAN_POINT('',(0.00562999196457129,-0.0175699919645713,1.6002));
#16305=CARTESIAN_POINT('',(0.00562999196457129,-0.0175699919645713,0.));
#16306=CARTESIAN_POINT('',(0.00406,-0.01757,0.));
#16307=CARTESIAN_POINT('',(0.00406,-0.01757,1.6002));
#16308=CARTESIAN_POINT('',(0.00406,-0.01757,1.6002));
#16309=CARTESIAN_POINT('',(0.00562999196457129,-0.0175699919645713,1.6002));
#16310=CARTESIAN_POINT('',(0.00406,-0.018,1.6002));
#16311=CARTESIAN_POINT('',(0.00406,-0.018,0.));
#16312=CARTESIAN_POINT('',(0.00406,-0.01843,0.));
#16313=CARTESIAN_POINT('',(0.00406,-0.01843,1.6002));
#16314=CARTESIAN_POINT('',(0.00406,-0.01843,1.6002));
#16315=CARTESIAN_POINT('',(0.00406,-0.018,1.6002));
#16316=CARTESIAN_POINT('',(0.00562999196457129,-0.0184300080354287,1.6002));
#16317=CARTESIAN_POINT('',(0.00562999196457129,-0.0184300080354287,0.));
#16318=CARTESIAN_POINT('',(0.00563,-0.02,0.));
#16319=CARTESIAN_POINT('',(0.00563,-0.02,1.6002));
#16320=CARTESIAN_POINT('',(0.00563,-0.02,1.6002));
#16321=CARTESIAN_POINT('',(0.00562999196457129,-0.0184300080354287,1.6002));
#16322=CARTESIAN_POINT('',(0.01123,-0.02,1.6002));
#16323=CARTESIAN_POINT('',(0.01123,-0.02,0.));
#16324=CARTESIAN_POINT('',(0.01683,-0.02,0.));
#16325=CARTESIAN_POINT('',(0.01683,-0.02,1.6002));
#16326=CARTESIAN_POINT('',(0.01683,-0.02,1.6002));
#16327=CARTESIAN_POINT('',(0.01123,-0.02,1.6002));
#16328=CARTESIAN_POINT('',(0.0168300051337334,-0.0168300051337334,1.6002));
#16329=CARTESIAN_POINT('',(0.0168300051337334,-0.0168300051337334,0.));
#16330=CARTESIAN_POINT('',(0.02,-0.01683,0.));
#16331=CARTESIAN_POINT('',(0.02,-0.01683,1.6002));
#16332=CARTESIAN_POINT('',(0.02,-0.01683,1.6002));
#16333=CARTESIAN_POINT('',(0.0168300051337334,-0.0168300051337334,1.6002));
#16334=CARTESIAN_POINT('',(0.02,-0.01123,1.6002));
#16335=CARTESIAN_POINT('',(0.02,-0.01123,0.));
#16336=CARTESIAN_POINT('',(0.02,-0.00563,0.));
#16337=CARTESIAN_POINT('',(0.02,-0.00563,1.6002));
#16338=CARTESIAN_POINT('',(0.02,-0.00563,1.6002));
#16339=CARTESIAN_POINT('',(0.02,-0.01123,1.6002));
#16340=CARTESIAN_POINT('',(0.0184300080354287,-0.00562999196457129,1.6002));
#16341=CARTESIAN_POINT('',(0.0184300080354287,-0.00562999196457129,0.));
#16342=CARTESIAN_POINT('',(0.01843,-0.00406,0.));
#16343=CARTESIAN_POINT('',(0.01843,-0.00406,1.6002));
#16344=CARTESIAN_POINT('',(0.01843,-0.00406,1.6002));
#16345=CARTESIAN_POINT('',(0.0184300080354287,-0.00562999196457129,1.6002));
#16346=CARTESIAN_POINT('',(0.018,-0.00406,1.6002));
#16347=CARTESIAN_POINT('',(0.018,-0.00406,0.));
#16348=CARTESIAN_POINT('',(0.01757,-0.00406,0.));
#16349=CARTESIAN_POINT('',(0.01757,-0.00406,1.6002));
#16350=CARTESIAN_POINT('',(0.01757,-0.00406,1.6002));
#16351=CARTESIAN_POINT('',(0.018,-0.00406,1.6002));
#16352=CARTESIAN_POINT('',(0.0175699919645713,-0.00562999196457129,1.6002));
#16353=CARTESIAN_POINT('',(0.0175699919645713,-0.00562999196457129,0.));
#16354=CARTESIAN_POINT('',(0.016,-0.00563,0.));
#16355=CARTESIAN_POINT('',(0.016,-0.00563,1.6002));
#16356=CARTESIAN_POINT('',(0.016,-0.00563,1.6002));
#16357=CARTESIAN_POINT('',(0.0175699919645713,-0.00562999196457129,1.6002));
#16358=CARTESIAN_POINT('',(0.016,-0.0061175,1.6002));
#16359=CARTESIAN_POINT('',(0.016,-0.0061175,0.));
#16360=CARTESIAN_POINT('',(0.016,-0.006605,0.));
#16361=CARTESIAN_POINT('',(0.016,-0.006605,1.6002));
#16362=CARTESIAN_POINT('',(0.016,-0.006605,1.6002));
#16363=CARTESIAN_POINT('',(0.016,-0.0061175,1.6002));
#16364=CARTESIAN_POINT('',(0.0162499887176516,-0.0066050112823484,1.6002));
#16365=CARTESIAN_POINT('',(0.0162499887176516,-0.0066050112823484,0.));
#16366=CARTESIAN_POINT('',(0.01625,-0.006855,0.));
#16367=CARTESIAN_POINT('',(0.01625,-0.006855,1.6002));
#16368=CARTESIAN_POINT('',(0.01625,-0.006855,1.6002));
#16369=CARTESIAN_POINT('',(0.0162499887176516,-0.0066050112823484,1.6002));
#16370=CARTESIAN_POINT('',(0.01675,-0.006855,1.6002));
#16371=CARTESIAN_POINT('',(0.01675,-0.006855,0.));
#16372=CARTESIAN_POINT('',(0.01725,-0.006855,0.));
#16373=CARTESIAN_POINT('',(0.01725,-0.006855,1.6002));
#16374=CARTESIAN_POINT('',(0.01725,-0.006855,1.6002));
#16375=CARTESIAN_POINT('',(0.01675,-0.006855,1.6002));
#16376=CARTESIAN_POINT('',(0.0172500112823484,-0.0071049887176516,1.6002));
#16377=CARTESIAN_POINT('',(0.0172500112823484,-0.0071049887176516,0.));
#16378=CARTESIAN_POINT('',(0.0175,-0.007105,0.));
#16379=CARTESIAN_POINT('',(0.0175,-0.007105,1.6002));
#16380=CARTESIAN_POINT('',(0.0175,-0.007105,1.6002));
#16381=CARTESIAN_POINT('',(0.0172500112823484,-0.0071049887176516,1.6002));
#16382=CARTESIAN_POINT('',(0.0175,-0.00806,1.6002));
#16383=CARTESIAN_POINT('',(0.0175,-0.00806,0.));
#16384=CARTESIAN_POINT('',(0.0175,-0.009015,0.));
#16385=CARTESIAN_POINT('',(0.0175,-0.009015,1.6002));
#16386=CARTESIAN_POINT('',(0.0175,-0.009015,1.6002));
#16387=CARTESIAN_POINT('',(0.0175,-0.00806,1.6002));
#16388=CARTESIAN_POINT('',(0.0162300149809907,-0.00901501498099075,1.6002));
#16389=CARTESIAN_POINT('',(0.0162300149809907,-0.00901501498099075,0.));
#16390=CARTESIAN_POINT('',(0.01623,-0.010285,0.));
#16391=CARTESIAN_POINT('',(0.01623,-0.010285,1.6002));
#16392=CARTESIAN_POINT('',(0.01623,-0.010285,1.6002));
#16393=CARTESIAN_POINT('',(0.0162300149809907,-0.00901501498099075,1.6002));
#16394=CARTESIAN_POINT('',(0.014223105,-0.010285,1.6002));
#16395=CARTESIAN_POINT('',(0.014223105,-0.010285,0.));
#16396=CARTESIAN_POINT('',(0.01221621,-0.010285,0.));
#16397=CARTESIAN_POINT('',(0.01221621,-0.010285,1.6002));
#16398=CARTESIAN_POINT('',(0.01221621,-0.010285,1.6002));
#16399=CARTESIAN_POINT('',(0.014223105,-0.010285,1.6002));
#16400=CARTESIAN_POINT('',(0.0122162387490702,-0.00939493076297674,1.6002));
#16401=CARTESIAN_POINT('',(0.0122162387490702,-0.00939493076297674,0.));
#16402=CARTESIAN_POINT('',(0.01158689,-0.01002433,0.));
#16403=CARTESIAN_POINT('',(0.01158689,-0.01002433,1.6002));
#16404=CARTESIAN_POINT('',(0.01158689,-0.01002433,1.6002));
#16405=CARTESIAN_POINT('',(0.0122162387490702,-0.00939493076297674,1.6002));
#16406=CARTESIAN_POINT('',(0.010331565,-0.008769005,1.6002));
#16407=CARTESIAN_POINT('',(0.010331565,-0.008769005,0.));
#16408=CARTESIAN_POINT('',(0.00907624,-0.00751368,0.));
#16409=CARTESIAN_POINT('',(0.00907624,-0.00751368,1.6002));
#16410=CARTESIAN_POINT('',(0.00907624,-0.00751368,1.6002));
#16411=CARTESIAN_POINT('',(0.010331565,-0.008769005,1.6002));
#16412=CARTESIAN_POINT('',(0.0124349838437808,-0.00415493227083162,1.6002));
#16413=CARTESIAN_POINT('',(0.0124349838437808,-0.00415493227083162,0.));
#16414=CARTESIAN_POINT('',(0.007685,-0.00415492,0.));
#16415=CARTESIAN_POINT('',(0.007685,-0.00415492,1.6002));
#16416=CARTESIAN_POINT('',(0.007685,-0.00415492,1.6002));
#16417=CARTESIAN_POINT('',(0.0124349838437808,-0.00415493227083162,1.6002));
#16418=CARTESIAN_POINT('',(0.007685,0.,1.6002));
#16419=CARTESIAN_POINT('',(0.007685,0.,0.));
#16420=CARTESIAN_POINT('',(0.007685,0.00415492,0.));
#16421=CARTESIAN_POINT('',(0.007685,0.00415492,1.6002));
#16422=CARTESIAN_POINT('',(0.007685,0.00415492,1.6002));
#16423=CARTESIAN_POINT('',(0.007685,0.,1.6002));
#16424=CARTESIAN_POINT('',(0.0124349838437808,0.00415493227083162,1.6002));
#16425=CARTESIAN_POINT('',(0.0124349838437808,0.00415493227083162,0.));
#16426=CARTESIAN_POINT('',(0.00907624,0.00751368,0.));
#16427=CARTESIAN_POINT('',(0.00907624,0.00751368,1.6002));
#16428=CARTESIAN_POINT('',(0.00907624,0.00751368,1.6002));
#16429=CARTESIAN_POINT('',(0.0124349838437808,0.00415493227083162,1.6002));
#16430=CARTESIAN_POINT('',(0.010331565,0.008769005,1.6002));
#16431=CARTESIAN_POINT('',(0.010331565,0.008769005,0.));
#16432=CARTESIAN_POINT('',(0.01158689,0.01002433,0.));
#16433=CARTESIAN_POINT('',(0.01158689,0.01002433,1.6002));
#16434=CARTESIAN_POINT('',(0.01158689,0.01002433,1.6002));
#16435=CARTESIAN_POINT('',(0.010331565,0.008769005,1.6002));
#16436=CARTESIAN_POINT('',(0.0122162387490702,0.00939493076297674,1.6002));
#16437=CARTESIAN_POINT('',(0.0122162387490702,0.00939493076297674,0.));
#16438=CARTESIAN_POINT('',(0.01221621,0.010285,0.));
#16439=CARTESIAN_POINT('',(0.01221621,0.010285,1.6002));
#16440=CARTESIAN_POINT('',(0.01221621,0.010285,1.6002));
#16441=CARTESIAN_POINT('',(0.0122162387490702,0.00939493076297674,1.6002));
#16442=CARTESIAN_POINT('',(0.014223105,0.010285,1.6002));
#16443=CARTESIAN_POINT('',(0.014223105,0.010285,0.));
#16444=CARTESIAN_POINT('',(0.01623,0.010285,0.));
#16445=CARTESIAN_POINT('',(0.01623,0.010285,1.6002));
#16446=CARTESIAN_POINT('',(0.01623,0.010285,1.6002));
#16447=CARTESIAN_POINT('',(0.014223105,0.010285,1.6002));
#16448=CARTESIAN_POINT('',(0.0162300149809907,0.00901501498099075,1.6002));
#16449=CARTESIAN_POINT('',(0.0162300149809907,0.00901501498099075,0.));
#16450=CARTESIAN_POINT('',(0.0175,0.009015,0.));
#16451=CARTESIAN_POINT('',(0.0175,0.009015,1.6002));
#16452=CARTESIAN_POINT('',(0.0175,0.009015,1.6002));
#16453=CARTESIAN_POINT('',(0.0162300149809907,0.00901501498099075,1.6002));
#16454=CARTESIAN_POINT('',(0.0175,0.00806,1.6002));
#16455=CARTESIAN_POINT('',(0.0175,0.00806,0.));
#16456=CARTESIAN_POINT('',(0.0175,0.007105,0.));
#16457=CARTESIAN_POINT('',(0.0175,0.007105,1.6002));
#16458=CARTESIAN_POINT('',(0.0175,0.007105,1.6002));
#16459=CARTESIAN_POINT('',(0.0175,0.00806,1.6002));
#16460=CARTESIAN_POINT('',(0.0172500112823484,0.0071049887176516,1.6002));
#16461=CARTESIAN_POINT('',(0.0172500112823484,0.0071049887176516,0.));
#16462=CARTESIAN_POINT('',(0.01725,0.006855,0.));
#16463=CARTESIAN_POINT('',(0.01725,0.006855,1.6002));
#16464=CARTESIAN_POINT('',(0.01725,0.006855,1.6002));
#16465=CARTESIAN_POINT('',(0.0172500112823484,0.0071049887176516,1.6002));
#16466=CARTESIAN_POINT('',(0.01675,0.006855,1.6002));
#16467=CARTESIAN_POINT('',(0.01675,0.006855,0.));
#16468=CARTESIAN_POINT('',(0.01625,0.006855,0.));
#16469=CARTESIAN_POINT('',(0.01625,0.006855,1.6002));
#16470=CARTESIAN_POINT('',(0.01625,0.006855,1.6002));
#16471=CARTESIAN_POINT('',(0.01675,0.006855,1.6002));
#16472=CARTESIAN_POINT('',(0.0162499887176516,0.0066050112823484,1.6002));
#16473=CARTESIAN_POINT('',(0.0162499887176516,0.0066050112823484,0.));
#16474=CARTESIAN_POINT('',(0.016,0.006605,0.));
#16475=CARTESIAN_POINT('',(0.016,0.006605,1.6002));
#16476=CARTESIAN_POINT('',(0.016,0.006605,1.6002));
#16477=CARTESIAN_POINT('',(0.0162499887176516,0.0066050112823484,1.6002));
#16478=CARTESIAN_POINT('',(0.016,0.0061175,1.6002));
#16479=CARTESIAN_POINT('',(0.016,0.0061175,0.));
#16480=CARTESIAN_POINT('',(0.016,0.00563,0.));
#16481=CARTESIAN_POINT('',(0.016,0.00563,1.6002));
#16482=CARTESIAN_POINT('',(0.016,0.00563,1.6002));
#16483=CARTESIAN_POINT('',(0.016,0.0061175,1.6002));
#16484=CARTESIAN_POINT('',(0.0175699919645713,0.00562999196457129,1.6002));
#16485=CARTESIAN_POINT('',(0.0175699919645713,0.00562999196457129,0.));
#16486=CARTESIAN_POINT('',(0.01757,0.00406,0.));
#16487=CARTESIAN_POINT('',(0.01757,0.00406,1.6002));
#16488=CARTESIAN_POINT('',(0.01757,0.00406,1.6002));
#16489=CARTESIAN_POINT('',(0.0175699919645713,0.00562999196457129,1.6002));
#16490=CARTESIAN_POINT('',(0.018,0.00406,1.6002));
#16491=CARTESIAN_POINT('',(0.018,0.00406,0.));
#16492=CARTESIAN_POINT('',(0.01843,0.00406,0.));
#16493=CARTESIAN_POINT('',(0.01843,0.00406,1.6002));
#16494=CARTESIAN_POINT('',(0.01843,0.00406,1.6002));
#16495=CARTESIAN_POINT('',(0.018,0.00406,1.6002));
#16496=CARTESIAN_POINT('',(0.0184300080354287,0.00562999196457129,1.6002));
#16497=CARTESIAN_POINT('',(0.0184300080354287,0.00562999196457129,0.));
#16498=CARTESIAN_POINT('',(0.02,0.00563,0.));
#16499=CARTESIAN_POINT('',(0.02,0.00563,1.6002));
#16500=CARTESIAN_POINT('',(0.02,0.00563,1.6002));
#16501=CARTESIAN_POINT('',(0.0184300080354287,0.00562999196457129,1.6002));
#16502=CARTESIAN_POINT('',(0.02,0.01123,1.6002));
#16503=CARTESIAN_POINT('',(0.02,0.01123,0.));
#16504=CARTESIAN_POINT('',(0.02,0.01683,0.));
#16505=CARTESIAN_POINT('',(0.02,0.01683,1.6002));
#16506=CARTESIAN_POINT('',(0.02,0.01683,1.6002));
#16507=CARTESIAN_POINT('',(0.02,0.01123,1.6002));
#16508=CARTESIAN_POINT('',(0.0168300051337334,0.0168300051337334,1.6002));
#16509=CARTESIAN_POINT('',(0.0168300051337334,0.0168300051337334,0.));
#16510=CARTESIAN_POINT('',(0.01683,0.02,0.));
#16511=CARTESIAN_POINT('',(0.01683,0.02,1.6002));
#16512=CARTESIAN_POINT('',(0.01683,0.02,1.6002));
#16513=CARTESIAN_POINT('',(0.0168300051337334,0.0168300051337334,1.6002));
#16514=CARTESIAN_POINT('',(0.01123,0.02,1.6002));
#16515=CARTESIAN_POINT('',(0.01123,0.02,0.));
#16516=CARTESIAN_POINT('',(0.00563,0.02,0.));
#16517=CARTESIAN_POINT('',(0.00563,0.02,1.6002));
#16518=CARTESIAN_POINT('',(0.00563,0.02,1.6002));
#16519=CARTESIAN_POINT('',(0.01123,0.02,1.6002));
#16520=CARTESIAN_POINT('',(0.00562999196457129,0.0184300080354287,1.6002));
#16521=CARTESIAN_POINT('',(0.00562999196457129,0.0184300080354287,0.));
#16522=CARTESIAN_POINT('',(0.00406,0.01843,0.));
#16523=CARTESIAN_POINT('',(0.00406,0.01843,1.6002));
#16524=CARTESIAN_POINT('',(0.00406,0.01843,1.6002));
#16525=CARTESIAN_POINT('',(0.00562999196457129,0.0184300080354287,1.6002));
#16526=CARTESIAN_POINT('',(0.00406,0.018,1.6002));
#16527=CARTESIAN_POINT('',(0.00406,0.018,0.));
#16528=CARTESIAN_POINT('',(0.00406,0.01757,0.));
#16529=CARTESIAN_POINT('',(0.00406,0.01757,1.6002));
#16530=CARTESIAN_POINT('',(0.00406,0.01757,1.6002));
#16531=CARTESIAN_POINT('',(0.00406,0.018,1.6002));
#16532=CARTESIAN_POINT('',(0.00562999196457129,0.0175699919645713,1.6002));
#16533=CARTESIAN_POINT('',(0.00562999196457129,0.0175699919645713,0.));
#16534=CARTESIAN_POINT('',(0.00563,0.016,0.));
#16535=CARTESIAN_POINT('',(0.00563,0.016,1.6002));
#16536=CARTESIAN_POINT('',(0.00563,0.016,1.6002));
#16537=CARTESIAN_POINT('',(0.00562999196457129,0.0175699919645713,1.6002));
#16538=CARTESIAN_POINT('',(0.0061175,0.016,1.6002));
#16539=CARTESIAN_POINT('',(0.0061175,0.016,0.));
#16540=CARTESIAN_POINT('',(0.006605,0.016,0.));
#16541=CARTESIAN_POINT('',(0.006605,0.016,1.6002));
#16542=CARTESIAN_POINT('',(0.006605,0.016,1.6002));
#16543=CARTESIAN_POINT('',(0.0061175,0.016,1.6002));
#16544=CARTESIAN_POINT('',(0.0066050112823484,0.0162499887176516,1.6002));
#16545=CARTESIAN_POINT('',(0.0066050112823484,0.0162499887176516,0.));
#16546=CARTESIAN_POINT('',(0.006855,0.01625,0.));
#16547=CARTESIAN_POINT('',(0.006855,0.01625,1.6002));
#16548=CARTESIAN_POINT('',(0.006855,0.01625,1.6002));
#16549=CARTESIAN_POINT('',(0.0066050112823484,0.0162499887176516,1.6002));
#16550=CARTESIAN_POINT('',(0.006855,0.01675,1.6002));
#16551=CARTESIAN_POINT('',(0.006855,0.01675,0.));
#16552=CARTESIAN_POINT('',(0.006855,0.01725,0.));
#16553=CARTESIAN_POINT('',(0.006855,0.01725,1.6002));
#16554=CARTESIAN_POINT('',(0.006855,0.01725,1.6002));
#16555=CARTESIAN_POINT('',(0.006855,0.01675,1.6002));
#16556=CARTESIAN_POINT('',(0.0071049887176516,0.0172500112823484,1.6002));
#16557=CARTESIAN_POINT('',(0.0071049887176516,0.0172500112823484,0.));
#16558=CARTESIAN_POINT('',(0.007105,0.0175,0.));
#16559=CARTESIAN_POINT('',(0.007105,0.0175,1.6002));
#16560=CARTESIAN_POINT('',(0.007105,0.0175,1.6002));
#16561=CARTESIAN_POINT('',(0.0071049887176516,0.0172500112823484,1.6002));
#16562=CARTESIAN_POINT('',(0.00806,0.0175,1.6002));
#16563=CARTESIAN_POINT('',(0.00806,0.0175,0.));
#16564=CARTESIAN_POINT('',(0.009015,0.0175,0.));
#16565=CARTESIAN_POINT('',(0.009015,0.0175,1.6002));
#16566=CARTESIAN_POINT('',(0.009015,0.0175,1.6002));
#16567=CARTESIAN_POINT('',(0.00806,0.0175,1.6002));
#16568=CARTESIAN_POINT('',(0.00901501498099075,0.0162300149809907,1.6002));
#16569=CARTESIAN_POINT('',(0.00901501498099075,0.0162300149809907,0.));
#16570=CARTESIAN_POINT('',(0.010285,0.01623,0.));
#16571=CARTESIAN_POINT('',(0.010285,0.01623,1.6002));
#16572=CARTESIAN_POINT('',(0.010285,0.01623,1.6002));
#16573=CARTESIAN_POINT('',(0.00901501498099075,0.0162300149809907,1.6002));
#16574=CARTESIAN_POINT('',(0.010285,0.014223105,1.6002));
#16575=CARTESIAN_POINT('',(0.010285,0.014223105,0.));
#16576=CARTESIAN_POINT('',(0.010285,0.01221621,0.));
#16577=CARTESIAN_POINT('',(0.010285,0.01221621,1.6002));
#16578=CARTESIAN_POINT('',(0.010285,0.01221621,1.6002));
#16579=CARTESIAN_POINT('',(0.010285,0.014223105,1.6002));
#16580=CARTESIAN_POINT('',(0.00939493076297674,0.0122162387490702,1.6002));
#16581=CARTESIAN_POINT('',(0.00939493076297674,0.0122162387490702,0.));
#16582=CARTESIAN_POINT('',(0.01002433,0.01158689,0.));
#16583=CARTESIAN_POINT('',(0.01002433,0.01158689,1.6002));
#16584=CARTESIAN_POINT('',(0.01002433,0.01158689,1.6002));
#16585=CARTESIAN_POINT('',(0.00939493076297674,0.0122162387490702,1.6002));
#16586=CARTESIAN_POINT('',(0.008769005,0.010331565,1.6002));
#16587=CARTESIAN_POINT('',(0.008769005,0.010331565,0.));
#16588=CARTESIAN_POINT('',(0.00751368,0.00907624,0.));
#16589=CARTESIAN_POINT('',(0.00751368,0.00907624,1.6002));
#16590=CARTESIAN_POINT('',(0.00751368,0.00907624,1.6002));
#16591=CARTESIAN_POINT('',(0.008769005,0.010331565,1.6002));
#16592=CARTESIAN_POINT('',(0.00415493227083162,0.0124349838437808,1.6002));
#16593=CARTESIAN_POINT('',(0.00415493227083162,0.0124349838437808,0.));
#16594=CARTESIAN_POINT('',(0.00415492,0.007685,0.));
#16595=CARTESIAN_POINT('',(0.00415492,0.007685,1.6002));
#16596=CARTESIAN_POINT('',(0.00415492,0.007685,1.6002));
#16597=CARTESIAN_POINT('',(0.00415493227083162,0.0124349838437808,1.6002));
#16598=CARTESIAN_POINT('',(0.,0.007685,1.6002));
#16599=CARTESIAN_POINT('',(0.,0.007685,0.));
#16600=CARTESIAN_POINT('',(-0.00415492,0.007685,0.));
#16601=CARTESIAN_POINT('',(-0.00415492,0.007685,1.6002));
#16602=CARTESIAN_POINT('',(-0.00415492,0.007685,1.6002));
#16603=CARTESIAN_POINT('',(0.,0.007685,1.6002));
#16604=CARTESIAN_POINT('',(-0.00415493227083162,0.0124349838437808,1.6002));
#16605=CARTESIAN_POINT('',(-0.00415493227083162,0.0124349838437808,0.));
#16606=CARTESIAN_POINT('',(-0.00751368,0.00907624,0.));
#16607=CARTESIAN_POINT('',(-0.00751368,0.00907624,1.6002));
#16608=CARTESIAN_POINT('',(-0.00751368,0.00907624,1.6002));
#16609=CARTESIAN_POINT('',(-0.00415493227083162,0.0124349838437808,1.6002));
#16610=CARTESIAN_POINT('',(-0.008769005,0.010331565,1.6002));
#16611=CARTESIAN_POINT('',(-0.008769005,0.010331565,0.));
#16612=CARTESIAN_POINT('',(-0.01002433,0.01158689,0.));
#16613=CARTESIAN_POINT('',(-0.01002433,0.01158689,1.6002));
#16614=CARTESIAN_POINT('',(-0.01002433,0.01158689,1.6002));
#16615=CARTESIAN_POINT('',(-0.008769005,0.010331565,1.6002));
#16616=CARTESIAN_POINT('',(-0.00939493076297674,0.0122162387490702,1.6002));
#16617=CARTESIAN_POINT('',(-0.00939493076297674,0.0122162387490702,0.));
#16618=CARTESIAN_POINT('',(-0.010285,0.01221621,0.));
#16619=CARTESIAN_POINT('',(-0.010285,0.01221621,1.6002));
#16620=CARTESIAN_POINT('',(-0.010285,0.01221621,1.6002));
#16621=CARTESIAN_POINT('',(-0.00939493076297674,0.0122162387490702,1.6002));
#16622=CARTESIAN_POINT('',(-0.010285,0.014223105,1.6002));
#16623=CARTESIAN_POINT('',(-0.010285,0.014223105,0.));
#16624=CARTESIAN_POINT('',(-0.010285,0.01623,0.));
#16625=CARTESIAN_POINT('',(-0.010285,0.01623,1.6002));
#16626=CARTESIAN_POINT('',(-0.010285,0.01623,1.6002));
#16627=CARTESIAN_POINT('',(-0.010285,0.014223105,1.6002));
#16628=CARTESIAN_POINT('',(-0.00901501498099075,0.0162300149809907,1.6002));
#16629=CARTESIAN_POINT('',(-0.00901501498099075,0.0162300149809907,0.));
#16630=CARTESIAN_POINT('',(-0.009015,0.0175,0.));
#16631=CARTESIAN_POINT('',(-0.009015,0.0175,1.6002));
#16632=CARTESIAN_POINT('',(-0.009015,0.0175,1.6002));
#16633=CARTESIAN_POINT('',(-0.00901501498099075,0.0162300149809907,1.6002));
#16634=CARTESIAN_POINT('',(-0.00806,0.0175,1.6002));
#16635=CARTESIAN_POINT('',(-0.00806,0.0175,0.));
#16636=CARTESIAN_POINT('',(-0.007105,0.0175,0.));
#16637=CARTESIAN_POINT('',(-0.007105,0.0175,1.6002));
#16638=CARTESIAN_POINT('',(-0.007105,0.0175,1.6002));
#16639=CARTESIAN_POINT('',(-0.00806,0.0175,1.6002));
#16640=CARTESIAN_POINT('',(-0.0071049887176516,0.0172500112823484,1.6002));
#16641=CARTESIAN_POINT('',(-0.0071049887176516,0.0172500112823484,0.));
#16642=CARTESIAN_POINT('',(-0.006855,0.01725,0.));
#16643=CARTESIAN_POINT('',(-0.006855,0.01725,1.6002));
#16644=CARTESIAN_POINT('',(-0.006855,0.01725,1.6002));
#16645=CARTESIAN_POINT('',(-0.0071049887176516,0.0172500112823484,1.6002));
#16646=CARTESIAN_POINT('',(-0.006855,0.01675,1.6002));
#16647=CARTESIAN_POINT('',(-0.006855,0.01675,0.));
#16648=CARTESIAN_POINT('',(-0.006855,0.01625,0.));
#16649=CARTESIAN_POINT('',(-0.006855,0.01625,1.6002));
#16650=CARTESIAN_POINT('',(-0.006855,0.01625,1.6002));
#16651=CARTESIAN_POINT('',(-0.006855,0.01675,1.6002));
#16652=CARTESIAN_POINT('',(-0.0066050112823484,0.0162499887176516,1.6002));
#16653=CARTESIAN_POINT('',(-0.0066050112823484,0.0162499887176516,0.));
#16654=CARTESIAN_POINT('',(-0.006605,0.016,0.));
#16655=CARTESIAN_POINT('',(-0.006605,0.016,1.6002));
#16656=CARTESIAN_POINT('',(-0.006605,0.016,1.6002));
#16657=CARTESIAN_POINT('',(-0.0066050112823484,0.0162499887176516,1.6002));
#16658=CARTESIAN_POINT('',(-0.0061175,0.016,1.6002));
#16659=CARTESIAN_POINT('',(-0.0061175,0.016,0.));
#16660=CARTESIAN_POINT('',(-0.00563,0.016,0.));
#16661=CARTESIAN_POINT('',(-0.00563,0.016,1.6002));
#16662=CARTESIAN_POINT('',(-0.00563,0.016,1.6002));
#16663=CARTESIAN_POINT('',(-0.0061175,0.016,1.6002));
#16664=CARTESIAN_POINT('',(0.0155450034574927,-0.0155450034574927,1.6002));
#16665=CARTESIAN_POINT('',(0.0155450034574927,-0.0155450034574927,0.));
#16666=CARTESIAN_POINT('',(0.015545,-0.018345,0.));
#16667=CARTESIAN_POINT('',(0.018345,-0.015545,0.));
#16668=CARTESIAN_POINT('',(0.015545,-0.018345,1.6002));
#16669=CARTESIAN_POINT('',(0.015545,-0.018345,1.6002));
#16670=CARTESIAN_POINT('',(0.0155450034574927,-0.0155450034574927,1.6002));
#16671=CARTESIAN_POINT('',(0.018345,-0.015545,1.6002));
#16672=CARTESIAN_POINT('',(0.018345,-0.015545,1.6002));
#16673=CARTESIAN_POINT('',(0.0140174,-0.018345,1.6002));
#16674=CARTESIAN_POINT('',(0.0140174,-0.018345,0.));
#16675=CARTESIAN_POINT('',(0.0124898,-0.018345,0.));
#16676=CARTESIAN_POINT('',(0.0124898,-0.018345,1.6002));
#16677=CARTESIAN_POINT('',(0.0124898,-0.018345,1.6002));
#16678=CARTESIAN_POINT('',(0.0140174,-0.018345,1.6002));
#16679=CARTESIAN_POINT('',(0.0124897906866953,-0.0177150093133047,1.6002));
#16680=CARTESIAN_POINT('',(0.0124897906866953,-0.0177150093133047,0.));
#16681=CARTESIAN_POINT('',(0.0118598,-0.017715,0.));
#16682=CARTESIAN_POINT('',(0.0118598,-0.017715,1.6002));
#16683=CARTESIAN_POINT('',(0.0118598,-0.017715,1.6002));
#16684=CARTESIAN_POINT('',(0.0124897906866953,-0.0177150093133047,1.6002));
#16685=CARTESIAN_POINT('',(0.0118598,-0.0154224,1.6002));
#16686=CARTESIAN_POINT('',(0.0118598,-0.0154224,0.));
#16687=CARTESIAN_POINT('',(0.0118598,-0.0131298,0.));
#16688=CARTESIAN_POINT('',(0.0118598,-0.0131298,1.6002));
#16689=CARTESIAN_POINT('',(0.0118598,-0.0131298,1.6002));
#16690=CARTESIAN_POINT('',(0.0118598,-0.0154224,1.6002));
#16691=CARTESIAN_POINT('',(0.0131297850190092,-0.0131297850190092,1.6002));
#16692=CARTESIAN_POINT('',(0.0131297850190092,-0.0131297850190092,0.));
#16693=CARTESIAN_POINT('',(0.0131298,-0.0118598,0.));
#16694=CARTESIAN_POINT('',(0.0131298,-0.0118598,1.6002));
#16695=CARTESIAN_POINT('',(0.0131298,-0.0118598,1.6002));
#16696=CARTESIAN_POINT('',(0.0131297850190092,-0.0131297850190092,1.6002));
#16697=CARTESIAN_POINT('',(0.0154224,-0.0118598,1.6002));
#16698=CARTESIAN_POINT('',(0.0154224,-0.0118598,0.));
#16699=CARTESIAN_POINT('',(0.017715,-0.0118598,0.));
#16700=CARTESIAN_POINT('',(0.017715,-0.0118598,1.6002));
#16701=CARTESIAN_POINT('',(0.017715,-0.0118598,1.6002));
#16702=CARTESIAN_POINT('',(0.0154224,-0.0118598,1.6002));
#16703=CARTESIAN_POINT('',(0.0177150093133047,-0.0124897906866953,1.6002));
#16704=CARTESIAN_POINT('',(0.0177150093133047,-0.0124897906866953,0.));
#16705=CARTESIAN_POINT('',(0.018345,-0.0124898,0.));
#16706=CARTESIAN_POINT('',(0.018345,-0.0124898,1.6002));
#16707=CARTESIAN_POINT('',(0.018345,-0.0124898,1.6002));
#16708=CARTESIAN_POINT('',(0.0177150093133047,-0.0124897906866953,1.6002));
#16709=CARTESIAN_POINT('',(-0.0155450034574927,-0.0155450034574927,1.6002));
#16710=CARTESIAN_POINT('',(-0.0155450034574927,-0.0155450034574927,0.));
#16711=CARTESIAN_POINT('',(-0.018345,-0.015545,0.));
#16712=CARTESIAN_POINT('',(-0.015545,-0.018345,0.));
#16713=CARTESIAN_POINT('',(-0.018345,-0.015545,1.6002));
#16714=CARTESIAN_POINT('',(-0.018345,-0.015545,1.6002));
#16715=CARTESIAN_POINT('',(-0.0155450034574927,-0.0155450034574927,1.6002));
#16716=CARTESIAN_POINT('',(-0.015545,-0.018345,1.6002));
#16717=CARTESIAN_POINT('',(-0.015545,-0.018345,1.6002));
#16718=CARTESIAN_POINT('',(-0.018345,-0.0140174,1.6002));
#16719=CARTESIAN_POINT('',(-0.018345,-0.0140174,0.));
#16720=CARTESIAN_POINT('',(-0.018345,-0.0124898,0.));
#16721=CARTESIAN_POINT('',(-0.018345,-0.0124898,1.6002));
#16722=CARTESIAN_POINT('',(-0.018345,-0.0124898,1.6002));
#16723=CARTESIAN_POINT('',(-0.018345,-0.0140174,1.6002));
#16724=CARTESIAN_POINT('',(-0.0177150093133047,-0.0124897906866953,1.6002));
#16725=CARTESIAN_POINT('',(-0.0177150093133047,-0.0124897906866953,0.));
#16726=CARTESIAN_POINT('',(-0.017715,-0.0118598,0.));
#16727=CARTESIAN_POINT('',(-0.017715,-0.0118598,1.6002));
#16728=CARTESIAN_POINT('',(-0.017715,-0.0118598,1.6002));
#16729=CARTESIAN_POINT('',(-0.0177150093133047,-0.0124897906866953,1.6002));
#16730=CARTESIAN_POINT('',(-0.0154224,-0.0118598,1.6002));
#16731=CARTESIAN_POINT('',(-0.0154224,-0.0118598,0.));
#16732=CARTESIAN_POINT('',(-0.0131298,-0.0118598,0.));
#16733=CARTESIAN_POINT('',(-0.0131298,-0.0118598,1.6002));
#16734=CARTESIAN_POINT('',(-0.0131298,-0.0118598,1.6002));
#16735=CARTESIAN_POINT('',(-0.0154224,-0.0118598,1.6002));
#16736=CARTESIAN_POINT('',(-0.0131297850190092,-0.0131297850190092,1.6002));
#16737=CARTESIAN_POINT('',(-0.0131297850190092,-0.0131297850190092,0.));
#16738=CARTESIAN_POINT('',(-0.0118598,-0.0131298,0.));
#16739=CARTESIAN_POINT('',(-0.0118598,-0.0131298,1.6002));
#16740=CARTESIAN_POINT('',(-0.0118598,-0.0131298,1.6002));
#16741=CARTESIAN_POINT('',(-0.0131297850190092,-0.0131297850190092,1.6002));
#16742=CARTESIAN_POINT('',(-0.0118598,-0.0154224,1.6002));
#16743=CARTESIAN_POINT('',(-0.0118598,-0.0154224,0.));
#16744=CARTESIAN_POINT('',(-0.0118598,-0.017715,0.));
#16745=CARTESIAN_POINT('',(-0.0118598,-0.017715,1.6002));
#16746=CARTESIAN_POINT('',(-0.0118598,-0.017715,1.6002));
#16747=CARTESIAN_POINT('',(-0.0118598,-0.0154224,1.6002));
#16748=CARTESIAN_POINT('',(-0.0124897906866953,-0.0177150093133047,1.6002));
#16749=CARTESIAN_POINT('',(-0.0124897906866953,-0.0177150093133047,0.));
#16750=CARTESIAN_POINT('',(-0.0124898,-0.018345,0.));
#16751=CARTESIAN_POINT('',(-0.0124898,-0.018345,1.6002));
#16752=CARTESIAN_POINT('',(-0.0124898,-0.018345,1.6002));
#16753=CARTESIAN_POINT('',(-0.0124897906866953,-0.0177150093133047,1.6002));
#16754=CARTESIAN_POINT('',(0.0155450034574927,0.0155450034574927,1.6002));
#16755=CARTESIAN_POINT('',(0.0155450034574927,0.0155450034574927,0.));
#16756=CARTESIAN_POINT('',(0.018345,0.015545,0.));
#16757=CARTESIAN_POINT('',(0.015545,0.018345,0.));
#16758=CARTESIAN_POINT('',(0.018345,0.015545,1.6002));
#16759=CARTESIAN_POINT('',(0.018345,0.015545,1.6002));
#16760=CARTESIAN_POINT('',(0.0155450034574927,0.0155450034574927,1.6002));
#16761=CARTESIAN_POINT('',(0.015545,0.018345,1.6002));
#16762=CARTESIAN_POINT('',(0.015545,0.018345,1.6002));
#16763=CARTESIAN_POINT('',(0.018345,0.0140174,1.6002));
#16764=CARTESIAN_POINT('',(0.018345,0.0140174,0.));
#16765=CARTESIAN_POINT('',(0.018345,0.0124898,0.));
#16766=CARTESIAN_POINT('',(0.018345,0.0124898,1.6002));
#16767=CARTESIAN_POINT('',(0.018345,0.0124898,1.6002));
#16768=CARTESIAN_POINT('',(0.018345,0.0140174,1.6002));
#16769=CARTESIAN_POINT('',(0.0177150093133047,0.0124897906866953,1.6002));
#16770=CARTESIAN_POINT('',(0.0177150093133047,0.0124897906866953,0.));
#16771=CARTESIAN_POINT('',(0.017715,0.0118598,0.));
#16772=CARTESIAN_POINT('',(0.017715,0.0118598,1.6002));
#16773=CARTESIAN_POINT('',(0.017715,0.0118598,1.6002));
#16774=CARTESIAN_POINT('',(0.0177150093133047,0.0124897906866953,1.6002));
#16775=CARTESIAN_POINT('',(0.0154224,0.0118598,1.6002));
#16776=CARTESIAN_POINT('',(0.0154224,0.0118598,0.));
#16777=CARTESIAN_POINT('',(0.0131298,0.0118598,0.));
#16778=CARTESIAN_POINT('',(0.0131298,0.0118598,1.6002));
#16779=CARTESIAN_POINT('',(0.0131298,0.0118598,1.6002));
#16780=CARTESIAN_POINT('',(0.0154224,0.0118598,1.6002));
#16781=CARTESIAN_POINT('',(0.0131297850190092,0.0131297850190092,1.6002));
#16782=CARTESIAN_POINT('',(0.0131297850190092,0.0131297850190092,0.));
#16783=CARTESIAN_POINT('',(0.0118598,0.0131298,0.));
#16784=CARTESIAN_POINT('',(0.0118598,0.0131298,1.6002));
#16785=CARTESIAN_POINT('',(0.0118598,0.0131298,1.6002));
#16786=CARTESIAN_POINT('',(0.0131297850190092,0.0131297850190092,1.6002));
#16787=CARTESIAN_POINT('',(0.0118598,0.0154224,1.6002));
#16788=CARTESIAN_POINT('',(0.0118598,0.0154224,0.));
#16789=CARTESIAN_POINT('',(0.0118598,0.017715,0.));
#16790=CARTESIAN_POINT('',(0.0118598,0.017715,1.6002));
#16791=CARTESIAN_POINT('',(0.0118598,0.017715,1.6002));
#16792=CARTESIAN_POINT('',(0.0118598,0.0154224,1.6002));
#16793=CARTESIAN_POINT('',(0.0124897906866953,0.0177150093133047,1.6002));
#16794=CARTESIAN_POINT('',(0.0124897906866953,0.0177150093133047,0.));
#16795=CARTESIAN_POINT('',(0.0124898,0.018345,0.));
#16796=CARTESIAN_POINT('',(0.0124898,0.018345,1.6002));
#16797=CARTESIAN_POINT('',(0.0124898,0.018345,1.6002));
#16798=CARTESIAN_POINT('',(0.0124897906866953,0.0177150093133047,1.6002));
#16799=CARTESIAN_POINT('',(-0.0155450034574927,0.0155450034574927,1.6002));
#16800=CARTESIAN_POINT('',(-0.0155450034574927,0.0155450034574927,0.));
#16801=CARTESIAN_POINT('',(-0.015545,0.018345,0.));
#16802=CARTESIAN_POINT('',(-0.018345,0.015545,0.));
#16803=CARTESIAN_POINT('',(-0.015545,0.018345,1.6002));
#16804=CARTESIAN_POINT('',(-0.015545,0.018345,1.6002));
#16805=CARTESIAN_POINT('',(-0.0155450034574927,0.0155450034574927,1.6002));
#16806=CARTESIAN_POINT('',(-0.018345,0.015545,1.6002));
#16807=CARTESIAN_POINT('',(-0.018345,0.015545,1.6002));
#16808=CARTESIAN_POINT('',(-0.0140174,0.018345,1.6002));
#16809=CARTESIAN_POINT('',(-0.0140174,0.018345,0.));
#16810=CARTESIAN_POINT('',(-0.0124898,0.018345,0.));
#16811=CARTESIAN_POINT('',(-0.0124898,0.018345,1.6002));
#16812=CARTESIAN_POINT('',(-0.0124898,0.018345,1.6002));
#16813=CARTESIAN_POINT('',(-0.0140174,0.018345,1.6002));
#16814=CARTESIAN_POINT('',(-0.0124897906866953,0.0177150093133047,1.6002));
#16815=CARTESIAN_POINT('',(-0.0124897906866953,0.0177150093133047,0.));
#16816=CARTESIAN_POINT('',(-0.0118598,0.017715,0.));
#16817=CARTESIAN_POINT('',(-0.0118598,0.017715,1.6002));
#16818=CARTESIAN_POINT('',(-0.0118598,0.017715,1.6002));
#16819=CARTESIAN_POINT('',(-0.0124897906866953,0.0177150093133047,1.6002));
#16820=CARTESIAN_POINT('',(-0.0118598,0.0154224,1.6002));
#16821=CARTESIAN_POINT('',(-0.0118598,0.0154224,0.));
#16822=CARTESIAN_POINT('',(-0.0118598,0.0131298,0.));
#16823=CARTESIAN_POINT('',(-0.0118598,0.0131298,1.6002));
#16824=CARTESIAN_POINT('',(-0.0118598,0.0131298,1.6002));
#16825=CARTESIAN_POINT('',(-0.0118598,0.0154224,1.6002));
#16826=CARTESIAN_POINT('',(-0.0131297850190092,0.0131297850190092,1.6002));
#16827=CARTESIAN_POINT('',(-0.0131297850190092,0.0131297850190092,0.));
#16828=CARTESIAN_POINT('',(-0.0131298,0.0118598,0.));
#16829=CARTESIAN_POINT('',(-0.0131298,0.0118598,1.6002));
#16830=CARTESIAN_POINT('',(-0.0131298,0.0118598,1.6002));
#16831=CARTESIAN_POINT('',(-0.0131297850190092,0.0131297850190092,1.6002));
#16832=CARTESIAN_POINT('',(-0.0154224,0.0118598,1.6002));
#16833=CARTESIAN_POINT('',(-0.0154224,0.0118598,0.));
#16834=CARTESIAN_POINT('',(-0.017715,0.0118598,0.));
#16835=CARTESIAN_POINT('',(-0.017715,0.0118598,1.6002));
#16836=CARTESIAN_POINT('',(-0.017715,0.0118598,1.6002));
#16837=CARTESIAN_POINT('',(-0.0154224,0.0118598,1.6002));
#16838=CARTESIAN_POINT('',(-0.0177150093133047,0.0124897906866953,1.6002));
#16839=CARTESIAN_POINT('',(-0.0177150093133047,0.0124897906866953,0.));
#16840=CARTESIAN_POINT('',(-0.018345,0.0124898,0.));
#16841=CARTESIAN_POINT('',(-0.018345,0.0124898,1.6002));
#16842=CARTESIAN_POINT('',(-0.018345,0.0124898,1.6002));
#16843=CARTESIAN_POINT('',(-0.0177150093133047,0.0124897906866953,1.6002));
#16844=CARTESIAN_POINT('',(-0.00494974616896952,-0.00494974616896952,1.6002));
#16845=CARTESIAN_POINT('',(-0.00494974616896952,-0.00494974616896952,0.));
#16846=CARTESIAN_POINT('',(-0.00543931,-0.00484812,0.));
#16847=CARTESIAN_POINT('',(-0.00484812,-0.00543931,0.));
#16848=CARTESIAN_POINT('',(-0.00543931,-0.00484812,1.6002));
#16849=CARTESIAN_POINT('',(-0.00543931,-0.00484812,1.6002));
#16850=CARTESIAN_POINT('',(-0.00494974616896952,-0.00494974616896952,1.6002));
#16851=CARTESIAN_POINT('',(-0.00484812,-0.00543931,1.6002));
#16852=CARTESIAN_POINT('',(-0.00484812,-0.00543931,1.6002));
#16853=CARTESIAN_POINT('',(-0.00528278,-0.00428008,1.6002));
#16854=CARTESIAN_POINT('',(-0.00528278,-0.00428008,0.));
#16855=CARTESIAN_POINT('',(-0.00512625,-0.00371204,0.));
#16856=CARTESIAN_POINT('',(-0.00512625,-0.00371204,1.6002));
#16857=CARTESIAN_POINT('',(-0.00512625,-0.00371204,1.6002));
#16858=CARTESIAN_POINT('',(-0.00528278,-0.00428008,1.6002));
#16859=CARTESIAN_POINT('',(-0.00406559,-0.00265138,1.6002));
#16860=CARTESIAN_POINT('',(-0.00406559,-0.00265138,0.));
#16861=CARTESIAN_POINT('',(-0.00300493,-0.00159072,0.));
#16862=CARTESIAN_POINT('',(-0.00300493,-0.00159072,1.6002));
#16863=CARTESIAN_POINT('',(-0.00300493,-0.00159072,1.6002));
#16864=CARTESIAN_POINT('',(-0.00406559,-0.00265138,1.6002));
#16865=CARTESIAN_POINT('',(-3.51575011169752E-8,-1.45409625470052E-8,1.6002));
#16866=CARTESIAN_POINT('',(-3.51575011169752E-8,-1.45409625470052E-8,0.));
#16867=CARTESIAN_POINT('',(-0.00334206,-0.000625,0.));
#16868=CARTESIAN_POINT('',(-0.00334206,-0.000625,1.6002));
#16869=CARTESIAN_POINT('',(-0.00334206,-0.000625,1.6002));
#16870=CARTESIAN_POINT('',(-3.51575011169752E-8,-1.45409625470052E-8,1.6002));
#16871=CARTESIAN_POINT('',(-0.00371485,-0.00055863,1.6002));
#16872=CARTESIAN_POINT('',(-0.00371485,-0.00055863,0.));
#16873=CARTESIAN_POINT('',(-0.00408764,-0.00049226,0.));
#16874=CARTESIAN_POINT('',(-0.00408764,-0.00049226,1.6002));
#16875=CARTESIAN_POINT('',(-0.00408764,-0.00049226,1.6002));
#16876=CARTESIAN_POINT('',(-0.00371485,-0.00055863,1.6002));
#16877=CARTESIAN_POINT('',(-0.00399999917887283,-5.42101086242752E-20,1.6002));
#16878=CARTESIAN_POINT('',(-0.00399999917887283,-5.42101086242752E-20,0.));
#16879=CARTESIAN_POINT('',(-0.00408764,0.00049226,0.));
#16880=CARTESIAN_POINT('',(-0.00408764,0.00049226,1.6002));
#16881=CARTESIAN_POINT('',(-0.00408764,0.00049226,1.6002));
#16882=CARTESIAN_POINT('',(-0.00399999917887283,-5.42101086242752E-20,1.6002));
#16883=CARTESIAN_POINT('',(-0.00371485,0.00055863,1.6002));
#16884=CARTESIAN_POINT('',(-0.00371485,0.00055863,0.));
#16885=CARTESIAN_POINT('',(-0.00334206,0.000625,0.));
#16886=CARTESIAN_POINT('',(-0.00334206,0.000625,1.6002));
#16887=CARTESIAN_POINT('',(-0.00334206,0.000625,1.6002));
#16888=CARTESIAN_POINT('',(-0.00371485,0.00055863,1.6002));
#16889=CARTESIAN_POINT('',(-3.51575011169752E-8,1.45409625471136E-8,1.6002));
#16890=CARTESIAN_POINT('',(-3.51575011169752E-8,1.45409625471136E-8,0.));
#16891=CARTESIAN_POINT('',(-0.00300493,0.00159072,0.));
#16892=CARTESIAN_POINT('',(-0.00300493,0.00159072,1.6002));
#16893=CARTESIAN_POINT('',(-0.00300493,0.00159072,1.6002));
#16894=CARTESIAN_POINT('',(-3.51575011169752E-8,1.45409625471136E-8,1.6002));
#16895=CARTESIAN_POINT('',(-0.00406559,0.00265138,1.6002));
#16896=CARTESIAN_POINT('',(-0.00406559,0.00265138,0.));
#16897=CARTESIAN_POINT('',(-0.00512625,0.00371204,0.));
#16898=CARTESIAN_POINT('',(-0.00512625,0.00371204,1.6002));
#16899=CARTESIAN_POINT('',(-0.00512625,0.00371204,1.6002));
#16900=CARTESIAN_POINT('',(-0.00406559,0.00265138,1.6002));
#16901=CARTESIAN_POINT('',(-0.00528278,0.00428008,1.6002));
#16902=CARTESIAN_POINT('',(-0.00528278,0.00428008,0.));
#16903=CARTESIAN_POINT('',(-0.00543931,0.00484812,0.));
#16904=CARTESIAN_POINT('',(-0.00543931,0.00484812,1.6002));
#16905=CARTESIAN_POINT('',(-0.00543931,0.00484812,1.6002));
#16906=CARTESIAN_POINT('',(-0.00528278,0.00428008,1.6002));
#16907=CARTESIAN_POINT('',(-0.00494974616896952,0.00494974616896952,1.6002));
#16908=CARTESIAN_POINT('',(-0.00494974616896952,0.00494974616896952,0.));
#16909=CARTESIAN_POINT('',(-0.00484812,0.00543931,0.));
#16910=CARTESIAN_POINT('',(-0.00484812,0.00543931,1.6002));
#16911=CARTESIAN_POINT('',(-0.00484812,0.00543931,1.6002));
#16912=CARTESIAN_POINT('',(-0.00494974616896952,0.00494974616896952,1.6002));
#16913=CARTESIAN_POINT('',(-0.00428008,0.00528278,1.6002));
#16914=CARTESIAN_POINT('',(-0.00428008,0.00528278,0.));
#16915=CARTESIAN_POINT('',(-0.00371204,0.00512625,0.));
#16916=CARTESIAN_POINT('',(-0.00371204,0.00512625,1.6002));
#16917=CARTESIAN_POINT('',(-0.00371204,0.00512625,1.6002));
#16918=CARTESIAN_POINT('',(-0.00428008,0.00528278,1.6002));
#16919=CARTESIAN_POINT('',(-0.00265138,0.00406559,1.6002));
#16920=CARTESIAN_POINT('',(-0.00265138,0.00406559,0.));
#16921=CARTESIAN_POINT('',(-0.00159072,0.00300493,0.));
#16922=CARTESIAN_POINT('',(-0.00159072,0.00300493,1.6002));
#16923=CARTESIAN_POINT('',(-0.00159072,0.00300493,1.6002));
#16924=CARTESIAN_POINT('',(-0.00265138,0.00406559,1.6002));
#16925=CARTESIAN_POINT('',(-1.45409625470052E-8,3.51575011169752E-8,1.6002));
#16926=CARTESIAN_POINT('',(-1.45409625470052E-8,3.51575011169752E-8,0.));
#16927=CARTESIAN_POINT('',(-0.000625,0.00334206,0.));
#16928=CARTESIAN_POINT('',(-0.000625,0.00334206,1.6002));
#16929=CARTESIAN_POINT('',(-0.000625,0.00334206,1.6002));
#16930=CARTESIAN_POINT('',(-1.45409625470052E-8,3.51575011169752E-8,1.6002));
#16931=CARTESIAN_POINT('',(-0.00055863,0.00371485,1.6002));
#16932=CARTESIAN_POINT('',(-0.00055863,0.00371485,0.));
#16933=CARTESIAN_POINT('',(-0.00049226,0.00408764,0.));
#16934=CARTESIAN_POINT('',(-0.00049226,0.00408764,1.6002));
#16935=CARTESIAN_POINT('',(-0.00049226,0.00408764,1.6002));
#16936=CARTESIAN_POINT('',(-0.00055863,0.00371485,1.6002));
#16937=CARTESIAN_POINT('',(-5.42101086242752E-20,0.00399999917887283,1.6002));
#16938=CARTESIAN_POINT('',(-5.42101086242752E-20,0.00399999917887283,0.));
#16939=CARTESIAN_POINT('',(0.00049226,0.00408764,0.));
#16940=CARTESIAN_POINT('',(0.00049226,0.00408764,1.6002));
#16941=CARTESIAN_POINT('',(0.00049226,0.00408764,1.6002));
#16942=CARTESIAN_POINT('',(-5.42101086242752E-20,0.00399999917887283,1.6002));
#16943=CARTESIAN_POINT('',(0.00055863,0.00371485,1.6002));
#16944=CARTESIAN_POINT('',(0.00055863,0.00371485,0.));
#16945=CARTESIAN_POINT('',(0.000625,0.00334206,0.));
#16946=CARTESIAN_POINT('',(0.000625,0.00334206,1.6002));
#16947=CARTESIAN_POINT('',(0.000625,0.00334206,1.6002));
#16948=CARTESIAN_POINT('',(0.00055863,0.00371485,1.6002));
#16949=CARTESIAN_POINT('',(1.45409625471136E-8,3.51575011169752E-8,1.6002));
#16950=CARTESIAN_POINT('',(1.45409625471136E-8,3.51575011169752E-8,0.));
#16951=CARTESIAN_POINT('',(0.00159072,0.00300493,0.));
#16952=CARTESIAN_POINT('',(0.00159072,0.00300493,1.6002));
#16953=CARTESIAN_POINT('',(0.00159072,0.00300493,1.6002));
#16954=CARTESIAN_POINT('',(1.45409625471136E-8,3.51575011169752E-8,1.6002));
#16955=CARTESIAN_POINT('',(0.00265138,0.00406559,1.6002));
#16956=CARTESIAN_POINT('',(0.00265138,0.00406559,0.));
#16957=CARTESIAN_POINT('',(0.00371204,0.00512625,0.));
#16958=CARTESIAN_POINT('',(0.00371204,0.00512625,1.6002));
#16959=CARTESIAN_POINT('',(0.00371204,0.00512625,1.6002));
#16960=CARTESIAN_POINT('',(0.00265138,0.00406559,1.6002));
#16961=CARTESIAN_POINT('',(0.00428008,0.00528278,1.6002));
#16962=CARTESIAN_POINT('',(0.00428008,0.00528278,0.));
#16963=CARTESIAN_POINT('',(0.00484812,0.00543931,0.));
#16964=CARTESIAN_POINT('',(0.00484812,0.00543931,1.6002));
#16965=CARTESIAN_POINT('',(0.00484812,0.00543931,1.6002));
#16966=CARTESIAN_POINT('',(0.00428008,0.00528278,1.6002));
#16967=CARTESIAN_POINT('',(0.00494974616896952,0.00494974616896952,1.6002));
#16968=CARTESIAN_POINT('',(0.00494974616896952,0.00494974616896952,0.));
#16969=CARTESIAN_POINT('',(0.00543931,0.00484812,0.));
#16970=CARTESIAN_POINT('',(0.00543931,0.00484812,1.6002));
#16971=CARTESIAN_POINT('',(0.00543931,0.00484812,1.6002));
#16972=CARTESIAN_POINT('',(0.00494974616896952,0.00494974616896952,1.6002));
#16973=CARTESIAN_POINT('',(0.00528278,0.00428008,1.6002));
#16974=CARTESIAN_POINT('',(0.00528278,0.00428008,0.));
#16975=CARTESIAN_POINT('',(0.00512625,0.00371204,0.));
#16976=CARTESIAN_POINT('',(0.00512625,0.00371204,1.6002));
#16977=CARTESIAN_POINT('',(0.00512625,0.00371204,1.6002));
#16978=CARTESIAN_POINT('',(0.00528278,0.00428008,1.6002));
#16979=CARTESIAN_POINT('',(0.00406559,0.00265138,1.6002));
#16980=CARTESIAN_POINT('',(0.00406559,0.00265138,0.));
#16981=CARTESIAN_POINT('',(0.00300493,0.00159072,0.));
#16982=CARTESIAN_POINT('',(0.00300493,0.00159072,1.6002));
#16983=CARTESIAN_POINT('',(0.00300493,0.00159072,1.6002));
#16984=CARTESIAN_POINT('',(0.00406559,0.00265138,1.6002));
#16985=CARTESIAN_POINT('',(3.51575011169752E-8,1.45409625470052E-8,1.6002));
#16986=CARTESIAN_POINT('',(3.51575011169752E-8,1.45409625470052E-8,0.));
#16987=CARTESIAN_POINT('',(0.00334206,0.000625,0.));
#16988=CARTESIAN_POINT('',(0.00334206,0.000625,1.6002));
#16989=CARTESIAN_POINT('',(0.00334206,0.000625,1.6002));
#16990=CARTESIAN_POINT('',(3.51575011169752E-8,1.45409625470052E-8,1.6002));
#16991=CARTESIAN_POINT('',(0.00371485,0.00055863,1.6002));
#16992=CARTESIAN_POINT('',(0.00371485,0.00055863,0.));
#16993=CARTESIAN_POINT('',(0.00408764,0.00049226,0.));
#16994=CARTESIAN_POINT('',(0.00408764,0.00049226,1.6002));
#16995=CARTESIAN_POINT('',(0.00408764,0.00049226,1.6002));
#16996=CARTESIAN_POINT('',(0.00371485,0.00055863,1.6002));
#16997=CARTESIAN_POINT('',(0.00399999917887283,5.42101086242752E-20,1.6002));
#16998=CARTESIAN_POINT('',(0.00399999917887283,5.42101086242752E-20,0.));
#16999=CARTESIAN_POINT('',(0.00408764,-0.00049226,0.));
#17000=CARTESIAN_POINT('',(0.00408764,-0.00049226,1.6002));
#17001=CARTESIAN_POINT('',(0.00408764,-0.00049226,1.6002));
#17002=CARTESIAN_POINT('',(0.00399999917887283,5.42101086242752E-20,1.6002));
#17003=CARTESIAN_POINT('',(0.00371485,-0.00055863,1.6002));
#17004=CARTESIAN_POINT('',(0.00371485,-0.00055863,0.));
#17005=CARTESIAN_POINT('',(0.00334206,-0.000625,0.));
#17006=CARTESIAN_POINT('',(0.00334206,-0.000625,1.6002));
#17007=CARTESIAN_POINT('',(0.00334206,-0.000625,1.6002));
#17008=CARTESIAN_POINT('',(0.00371485,-0.00055863,1.6002));
#17009=CARTESIAN_POINT('',(3.51575011169752E-8,-1.45409625471136E-8,1.6002));
#17010=CARTESIAN_POINT('',(3.51575011169752E-8,-1.45409625471136E-8,0.));
#17011=CARTESIAN_POINT('',(0.00300493,-0.00159072,0.));
#17012=CARTESIAN_POINT('',(0.00300493,-0.00159072,1.6002));
#17013=CARTESIAN_POINT('',(0.00300493,-0.00159072,1.6002));
#17014=CARTESIAN_POINT('',(3.51575011169752E-8,-1.45409625471136E-8,1.6002));
#17015=CARTESIAN_POINT('',(0.00406559,-0.00265138,1.6002));
#17016=CARTESIAN_POINT('',(0.00406559,-0.00265138,0.));
#17017=CARTESIAN_POINT('',(0.00512625,-0.00371204,0.));
#17018=CARTESIAN_POINT('',(0.00512625,-0.00371204,1.6002));
#17019=CARTESIAN_POINT('',(0.00512625,-0.00371204,1.6002));
#17020=CARTESIAN_POINT('',(0.00406559,-0.00265138,1.6002));
#17021=CARTESIAN_POINT('',(0.00528278,-0.00428008,1.6002));
#17022=CARTESIAN_POINT('',(0.00528278,-0.00428008,0.));
#17023=CARTESIAN_POINT('',(0.00543931,-0.00484812,0.));
#17024=CARTESIAN_POINT('',(0.00543931,-0.00484812,1.6002));
#17025=CARTESIAN_POINT('',(0.00543931,-0.00484812,1.6002));
#17026=CARTESIAN_POINT('',(0.00528278,-0.00428008,1.6002));
#17027=CARTESIAN_POINT('',(0.00494974616896952,-0.00494974616896952,1.6002));
#17028=CARTESIAN_POINT('',(0.00494974616896952,-0.00494974616896952,0.));
#17029=CARTESIAN_POINT('',(0.00484812,-0.00543931,0.));
#17030=CARTESIAN_POINT('',(0.00484812,-0.00543931,1.6002));
#17031=CARTESIAN_POINT('',(0.00484812,-0.00543931,1.6002));
#17032=CARTESIAN_POINT('',(0.00494974616896952,-0.00494974616896952,1.6002));
#17033=CARTESIAN_POINT('',(0.00428008,-0.00528278,1.6002));
#17034=CARTESIAN_POINT('',(0.00428008,-0.00528278,0.));
#17035=CARTESIAN_POINT('',(0.00371204,-0.00512625,0.));
#17036=CARTESIAN_POINT('',(0.00371204,-0.00512625,1.6002));
#17037=CARTESIAN_POINT('',(0.00371204,-0.00512625,1.6002));
#17038=CARTESIAN_POINT('',(0.00428008,-0.00528278,1.6002));
#17039=CARTESIAN_POINT('',(0.00265138,-0.00406559,1.6002));
#17040=CARTESIAN_POINT('',(0.00265138,-0.00406559,0.));
#17041=CARTESIAN_POINT('',(0.00159072,-0.00300493,0.));
#17042=CARTESIAN_POINT('',(0.00159072,-0.00300493,1.6002));
#17043=CARTESIAN_POINT('',(0.00159072,-0.00300493,1.6002));
#17044=CARTESIAN_POINT('',(0.00265138,-0.00406559,1.6002));
#17045=CARTESIAN_POINT('',(1.45409625470052E-8,-3.51575011169752E-8,1.6002));
#17046=CARTESIAN_POINT('',(1.45409625470052E-8,-3.51575011169752E-8,0.));
#17047=CARTESIAN_POINT('',(0.000625,-0.00334206,0.));
#17048=CARTESIAN_POINT('',(0.000625,-0.00334206,1.6002));
#17049=CARTESIAN_POINT('',(0.000625,-0.00334206,1.6002));
#17050=CARTESIAN_POINT('',(1.45409625470052E-8,-3.51575011169752E-8,1.6002));
#17051=CARTESIAN_POINT('',(0.00055863,-0.00371485,1.6002));
#17052=CARTESIAN_POINT('',(0.00055863,-0.00371485,0.));
#17053=CARTESIAN_POINT('',(0.00049226,-0.00408764,0.));
#17054=CARTESIAN_POINT('',(0.00049226,-0.00408764,1.6002));
#17055=CARTESIAN_POINT('',(0.00049226,-0.00408764,1.6002));
#17056=CARTESIAN_POINT('',(0.00055863,-0.00371485,1.6002));
#17057=CARTESIAN_POINT('',(5.42101086242752E-20,-0.00399999917887283,1.6002));
#17058=CARTESIAN_POINT('',(5.42101086242752E-20,-0.00399999917887283,0.));
#17059=CARTESIAN_POINT('',(-0.00049226,-0.00408764,0.));
#17060=CARTESIAN_POINT('',(-0.00049226,-0.00408764,1.6002));
#17061=CARTESIAN_POINT('',(-0.00049226,-0.00408764,1.6002));
#17062=CARTESIAN_POINT('',(5.42101086242752E-20,-0.00399999917887283,1.6002));
#17063=CARTESIAN_POINT('',(-0.00055863,-0.00371485,1.6002));
#17064=CARTESIAN_POINT('',(-0.00055863,-0.00371485,0.));
#17065=CARTESIAN_POINT('',(-0.000625,-0.00334206,0.));
#17066=CARTESIAN_POINT('',(-0.000625,-0.00334206,1.6002));
#17067=CARTESIAN_POINT('',(-0.000625,-0.00334206,1.6002));
#17068=CARTESIAN_POINT('',(-0.00055863,-0.00371485,1.6002));
#17069=CARTESIAN_POINT('',(-1.45409625471136E-8,-3.51575011169752E-8,1.6002));
#17070=CARTESIAN_POINT('',(-1.45409625471136E-8,-3.51575011169752E-8,0.));
#17071=CARTESIAN_POINT('',(-0.00159072,-0.00300493,0.));
#17072=CARTESIAN_POINT('',(-0.00159072,-0.00300493,1.6002));
#17073=CARTESIAN_POINT('',(-0.00159072,-0.00300493,1.6002));
#17074=CARTESIAN_POINT('',(-1.45409625471136E-8,-3.51575011169752E-8,1.6002));
#17075=CARTESIAN_POINT('',(-0.00265138,-0.00406559,1.6002));
#17076=CARTESIAN_POINT('',(-0.00265138,-0.00406559,0.));
#17077=CARTESIAN_POINT('',(-0.00371204,-0.00512625,0.));
#17078=CARTESIAN_POINT('',(-0.00371204,-0.00512625,1.6002));
#17079=CARTESIAN_POINT('',(-0.00371204,-0.00512625,1.6002));
#17080=CARTESIAN_POINT('',(-0.00265138,-0.00406559,1.6002));
#17081=CARTESIAN_POINT('',(0.018345,-0.0140174,1.6002));
#17082=CARTESIAN_POINT('',(0.018345,-0.0140174,0.));
#17083=CARTESIAN_POINT('',(0.018345,-0.0140174,1.6002));
#17084=CARTESIAN_POINT('',(-0.0140174,-0.018345,1.6002));
#17085=CARTESIAN_POINT('',(-0.0140174,-0.018345,0.));
#17086=CARTESIAN_POINT('',(-0.0140174,-0.018345,1.6002));
#17087=CARTESIAN_POINT('',(0.0140174,0.018345,1.6002));
#17088=CARTESIAN_POINT('',(0.0140174,0.018345,0.));
#17089=CARTESIAN_POINT('',(0.0140174,0.018345,1.6002));
#17090=CARTESIAN_POINT('',(-0.018345,0.0140174,1.6002));
#17091=CARTESIAN_POINT('',(-0.018345,0.0140174,0.));
#17092=CARTESIAN_POINT('',(-0.018345,0.0140174,1.6002));
#17093=CARTESIAN_POINT('',(-0.00428008,-0.00528278,1.6002));
#17094=CARTESIAN_POINT('',(-0.00428008,-0.00528278,0.));
#17095=CARTESIAN_POINT('',(-0.00428008,-0.00528278,1.6002));
#17096=CARTESIAN_POINT('',(-0.00562999196457129,0.0175699919645713,1.6002));
#17097=CARTESIAN_POINT('',(-0.00562999196457129,0.0175699919645713,0.));
#17098=CARTESIAN_POINT('',(-0.00562999196457129,0.0175699919645713,1.6002));
#17099=CARTESIAN_POINT('',(0.,0.,1.6002));
#17100=CARTESIAN_POINT('',(0.,0.,0.));
#17101=CARTESIAN_POINT('',(0.511584330320502,0.937481644793443,0.937634225820322));
#17102=CARTESIAN_POINT('',(-0.0881625,-0.069005,0.003175));
#17103=CARTESIAN_POINT('',(-0.0881625,-0.064505,0.003175));
#17104=CARTESIAN_POINT('',(-0.0881625,-0.064505,0.003175));
#17105=CARTESIAN_POINT('',(-0.0881625,-0.064505,0.00635));
#17106=CARTESIAN_POINT('',(-0.0881625,-0.069005,0.003175));
#17107=CARTESIAN_POINT('',(-0.0881625,-0.073505,0.003175));
#17108=CARTESIAN_POINT('',(-0.0881625,-0.073505,0.003175));
#17109=CARTESIAN_POINT('',(-0.0881625,-0.073505,0.00635));
#17110=CARTESIAN_POINT('',(-0.0881625,-0.0317175,0.00635));
#17111=CARTESIAN_POINT('',(-0.09,-0.073505,0.003175));
#17112=CARTESIAN_POINT('',(-0.09,-0.073505,0.003175));
#17113=CARTESIAN_POINT('',(-0.0918375,-0.073505,0.003175));
#17114=CARTESIAN_POINT('',(-0.0918375,-0.073505,0.003175));
#17115=CARTESIAN_POINT('',(-0.0918375,-0.073505,0.00635));
#17116=CARTESIAN_POINT('',(-2.77555756156289E-17,-0.073505,0.00635));
#17117=CARTESIAN_POINT('',(-0.0918375,-0.069005,0.003175));
#17118=CARTESIAN_POINT('',(-0.0918375,-0.069005,0.003175));
#17119=CARTESIAN_POINT('',(-0.0918375,-0.064505,0.003175));
#17120=CARTESIAN_POINT('',(-0.0918375,-0.064505,0.003175));
#17121=CARTESIAN_POINT('',(-0.0918375,-0.064505,0.00635));
#17122=CARTESIAN_POINT('',(-0.0918375,-0.0317175,0.00635));
#17123=CARTESIAN_POINT('',(-0.09,-0.039505,0.003175));
#17124=CARTESIAN_POINT('',(-0.0918375,-0.039505,0.003175));
#17125=CARTESIAN_POINT('',(-0.0918375,-0.039505,0.003175));
#17126=CARTESIAN_POINT('',(-0.0918375,-0.039505,0.00635));
#17127=CARTESIAN_POINT('',(-0.09,-0.039505,0.003175));
#17128=CARTESIAN_POINT('',(-0.0881625,-0.039505,0.003175));
#17129=CARTESIAN_POINT('',(-0.0881625,-0.039505,0.003175));
#17130=CARTESIAN_POINT('',(-0.0881625,-0.039505,0.00635));
#17131=CARTESIAN_POINT('',(-2.77555756156289E-17,-0.039505,0.00635));
#17132=CARTESIAN_POINT('',(-0.0881625,-0.044005,0.003175));
#17133=CARTESIAN_POINT('',(-0.0881625,-0.044005,0.003175));
#17134=CARTESIAN_POINT('',(-0.0881625,-0.048505,0.003175));
#17135=CARTESIAN_POINT('',(-0.0881625,-0.048505,0.003175));
#17136=CARTESIAN_POINT('',(-0.0881625,-0.048505,0.00635));
#17137=CARTESIAN_POINT('',(-0.0881625,-0.0317175,0.00635));
#17138=CARTESIAN_POINT('',(-0.09,-0.048505,0.003175));
#17139=CARTESIAN_POINT('',(-0.09,-0.048505,0.003175));
#17140=CARTESIAN_POINT('',(-0.0918375,-0.048505,0.003175));
#17141=CARTESIAN_POINT('',(-0.0918375,-0.048505,0.003175));
#17142=CARTESIAN_POINT('',(-0.0918375,-0.048505,0.00635));
#17143=CARTESIAN_POINT('',(-2.77555756156289E-17,-0.048505,0.00635));
#17144=CARTESIAN_POINT('',(0.09,-0.023505,0.003175));
#17145=CARTESIAN_POINT('',(0.0918375,-0.023505,0.003175));
#17146=CARTESIAN_POINT('',(0.0918375,-0.023505,0.003175));
#17147=CARTESIAN_POINT('',(0.0918375,-0.023505,0.00635));
#17148=CARTESIAN_POINT('',(0.09,-0.023505,0.003175));
#17149=CARTESIAN_POINT('',(0.0881625,-0.023505,0.003175));
#17150=CARTESIAN_POINT('',(0.0881625,-0.023505,0.003175));
#17151=CARTESIAN_POINT('',(0.0881625,-0.023505,0.00635));
#17152=CARTESIAN_POINT('',(-2.77555756156289E-17,-0.023505,0.00635));
#17153=CARTESIAN_POINT('',(0.0881625,-0.019005,0.003175));
#17154=CARTESIAN_POINT('',(0.0881625,-0.019005,0.003175));
#17155=CARTESIAN_POINT('',(0.0881625,-0.014505,0.003175));
#17156=CARTESIAN_POINT('',(0.0881625,-0.014505,0.003175));
#17157=CARTESIAN_POINT('',(0.0881625,-0.014505,0.00635));
#17158=CARTESIAN_POINT('',(0.0881625,-0.0317175,0.00635));
#17159=CARTESIAN_POINT('',(0.09,-0.014505,0.003175));
#17160=CARTESIAN_POINT('',(0.09,-0.014505,0.003175));
#17161=CARTESIAN_POINT('',(0.0918375,-0.014505,0.003175));
#17162=CARTESIAN_POINT('',(0.0918375,-0.014505,0.003175));
#17163=CARTESIAN_POINT('',(0.0918375,-0.014505,0.00635));
#17164=CARTESIAN_POINT('',(-2.77555756156289E-17,-0.014505,0.00635));
#17165=CARTESIAN_POINT('',(0.09,-0.048505,0.003175));
#17166=CARTESIAN_POINT('',(0.0918375,-0.048505,0.003175));
#17167=CARTESIAN_POINT('',(0.0918375,-0.048505,0.003175));
#17168=CARTESIAN_POINT('',(0.0918375,-0.048505,0.00635));
#17169=CARTESIAN_POINT('',(0.09,-0.048505,0.003175));
#17170=CARTESIAN_POINT('',(0.0881625,-0.048505,0.003175));
#17171=CARTESIAN_POINT('',(0.0881625,-0.048505,0.003175));
#17172=CARTESIAN_POINT('',(0.0881625,-0.048505,0.00635));
#17173=CARTESIAN_POINT('',(-2.77555756156289E-17,-0.048505,0.00635));
#17174=CARTESIAN_POINT('',(0.0881625,-0.044005,0.003175));
#17175=CARTESIAN_POINT('',(0.0881625,-0.044005,0.003175));
#17176=CARTESIAN_POINT('',(0.0881625,-0.039505,0.003175));
#17177=CARTESIAN_POINT('',(0.0881625,-0.039505,0.003175));
#17178=CARTESIAN_POINT('',(0.0881625,-0.039505,0.00635));
#17179=CARTESIAN_POINT('',(0.0881625,-0.0317175,0.00635));
#17180=CARTESIAN_POINT('',(0.09,-0.039505,0.003175));
#17181=CARTESIAN_POINT('',(0.09,-0.039505,0.003175));
#17182=CARTESIAN_POINT('',(0.0918375,-0.039505,0.003175));
#17183=CARTESIAN_POINT('',(0.0918375,-0.039505,0.003175));
#17184=CARTESIAN_POINT('',(0.0918375,-0.039505,0.00635));
#17185=CARTESIAN_POINT('',(-2.77555756156289E-17,-0.039505,0.00635));
#17186=CARTESIAN_POINT('',(0.19725,-0.0897175,0.003175));
#17187=CARTESIAN_POINT('',(0.19725,-0.089005,0.003175));
#17188=CARTESIAN_POINT('',(0.19725,-0.089005,0.003175));
#17189=CARTESIAN_POINT('',(0.19725,-0.089005,0.00635));
#17190=CARTESIAN_POINT('',(0.19725,-0.0897175,0.003175));
#17191=CARTESIAN_POINT('',(0.19725,-0.08813,0.003175));
#17192=CARTESIAN_POINT('',(0.19725,-0.08813,0.003175));
#17193=CARTESIAN_POINT('',(0.19725,-0.08813,0.00635));
#17194=CARTESIAN_POINT('',(0.19725,-0.0317175,0.00635));
#17195=CARTESIAN_POINT('',(0.1375,-0.0352971656686627,0.003175));
#17196=CARTESIAN_POINT('',(0.1375,-0.0352971656686627,0.003175));
#17197=CARTESIAN_POINT('',(0.07775,0.0175356686626747,0.003175));
#17198=CARTESIAN_POINT('',(0.07775,0.0175356686626747,0.003175));
#17199=CARTESIAN_POINT('',(0.07775,0.0175356686626747,0.00635));
#17200=CARTESIAN_POINT('',(0.1375,-0.0352971656686627,0.00635));
#17201=CARTESIAN_POINT('',(0.07775,0.0202028343313373,0.003175));
#17202=CARTESIAN_POINT('',(0.07775,0.0202028343313373,0.003175));
#17203=CARTESIAN_POINT('',(0.07775,0.02287,0.003175));
#17204=CARTESIAN_POINT('',(0.07775,0.02287,0.003175));
#17205=CARTESIAN_POINT('',(0.07775,0.02287,0.00635));
#17206=CARTESIAN_POINT('',(0.07775,-0.0317175,0.00635));
#17207=CARTESIAN_POINT('',(0.07275,0.02287,0.003175));
#17208=CARTESIAN_POINT('',(0.07275,0.02287,0.003175));
#17209=CARTESIAN_POINT('',(0.07275,0.02787,0.003175));
#17210=CARTESIAN_POINT('',(0.07275,0.02787,0.003175));
#17211=CARTESIAN_POINT('',(0.07275,0.02787,0.00635));
#17212=CARTESIAN_POINT('',(0.07275,0.02287,0.00635));
#17213=CARTESIAN_POINT('',(0.07025,0.02787,0.003175));
#17214=CARTESIAN_POINT('',(0.07025,0.02787,0.003175));
#17215=CARTESIAN_POINT('',(0.06775,0.02787,0.003175));
#17216=CARTESIAN_POINT('',(0.06775,0.02787,0.003175));
#17217=CARTESIAN_POINT('',(0.06775,0.02787,0.00635));
#17218=CARTESIAN_POINT('',(-2.77555756156289E-17,0.02787,0.00635));
#17219=CARTESIAN_POINT('',(0.06775,0.02287,0.003175));
#17220=CARTESIAN_POINT('',(0.06775,0.02287,0.003175));
#17221=CARTESIAN_POINT('',(0.06275,0.02287,0.003175));
#17222=CARTESIAN_POINT('',(0.06275,0.02287,0.003175));
#17223=CARTESIAN_POINT('',(0.06275,0.02287,0.00635));
#17224=CARTESIAN_POINT('',(0.06775,0.02287,0.00635));
#17225=CARTESIAN_POINT('',(0.06275,-0.01263,0.003175));
#17226=CARTESIAN_POINT('',(0.06275,-0.01263,0.003175));
#17227=CARTESIAN_POINT('',(0.06275,-0.04813,0.003175));
#17228=CARTESIAN_POINT('',(0.06275,-0.04813,0.003175));
#17229=CARTESIAN_POINT('',(0.06275,-0.04813,0.00635));
#17230=CARTESIAN_POINT('',(0.06275,-0.0317175,0.00635));
#17231=CARTESIAN_POINT('',(0.05775,-0.04813,0.003175));
#17232=CARTESIAN_POINT('',(0.05775,-0.04813,0.003175));
#17233=CARTESIAN_POINT('',(0.05775,-0.05313,0.003175));
#17234=CARTESIAN_POINT('',(0.05775,-0.05313,0.003175));
#17235=CARTESIAN_POINT('',(0.05775,-0.05313,0.00635));
#17236=CARTESIAN_POINT('',(0.05775,-0.04813,0.00635));
#17237=CARTESIAN_POINT('',(-3.46944695195361E-18,-0.05313,0.003175));
#17238=CARTESIAN_POINT('',(-3.46944695195361E-18,-0.05313,0.003175));
#17239=CARTESIAN_POINT('',(-0.05775,-0.05313,0.003175));
#17240=CARTESIAN_POINT('',(-0.05775,-0.05313,0.003175));
#17241=CARTESIAN_POINT('',(-0.05775,-0.05313,0.00635));
#17242=CARTESIAN_POINT('',(-2.77555756156289E-17,-0.05313,0.00635));
#17243=CARTESIAN_POINT('',(-0.05775,-0.04813,0.003175));
#17244=CARTESIAN_POINT('',(-0.05775,-0.04813,0.003175));
#17245=CARTESIAN_POINT('',(-0.06275,-0.04813,0.003175));
#17246=CARTESIAN_POINT('',(-0.06275,-0.04813,0.003175));
#17247=CARTESIAN_POINT('',(-0.06275,-0.04813,0.00635));
#17248=CARTESIAN_POINT('',(-0.05775,-0.04813,0.00635));
#17249=CARTESIAN_POINT('',(-0.06275,-0.01263,0.003175));
#17250=CARTESIAN_POINT('',(-0.06275,-0.01263,0.003175));
#17251=CARTESIAN_POINT('',(-0.06275,0.02287,0.003175));
#17252=CARTESIAN_POINT('',(-0.06275,0.02287,0.003175));
#17253=CARTESIAN_POINT('',(-0.06275,0.02287,0.00635));
#17254=CARTESIAN_POINT('',(-0.06275,-0.0317175,0.00635));
#17255=CARTESIAN_POINT('',(-0.06775,0.02287,0.003175));
#17256=CARTESIAN_POINT('',(-0.06775,0.02287,0.003175));
#17257=CARTESIAN_POINT('',(-0.06775,0.02787,0.003175));
#17258=CARTESIAN_POINT('',(-0.06775,0.02787,0.003175));
#17259=CARTESIAN_POINT('',(-0.06775,0.02787,0.00635));
#17260=CARTESIAN_POINT('',(-0.06775,0.02287,0.00635));
#17261=CARTESIAN_POINT('',(-0.07025,0.02787,0.003175));
#17262=CARTESIAN_POINT('',(-0.07025,0.02787,0.003175));
#17263=CARTESIAN_POINT('',(-0.07275,0.02787,0.003175));
#17264=CARTESIAN_POINT('',(-0.07275,0.02787,0.003175));
#17265=CARTESIAN_POINT('',(-0.07275,0.02787,0.00635));
#17266=CARTESIAN_POINT('',(-2.77555756156289E-17,0.02787,0.00635));
#17267=CARTESIAN_POINT('',(-0.07275,0.02287,0.003175));
#17268=CARTESIAN_POINT('',(-0.07275,0.02287,0.003175));
#17269=CARTESIAN_POINT('',(-0.07775,0.02287,0.003175));
#17270=CARTESIAN_POINT('',(-0.07775,0.02287,0.003175));
#17271=CARTESIAN_POINT('',(-0.07775,0.02287,0.00635));
#17272=CARTESIAN_POINT('',(-0.07275,0.02287,0.00635));
#17273=CARTESIAN_POINT('',(-0.07775,0.0202028343313373,0.003175));
#17274=CARTESIAN_POINT('',(-0.07775,0.0202028343313373,0.003175));
#17275=CARTESIAN_POINT('',(-0.07775,0.0175356686626746,0.003175));
#17276=CARTESIAN_POINT('',(-0.07775,0.0175356686626746,0.003175));
#17277=CARTESIAN_POINT('',(-0.07775,0.0175356686626746,0.00635));
#17278=CARTESIAN_POINT('',(-0.07775,-0.0317175,0.00635));
#17279=CARTESIAN_POINT('',(-0.1375,-0.0352971656686627,0.003175));
#17280=CARTESIAN_POINT('',(-0.1375,-0.0352971656686627,0.003175));
#17281=CARTESIAN_POINT('',(-0.19725,-0.08813,0.003175));
#17282=CARTESIAN_POINT('',(-0.19725,-0.08813,0.003175));
#17283=CARTESIAN_POINT('',(-0.19725,-0.08813,0.00635));
#17284=CARTESIAN_POINT('',(-0.1375,-0.0352971656686627,0.00635));
#17285=CARTESIAN_POINT('',(0.09,-0.073505,0.003175));
#17286=CARTESIAN_POINT('',(0.0918375,-0.073505,0.003175));
#17287=CARTESIAN_POINT('',(0.0918375,-0.073505,0.003175));
#17288=CARTESIAN_POINT('',(0.0918375,-0.073505,0.00635));
#17289=CARTESIAN_POINT('',(0.09,-0.073505,0.003175));
#17290=CARTESIAN_POINT('',(0.0881625,-0.073505,0.003175));
#17291=CARTESIAN_POINT('',(0.0881625,-0.073505,0.003175));
#17292=CARTESIAN_POINT('',(0.0881625,-0.073505,0.00635));
#17293=CARTESIAN_POINT('',(-2.77555756156289E-17,-0.073505,0.00635));
#17294=CARTESIAN_POINT('',(0.0881625,-0.069005,0.003175));
#17295=CARTESIAN_POINT('',(0.0881625,-0.069005,0.003175));
#17296=CARTESIAN_POINT('',(0.0881625,-0.064505,0.003175));
#17297=CARTESIAN_POINT('',(0.0881625,-0.064505,0.003175));
#17298=CARTESIAN_POINT('',(0.0881625,-0.064505,0.00635));
#17299=CARTESIAN_POINT('',(0.0881625,-0.0317175,0.00635));
#17300=CARTESIAN_POINT('',(0.09,-0.064505,0.003175));
#17301=CARTESIAN_POINT('',(0.09,-0.064505,0.003175));
#17302=CARTESIAN_POINT('',(0.0918375,-0.064505,0.003175));
#17303=CARTESIAN_POINT('',(0.0918375,-0.064505,0.003175));
#17304=CARTESIAN_POINT('',(0.0918375,-0.064505,0.00635));
#17305=CARTESIAN_POINT('',(-2.77555756156289E-17,-0.064505,0.00635));
#17306=CARTESIAN_POINT('',(-0.0881625,-0.019005,0.003175));
#17307=CARTESIAN_POINT('',(-0.0881625,-0.014505,0.003175));
#17308=CARTESIAN_POINT('',(-0.0881625,-0.014505,0.003175));
#17309=CARTESIAN_POINT('',(-0.0881625,-0.014505,0.00635));
#17310=CARTESIAN_POINT('',(-0.0881625,-0.019005,0.003175));
#17311=CARTESIAN_POINT('',(-0.0881625,-0.023505,0.003175));
#17312=CARTESIAN_POINT('',(-0.0881625,-0.023505,0.003175));
#17313=CARTESIAN_POINT('',(-0.0881625,-0.023505,0.00635));
#17314=CARTESIAN_POINT('',(-0.0881625,-0.0317175,0.00635));
#17315=CARTESIAN_POINT('',(-0.09,-0.023505,0.003175));
#17316=CARTESIAN_POINT('',(-0.09,-0.023505,0.003175));
#17317=CARTESIAN_POINT('',(-0.0918375,-0.023505,0.003175));
#17318=CARTESIAN_POINT('',(-0.0918375,-0.023505,0.003175));
#17319=CARTESIAN_POINT('',(-0.0918375,-0.023505,0.00635));
#17320=CARTESIAN_POINT('',(-2.77555756156289E-17,-0.023505,0.00635));
#17321=CARTESIAN_POINT('',(-0.0918375,-0.019005,0.003175));
#17322=CARTESIAN_POINT('',(-0.0918375,-0.019005,0.003175));
#17323=CARTESIAN_POINT('',(-0.0918375,-0.014505,0.003175));
#17324=CARTESIAN_POINT('',(-0.0918375,-0.014505,0.003175));
#17325=CARTESIAN_POINT('',(-0.0918375,-0.014505,0.00635));
#17326=CARTESIAN_POINT('',(-0.0918375,-0.0317175,0.00635));
#17327=CARTESIAN_POINT('',(-0.09,-0.014505,0.003175));
#17328=CARTESIAN_POINT('',(-0.09,-0.014505,0.003175));
#17329=CARTESIAN_POINT('',(-2.77555756156289E-17,-0.014505,0.00635));
#17330=CARTESIAN_POINT('',(0.0918375,-0.069005,0.003175));
#17331=CARTESIAN_POINT('',(0.0918375,-0.069005,0.003175));
#17332=CARTESIAN_POINT('',(0.0918375,-0.0317175,0.00635));
#17333=CARTESIAN_POINT('',(-0.19725,-0.0897175,0.003175));
#17334=CARTESIAN_POINT('',(-0.19725,-0.0897175,0.003175));
#17335=CARTESIAN_POINT('',(-0.19725,-0.089005,0.003175));
#17336=CARTESIAN_POINT('',(-0.19725,-0.089005,0.003175));
#17337=CARTESIAN_POINT('',(-0.19725,-0.089005,0.00635));
#17338=CARTESIAN_POINT('',(-0.19725,-0.0317175,0.00635));
#17339=CARTESIAN_POINT('',(-0.072,0.02262,0.003175));
#17340=CARTESIAN_POINT('',(-0.072,0.02262,0.00635));
#17341=CARTESIAN_POINT('',(-0.06875,0.02262,0.00635));
#17342=CARTESIAN_POINT('',(-0.072,0.02262,0.003175));
#17343=CARTESIAN_POINT('',(-0.06875,0.02262,0.003175));
#17344=CARTESIAN_POINT('',(0.072,0.02262,0.003175));
#17345=CARTESIAN_POINT('',(0.072,0.02262,0.00635));
#17346=CARTESIAN_POINT('',(0.06875,0.02262,0.00635));
#17347=CARTESIAN_POINT('',(0.072,0.02262,0.003175));
#17348=CARTESIAN_POINT('',(0.07525,0.02262,0.003175));
#17349=CARTESIAN_POINT('',(-0.036975,-0.05705,0.003175));
#17350=CARTESIAN_POINT('',(-0.036975,-0.05705,0.00635));
#17351=CARTESIAN_POINT('',(-0.040225,-0.05705,0.00635));
#17352=CARTESIAN_POINT('',(-0.036975,-0.05705,0.003175));
#17353=CARTESIAN_POINT('',(-0.033725,-0.05705,0.003175));
#17354=CARTESIAN_POINT('',(0.072,-0.02262,0.003175));
#17355=CARTESIAN_POINT('',(0.072,-0.02262,0.00635));
#17356=CARTESIAN_POINT('',(0.07525,-0.02262,0.00635));
#17357=CARTESIAN_POINT('',(0.072,-0.02262,0.003175));
#17358=CARTESIAN_POINT('',(0.07525,-0.02262,0.003175));
#17359=CARTESIAN_POINT('',(-0.072,-0.02262,0.003175));
#17360=CARTESIAN_POINT('',(-0.072,-0.02262,0.00635));
#17361=CARTESIAN_POINT('',(-0.07525,-0.02262,0.00635));
#17362=CARTESIAN_POINT('',(-0.072,-0.02262,0.003175));
#17363=CARTESIAN_POINT('',(-0.06875,-0.02262,0.003175));
#17364=CARTESIAN_POINT('',(0.036975,-0.05705,0.003175));
#17365=CARTESIAN_POINT('',(0.036975,-0.05705,0.00635));
#17366=CARTESIAN_POINT('',(0.040225,-0.05705,0.00635));
#17367=CARTESIAN_POINT('',(0.036975,-0.05705,0.003175));
#17368=CARTESIAN_POINT('',(0.040225,-0.05705,0.003175));
#17369=CARTESIAN_POINT('',(0.0918375,-0.044005,0.003175));
#17370=CARTESIAN_POINT('',(0.0918375,-0.044005,0.003175));
#17371=CARTESIAN_POINT('',(0.0918375,-0.0317175,0.00635));
#17372=CARTESIAN_POINT('',(0.0918375,-0.019005,0.003175));
#17373=CARTESIAN_POINT('',(0.0918375,-0.019005,0.003175));
#17374=CARTESIAN_POINT('',(0.0918375,-0.0317175,0.00635));
#17375=CARTESIAN_POINT('',(-0.0918375,-0.044005,0.003175));
#17376=CARTESIAN_POINT('',(-0.0918375,-0.044005,0.003175));
#17377=CARTESIAN_POINT('',(-0.0918375,-0.0317175,0.00635));
#17378=CARTESIAN_POINT('',(-0.09,-0.064505,0.003175));
#17379=CARTESIAN_POINT('',(-0.09,-0.064505,0.003175));
#17380=CARTESIAN_POINT('',(-2.77555756156289E-17,-0.064505,0.00635));
#17381=CARTESIAN_POINT('',(-2.77555756156289E-17,-0.0317175,0.00635));
#17382=CARTESIAN_POINT('',(-1.16334206034075E-17,-0.089005,0.00635));
#17383=CARTESIAN_POINT('',(-2.77555756156289E-17,-0.0317175,0.003175));
#17384=CARTESIAN_POINT('',(-1.16334206034075E-17,-0.089005,0.003175));
#17385=CARTESIAN_POINT('',(0.19725,-0.091305,0.003175));
#17386=CARTESIAN_POINT('',(0.19725,-0.09448,0.003175));
#17387=CARTESIAN_POINT('',(0.19725,-0.09448,0.000875));
#17388=CARTESIAN_POINT('',(0.19725,-0.09448,-0.0332402020253553));
#17389=CARTESIAN_POINT('',(0.19725,-0.091305,-0.0332402020253554));
#17390=CARTESIAN_POINT('',(0.19725,-0.091305,-0.0332402020253553));
#17391=CARTESIAN_POINT('',(0.19725,-0.091305,0.003175));
#17392=CARTESIAN_POINT('',(0.19725,-0.091305,0.000875));
#17393=CARTESIAN_POINT('',(0.19725,-0.091305,0.000875));
#17394=CARTESIAN_POINT('',(-0.19725,-0.091305,0.003175));
#17395=CARTESIAN_POINT('',(-0.19725,-0.091305,0.003175));
#17396=CARTESIAN_POINT('',(-0.19725,-0.091305,0.000875));
#17397=CARTESIAN_POINT('',(-0.19725,-0.091305,-0.0332402020253553));
#17398=CARTESIAN_POINT('',(-0.19725,-0.091305,-0.0332402020253554));
#17399=CARTESIAN_POINT('',(-0.19725,-0.09448,-0.0332402020253553));
#17400=CARTESIAN_POINT('',(-0.19725,-0.09448,0.003175));
#17401=CARTESIAN_POINT('',(-0.19725,-0.09448,0.000875));
#17402=CARTESIAN_POINT('',(-0.19725,-0.091305,0.000875));
#17403=CARTESIAN_POINT('',(-0.1839,-0.091305,-0.0195625));
#17404=CARTESIAN_POINT('',(-0.1839,-0.09448,-0.0195625));
#17405=CARTESIAN_POINT('',(-0.18725,-0.09448,-0.0195625));
#17406=CARTESIAN_POINT('',(-0.1839,-0.091305,-0.0195625));
#17407=CARTESIAN_POINT('',(-0.18725,-0.091305,-0.0195625));
#17408=CARTESIAN_POINT('',(-0.1239,-0.091305,-0.0195625));
#17409=CARTESIAN_POINT('',(-0.1239,-0.09448,-0.0195625));
#17410=CARTESIAN_POINT('',(-0.12725,-0.09448,-0.0195625));
#17411=CARTESIAN_POINT('',(-0.1239,-0.091305,-0.0195625));
#17412=CARTESIAN_POINT('',(-0.12725,-0.091305,-0.0195625));
#17413=CARTESIAN_POINT('',(-0.0639,-0.091305,-0.0195625));
#17414=CARTESIAN_POINT('',(-0.0639,-0.09448,-0.0195625));
#17415=CARTESIAN_POINT('',(-0.06725,-0.09448,-0.0195625));
#17416=CARTESIAN_POINT('',(-0.0639,-0.091305,-0.0195625));
#17417=CARTESIAN_POINT('',(-0.06725,-0.091305,-0.0195625));
#17418=CARTESIAN_POINT('',(-0.0039,-0.091305,-0.0195625));
#17419=CARTESIAN_POINT('',(-0.0039,-0.09448,-0.0195625));
#17420=CARTESIAN_POINT('',(-0.00725,-0.09448,-0.0195625));
#17421=CARTESIAN_POINT('',(-0.0039,-0.091305,-0.0195625));
#17422=CARTESIAN_POINT('',(-0.00725,-0.091305,-0.0195625));
#17423=CARTESIAN_POINT('',(0.0561,-0.091305,-0.0195625));
#17424=CARTESIAN_POINT('',(0.0561,-0.09448,-0.0195625));
#17425=CARTESIAN_POINT('',(0.05275,-0.09448,-0.0195625));
#17426=CARTESIAN_POINT('',(0.0561,-0.091305,-0.0195625));
#17427=CARTESIAN_POINT('',(0.05275,-0.091305,-0.0195625));
#17428=CARTESIAN_POINT('',(0.1161,-0.091305,-0.0195625));
#17429=CARTESIAN_POINT('',(0.1161,-0.09448,-0.0195625));
#17430=CARTESIAN_POINT('',(0.11275,-0.09448,-0.0195625));
#17431=CARTESIAN_POINT('',(0.1161,-0.091305,-0.0195625));
#17432=CARTESIAN_POINT('',(0.11275,-0.091305,-0.0195625));
#17433=CARTESIAN_POINT('',(0.1761,-0.091305,-0.0195625));
#17434=CARTESIAN_POINT('',(0.1761,-0.09448,-0.0195625));
#17435=CARTESIAN_POINT('',(0.17275,-0.09448,-0.0195625));
#17436=CARTESIAN_POINT('',(0.1761,-0.091305,-0.0195625));
#17437=CARTESIAN_POINT('',(0.17275,-0.091305,-0.0195625));
#17438=CARTESIAN_POINT('',(0.,-0.091305,-0.04));
#17439=CARTESIAN_POINT('',(8.93525501441032E-19,-0.09448,-0.04));
#17440=CARTESIAN_POINT('',(-0.190490202025355,-0.09448,-0.04));
#17441=CARTESIAN_POINT('',(0.190490202025355,-0.09448,-0.04));
#17442=CARTESIAN_POINT('',(-0.190490202025355,-0.091305,-0.04));
#17443=CARTESIAN_POINT('',(-0.190490202025355,-0.091305,-0.04));
#17444=CARTESIAN_POINT('',(0.,-0.091305,-0.04));
#17445=CARTESIAN_POINT('',(0.190490202025355,-0.091305,-0.04));
#17446=CARTESIAN_POINT('',(0.190490202025355,-0.091305,-0.04));
#17447=CARTESIAN_POINT('',(8.93525501441032E-19,-0.09448,0.003175));
#17448=CARTESIAN_POINT('',(-0.190490202025355,-0.09448,-0.0332402020253554));
#17449=CARTESIAN_POINT('',(0.190490202025355,-0.09448,-0.0332402020253554));
#17450=CARTESIAN_POINT('',(8.93525501441032E-19,-0.09448,0.000875));
#17451=CARTESIAN_POINT('',(0.,-0.091305,0.003175));
#17452=CARTESIAN_POINT('',(-0.190490202025355,-0.091305,-0.0332402020253554));
#17453=CARTESIAN_POINT('',(0.,-0.091305,0.000875));
#17454=CARTESIAN_POINT('',(0.190490202025355,-0.091305,-0.0332402020253554));
#17455=CARTESIAN_POINT('',(-0.190490202025355,-0.091305,-0.0332402020253554));
#17456=CARTESIAN_POINT('',(0.190490202025355,-0.091305,-0.0332402020253554));
#17457=CARTESIAN_POINT('',(0.19725,-0.089005,0.000875));
#17458=CARTESIAN_POINT('',(0.19725,-0.089005,0.000875));
#17459=CARTESIAN_POINT('',(0.19725,-0.089005,0.000875));
#17460=CARTESIAN_POINT('',(-0.19725,-0.089005,0.000875));
#17461=CARTESIAN_POINT('',(-0.19725,-0.089005,0.000875));
#17462=CARTESIAN_POINT('',(-0.19725,-0.089005,0.000875));
#17463=CARTESIAN_POINT('',(0.,-0.089005,0.000875));
#17464=CARTESIAN_POINT('',(0.,-0.089005,0.000875));
#17465=CARTESIAN_POINT('',(0.51020114288927,0.757383431959149,0.822764912433624));
#17466=CARTESIAN_POINT('',(-1.08861543092727,0.757347524166104,0.822708476848604));
#17467=CARTESIAN_POINT('',(-0.0851183949415963,-0.0102956622794448,0.003));
#17468=CARTESIAN_POINT('',(-0.0851183949415963,-0.0102956622794448,0.));
#17469=CARTESIAN_POINT('',(-0.0951183949415963,-0.0102956622794448,0.));
#17470=CARTESIAN_POINT('',(-0.0851183949415963,-0.0202956622794448,0.));
#17471=CARTESIAN_POINT('',(-0.0851183949415963,-0.0202956622794448,0.003));
#17472=CARTESIAN_POINT('',(-0.0851183949415963,-0.0202956622794448,0.003));
#17473=CARTESIAN_POINT('',(-0.0851183949415963,-0.0102956622794448,0.003));
#17474=CARTESIAN_POINT('',(-0.0951183949415963,-0.0102956622794448,0.003));
#17475=CARTESIAN_POINT('',(-0.0951183949415963,-0.0102956622794448,0.003));
#17476=CARTESIAN_POINT('',(0.0161583951374444,-0.0202956622794448,0.003));
#17477=CARTESIAN_POINT('',(0.0161583951374444,-0.0202956622794448,0.));
#17478=CARTESIAN_POINT('',(0.0323167902748887,-0.0202956622794448,0.));
#17479=CARTESIAN_POINT('',(0.0323167902748887,-0.0202956622794448,0.003));
#17480=CARTESIAN_POINT('',(0.0323167902748887,-0.0202956622794448,0.003));
#17481=CARTESIAN_POINT('',(0.0161583951374444,-0.0202956622794448,0.003));
#17482=CARTESIAN_POINT('',(0.0323167902748887,-0.0102956622794447,0.003));
#17483=CARTESIAN_POINT('',(0.0323167902748887,-0.0102956622794447,0.));
#17484=CARTESIAN_POINT('',(0.0423147697731262,-0.0104966745995197,0.));
#17485=CARTESIAN_POINT('',(0.0423147697731262,-0.0104966745995197,0.003));
#17486=CARTESIAN_POINT('',(0.0423147697731262,-0.0104966745995197,0.003));
#17487=CARTESIAN_POINT('',(0.0323167902748887,-0.0102956622794447,0.003));
#17488=CARTESIAN_POINT('',(0.0424072257116938,-0.00589808791615659,0.003));
#17489=CARTESIAN_POINT('',(0.0424072257116938,-0.00589808791615659,0.));
#17490=CARTESIAN_POINT('',(0.0426765107036961,0.00749564749378291,0.));
#17491=CARTESIAN_POINT('',(0.0426765107036961,0.00749564749378291,0.003));
#17492=CARTESIAN_POINT('',(0.0426765107036961,0.00749564749378291,0.003));
#17493=CARTESIAN_POINT('',(0.0424072257116938,-0.00589808791615659,0.003));
#17494=CARTESIAN_POINT('',(0.0326785312054585,0.0076966598138579,0.003));
#17495=CARTESIAN_POINT('',(0.0326785312054585,0.0076966598138579,0.));
#17496=CARTESIAN_POINT('',(0.0326785312054585,0.0176966598138579,0.));
#17497=CARTESIAN_POINT('',(0.0326785312054585,0.0176966598138579,0.003));
#17498=CARTESIAN_POINT('',(0.0326785312054585,0.0176966598138579,0.003));
#17499=CARTESIAN_POINT('',(0.0326785312054585,0.0076966598138579,0.003));
#17500=CARTESIAN_POINT('',(-0.0122199318680688,0.0176966598138579,0.003));
#17501=CARTESIAN_POINT('',(-0.0122199318680688,0.0176966598138579,0.));
#17502=CARTESIAN_POINT('',(-0.0306183949415962,0.0176966598138579,0.));
#17503=CARTESIAN_POINT('',(-0.0306183949415962,0.0176966598138579,0.003));
#17504=CARTESIAN_POINT('',(-0.0306183949415962,0.0176966598138579,0.003));
#17505=CARTESIAN_POINT('',(-0.0122199318680688,0.0176966598138579,0.003));
#17506=CARTESIAN_POINT('',(-0.0571183949415963,0.0437004987672066,0.003));
#17507=CARTESIAN_POINT('',(-0.0571183949415963,0.0437004987672066,0.003));
#17508=CARTESIAN_POINT('',(-0.0571183949415963,0.0697043377205553,0.003));
#17509=CARTESIAN_POINT('',(-0.0571183949415963,0.0441966598138579,0.003));
#17510=CARTESIAN_POINT('',(-0.0571183949415963,0.0441966598138579,0.003));
#17511=CARTESIAN_POINT('',(-0.0571183949415963,0.0441966598138579,0.));
#17512=CARTESIAN_POINT('',(-0.0571183949415963,0.0437004987672066,0.));
#17513=CARTESIAN_POINT('',(-0.0571183949415963,0.0697043377205553,0.));
#17514=CARTESIAN_POINT('',(-0.0571183949415963,0.0697043377205553,0.003));
#17515=CARTESIAN_POINT('',(-0.0671183949415962,0.0697043377205553,0.003));
#17516=CARTESIAN_POINT('',(-0.0671183949415962,0.0697043377205553,0.));
#17517=CARTESIAN_POINT('',(-0.0671183949415962,0.0797043377205552,0.));
#17518=CARTESIAN_POINT('',(-0.0671183949415962,0.0797043377205552,0.003));
#17519=CARTESIAN_POINT('',(-0.0671183949415962,0.0797043377205552,0.003));
#17520=CARTESIAN_POINT('',(-0.0671183949415962,0.0697043377205553,0.003));
#17521=CARTESIAN_POINT('',(-0.0806183949415962,0.0797043377205553,0.003));
#17522=CARTESIAN_POINT('',(-0.0806183949415962,0.0797043377205553,0.));
#17523=CARTESIAN_POINT('',(-0.0851183949415963,0.0797043377205553,0.));
#17524=CARTESIAN_POINT('',(-0.0851183949415963,0.0797043377205553,0.003));
#17525=CARTESIAN_POINT('',(-0.0851183949415963,0.0797043377205553,0.003));
#17526=CARTESIAN_POINT('',(-0.0806183949415962,0.0797043377205553,0.003));
#17527=CARTESIAN_POINT('',(-0.0851183949415963,0.0697043377205552,0.003));
#17528=CARTESIAN_POINT('',(-0.0851183949415963,0.0697043377205552,0.));
#17529=CARTESIAN_POINT('',(-0.0951183949415963,0.0697043377205553,0.));
#17530=CARTESIAN_POINT('',(-0.0951183949415963,0.0697043377205553,0.003));
#17531=CARTESIAN_POINT('',(-0.0951183949415963,0.0697043377205553,0.003));
#17532=CARTESIAN_POINT('',(-0.0851183949415963,0.0697043377205552,0.003));
#17533=CARTESIAN_POINT('',(-0.00711839494159624,-0.00130205398528972,0.003));
#17534=CARTESIAN_POINT('',(-0.00711839494159624,-0.00130205398528972,0.003));
#17535=CARTESIAN_POINT('',(-0.00386839494159624,-0.00130205398528972,0.003));
#17536=CARTESIAN_POINT('',(-0.00711839494159624,-0.00130205398528972,0.));
#17537=CARTESIAN_POINT('',(-0.00386839494159624,-0.00130205398528972,0.));
#17538=CARTESIAN_POINT('',(-0.0761183949415962,0.00470433772055523,0.003));
#17539=CARTESIAN_POINT('',(-0.0761183949415962,0.00470433772055523,0.003));
#17540=CARTESIAN_POINT('',(-0.0728683949415962,0.00470433772055523,0.003));
#17541=CARTESIAN_POINT('',(-0.0761183949415962,0.00470433772055523,0.));
#17542=CARTESIAN_POINT('',(-0.0728683949415962,0.00470433772055523,0.));
#17543=CARTESIAN_POINT('',(-0.0761183949415962,0.0547043377205552,0.003));
#17544=CARTESIAN_POINT('',(-0.0761183949415962,0.0547043377205552,0.003));
#17545=CARTESIAN_POINT('',(-0.0728683949415962,0.0547043377205552,0.003));
#17546=CARTESIAN_POINT('',(-0.0761183949415962,0.0547043377205552,0.));
#17547=CARTESIAN_POINT('',(-0.0728683949415962,0.0547043377205552,0.));
#17548=CARTESIAN_POINT('',(-0.0761183949415962,0.0297043377205552,0.003));
#17549=CARTESIAN_POINT('',(-0.0761183949415962,0.0297043377205552,0.003));
#17550=CARTESIAN_POINT('',(-0.0728683949415962,0.0297043377205552,0.003));
#17551=CARTESIAN_POINT('',(-0.0761183949415962,0.0297043377205552,0.));
#17552=CARTESIAN_POINT('',(-0.0728683949415962,0.0297043377205552,0.));
#17553=CARTESIAN_POINT('',(-0.0951183949415962,0.0297043377205552,0.003));
#17554=CARTESIAN_POINT('',(-0.0951183949415962,0.0297043377205552,0.));
#17555=CARTESIAN_POINT('',(-0.0951183949415962,0.0297043377205552,0.003));
#17556=CARTESIAN_POINT('',(0.0178816050584037,-0.00130076778443732,0.003));
#17557=CARTESIAN_POINT('',(0.0178816050584037,-0.00130076778443732,0.003));
#17558=CARTESIAN_POINT('',(0.0211316050584037,-0.00130076778443732,0.003));
#17559=CARTESIAN_POINT('',(0.0178816050584037,-0.00130076778443732,0.));
#17560=CARTESIAN_POINT('',(0.0211316050584037,-0.00130076778443732,0.));
#17561=CARTESIAN_POINT('',(-0.0321183949415962,-0.00130334018614213,0.003));
#17562=CARTESIAN_POINT('',(-0.0321183949415962,-0.00130334018614213,0.003));
#17563=CARTESIAN_POINT('',(-0.0288683949415962,-0.00130334018614213,0.003));
#17564=CARTESIAN_POINT('',(-0.0321183949415962,-0.00130334018614213,0.));
#17565=CARTESIAN_POINT('',(-0.0288683949415962,-0.00130334018614213,0.));
#17566=CARTESIAN_POINT('',(-0.0262199318680688,-0.00142522541321864,0.003));
#17567=CARTESIAN_POINT('',(-0.0571183949415963,0.0441966598138579,0.003));
#17568=CARTESIAN_POINT('',(-0.0262199318680688,-0.00142522541321864,0.));
#17569=CARTESIAN_POINT('',(-0.0188582207912943,0.00593648566355592,0.));
#17570=CARTESIAN_POINT('',(-0.0571183949415963,0.0441966598138579,0.003));
#17571=CARTESIAN_POINT('',(0.490856226091069,0.25020244064664,0.957748525852362));
#17572=CARTESIAN_POINT('',(0.49148824836731,0.193571517992019,0.937622754859924));
#17573=CARTESIAN_POINT('',(0.19725,-0.09888,0.003));
#17574=CARTESIAN_POINT('',(0.19725,-0.09888,0.));
#17575=CARTESIAN_POINT('',(0.19725,-0.10638,0.));
#17576=CARTESIAN_POINT('',(0.19725,-0.102089312029147,0.));
#17577=CARTESIAN_POINT('',(0.19725,-0.102089312029147,0.003));
#17578=CARTESIAN_POINT('',(0.19725,-0.102089312029147,0.003));
#17579=CARTESIAN_POINT('',(0.19725,-0.09888,0.003));
#17580=CARTESIAN_POINT('',(0.19725,-0.10638,0.003));
#17581=CARTESIAN_POINT('',(0.19725,-0.10638,0.003));
#17582=CARTESIAN_POINT('',(0.136282648720465,-0.03422074527578,0.003));
#17583=CARTESIAN_POINT('',(0.136282648720465,-0.03422074527578,0.003));
#17584=CARTESIAN_POINT('',(0.07775,0.0175356686626747,0.003));
#17585=CARTESIAN_POINT('',(0.186792531470697,-0.0788831765299782,0.003));
#17586=CARTESIAN_POINT('',(0.186792531470697,-0.0788831765299782,0.));
#17587=CARTESIAN_POINT('',(0.186792531470697,-0.0788831765299782,0.));
#17588=CARTESIAN_POINT('',(0.136282648720465,-0.03422074527578,0.));
#17589=CARTESIAN_POINT('',(0.07775,0.0175356686626747,0.));
#17590=CARTESIAN_POINT('',(0.07775,0.0175356686626747,0.003));
#17591=CARTESIAN_POINT('',(0.07775,0.0202028343313373,0.003));
#17592=CARTESIAN_POINT('',(0.07775,0.0202028343313373,0.));
#17593=CARTESIAN_POINT('',(0.07775,0.02287,0.));
#17594=CARTESIAN_POINT('',(0.07775,0.02287,0.003));
#17595=CARTESIAN_POINT('',(0.07775,0.02287,0.003));
#17596=CARTESIAN_POINT('',(0.07775,0.0202028343313373,0.003));
#17597=CARTESIAN_POINT('',(0.07275,0.02287,0.003));
#17598=CARTESIAN_POINT('',(0.07275,0.02287,0.));
#17599=CARTESIAN_POINT('',(0.07275,0.02787,0.));
#17600=CARTESIAN_POINT('',(0.07275,0.02787,0.003));
#17601=CARTESIAN_POINT('',(0.07275,0.02787,0.003));
#17602=CARTESIAN_POINT('',(0.07275,0.02287,0.003));
#17603=CARTESIAN_POINT('',(0.07025,0.02787,0.003));
#17604=CARTESIAN_POINT('',(0.07025,0.02787,0.));
#17605=CARTESIAN_POINT('',(0.06775,0.02787,0.));
#17606=CARTESIAN_POINT('',(0.06775,0.02787,0.003));
#17607=CARTESIAN_POINT('',(0.06775,0.02787,0.003));
#17608=CARTESIAN_POINT('',(0.07025,0.02787,0.003));
#17609=CARTESIAN_POINT('',(0.06775,0.02287,0.003));
#17610=CARTESIAN_POINT('',(0.06775,0.02287,0.));
#17611=CARTESIAN_POINT('',(0.06275,0.02287,0.));
#17612=CARTESIAN_POINT('',(0.06275,0.02287,0.003));
#17613=CARTESIAN_POINT('',(0.06275,0.02287,0.003));
#17614=CARTESIAN_POINT('',(0.06775,0.02287,0.003));
#17615=CARTESIAN_POINT('',(0.06275,-0.01263,0.003));
#17616=CARTESIAN_POINT('',(0.06275,-0.01263,0.));
#17617=CARTESIAN_POINT('',(0.06275,-0.04813,0.));
#17618=CARTESIAN_POINT('',(0.06275,-0.04813,0.003));
#17619=CARTESIAN_POINT('',(0.06275,-0.04813,0.003));
#17620=CARTESIAN_POINT('',(0.06275,-0.01263,0.003));
#17621=CARTESIAN_POINT('',(0.05775,-0.04813,0.003));
#17622=CARTESIAN_POINT('',(0.05775,-0.04813,0.));
#17623=CARTESIAN_POINT('',(0.05775,-0.05313,0.));
#17624=CARTESIAN_POINT('',(0.05775,-0.05313,0.003));
#17625=CARTESIAN_POINT('',(0.05775,-0.05313,0.003));
#17626=CARTESIAN_POINT('',(0.05775,-0.04813,0.003));
#17627=CARTESIAN_POINT('',(-3.46944695195361E-18,-0.05313,0.003));
#17628=CARTESIAN_POINT('',(-3.46944695195361E-18,-0.05313,0.));
#17629=CARTESIAN_POINT('',(-0.05775,-0.05313,0.));
#17630=CARTESIAN_POINT('',(-0.05775,-0.05313,0.003));
#17631=CARTESIAN_POINT('',(-0.05775,-0.05313,0.003));
#17632=CARTESIAN_POINT('',(-3.46944695195361E-18,-0.05313,0.003));
#17633=CARTESIAN_POINT('',(-0.05775,-0.04813,0.003));
#17634=CARTESIAN_POINT('',(-0.05775,-0.04813,0.));
#17635=CARTESIAN_POINT('',(-0.06275,-0.04813,0.));
#17636=CARTESIAN_POINT('',(-0.06275,-0.04813,0.003));
#17637=CARTESIAN_POINT('',(-0.06275,-0.04813,0.003));
#17638=CARTESIAN_POINT('',(-0.05775,-0.04813,0.003));
#17639=CARTESIAN_POINT('',(-0.06275,-0.01263,0.003));
#17640=CARTESIAN_POINT('',(-0.06275,-0.01263,0.));
#17641=CARTESIAN_POINT('',(-0.06275,0.02287,0.));
#17642=CARTESIAN_POINT('',(-0.06275,0.02287,0.003));
#17643=CARTESIAN_POINT('',(-0.06275,0.02287,0.003));
#17644=CARTESIAN_POINT('',(-0.06275,-0.01263,0.003));
#17645=CARTESIAN_POINT('',(-0.06775,0.02287,0.003));
#17646=CARTESIAN_POINT('',(-0.06775,0.02287,0.));
#17647=CARTESIAN_POINT('',(-0.06775,0.02787,0.));
#17648=CARTESIAN_POINT('',(-0.06775,0.02787,0.003));
#17649=CARTESIAN_POINT('',(-0.06775,0.02787,0.003));
#17650=CARTESIAN_POINT('',(-0.06775,0.02287,0.003));
#17651=CARTESIAN_POINT('',(-0.07025,0.02787,0.003));
#17652=CARTESIAN_POINT('',(-0.07025,0.02787,0.));
#17653=CARTESIAN_POINT('',(-0.07275,0.02787,0.));
#17654=CARTESIAN_POINT('',(-0.07275,0.02787,0.003));
#17655=CARTESIAN_POINT('',(-0.07275,0.02787,0.003));
#17656=CARTESIAN_POINT('',(-0.07025,0.02787,0.003));
#17657=CARTESIAN_POINT('',(-0.07275,0.02287,0.003));
#17658=CARTESIAN_POINT('',(-0.07275,0.02287,0.));
#17659=CARTESIAN_POINT('',(-0.07775,0.02287,0.));
#17660=CARTESIAN_POINT('',(-0.07775,0.02287,0.003));
#17661=CARTESIAN_POINT('',(-0.07775,0.02287,0.003));
#17662=CARTESIAN_POINT('',(-0.07275,0.02287,0.003));
#17663=CARTESIAN_POINT('',(-0.07775,0.0202028343313373,0.003));
#17664=CARTESIAN_POINT('',(-0.07775,0.0202028343313373,0.));
#17665=CARTESIAN_POINT('',(-0.07775,0.0175356686626746,0.));
#17666=CARTESIAN_POINT('',(-0.07775,0.0175356686626746,0.003));
#17667=CARTESIAN_POINT('',(-0.07775,0.0175356686626746,0.003));
#17668=CARTESIAN_POINT('',(-0.07775,0.0202028343313373,0.003));
#17669=CARTESIAN_POINT('',(-0.136282648720465,-0.03422074527578,0.003));
#17670=CARTESIAN_POINT('',(-0.136282648720465,-0.03422074527578,0.));
#17671=CARTESIAN_POINT('',(-0.186792531470697,-0.0788831765299782,0.));
#17672=CARTESIAN_POINT('',(-0.186792531470697,-0.0788831765299782,0.003));
#17673=CARTESIAN_POINT('',(-0.186792531470697,-0.0788831765299782,0.003));
#17674=CARTESIAN_POINT('',(-0.136282648720465,-0.03422074527578,0.003));
#17675=CARTESIAN_POINT('',(-0.19725,-0.09888,0.003));
#17676=CARTESIAN_POINT('',(-0.19725,-0.09888,0.003));
#17677=CARTESIAN_POINT('',(-0.19725,-0.102089312029147,0.003));
#17678=CARTESIAN_POINT('',(-0.19725,-0.10638,0.003));
#17679=CARTESIAN_POINT('',(-0.19725,-0.102089312029147,0.));
#17680=CARTESIAN_POINT('',(-0.19725,-0.102089312029147,0.));
#17681=CARTESIAN_POINT('',(-0.19725,-0.09888,0.));
#17682=CARTESIAN_POINT('',(-0.19725,-0.10638,0.));
#17683=CARTESIAN_POINT('',(-0.19725,-0.10638,0.003));
#17684=CARTESIAN_POINT('',(-0.19225,-0.10638,0.003));
#17685=CARTESIAN_POINT('',(-0.19225,-0.10638,0.));
#17686=CARTESIAN_POINT('',(-0.19225,-0.11138,0.));
#17687=CARTESIAN_POINT('',(-0.19225,-0.11138,0.003));
#17688=CARTESIAN_POINT('',(-0.19225,-0.11138,0.003));
#17689=CARTESIAN_POINT('',(-0.19225,-0.10638,0.003));
#17690=CARTESIAN_POINT('',(0.,-0.11138,0.003));
#17691=CARTESIAN_POINT('',(0.,-0.11138,0.));
#17692=CARTESIAN_POINT('',(0.19225,-0.11138,0.));
#17693=CARTESIAN_POINT('',(0.19225,-0.11138,0.003));
#17694=CARTESIAN_POINT('',(0.19225,-0.11138,0.003));
#17695=CARTESIAN_POINT('',(0.,-0.11138,0.003));
#17696=CARTESIAN_POINT('',(0.072,-0.02262,0.003));
#17697=CARTESIAN_POINT('',(0.072,-0.02262,0.003));
#17698=CARTESIAN_POINT('',(0.07525,-0.02262,0.003));
#17699=CARTESIAN_POINT('',(0.072,-0.02262,0.));
#17700=CARTESIAN_POINT('',(0.07525,-0.02262,0.));
#17701=CARTESIAN_POINT('',(-0.072,-0.02262,0.003));
#17702=CARTESIAN_POINT('',(-0.072,-0.02262,0.003));
#17703=CARTESIAN_POINT('',(-0.06875,-0.02262,0.003));
#17704=CARTESIAN_POINT('',(-0.072,-0.02262,0.));
#17705=CARTESIAN_POINT('',(-0.06875,-0.02262,0.));
#17706=CARTESIAN_POINT('',(0.036975,-0.05705,0.003));
#17707=CARTESIAN_POINT('',(0.036975,-0.05705,0.003));
#17708=CARTESIAN_POINT('',(0.040225,-0.05705,0.003));
#17709=CARTESIAN_POINT('',(0.036975,-0.05705,0.));
#17710=CARTESIAN_POINT('',(0.040225,-0.05705,0.));
#17711=CARTESIAN_POINT('',(0.072,0.02262,0.003));
#17712=CARTESIAN_POINT('',(0.072,0.02262,0.003));
#17713=CARTESIAN_POINT('',(0.07525,0.02262,0.003));
#17714=CARTESIAN_POINT('',(0.072,0.02262,0.));
#17715=CARTESIAN_POINT('',(0.07525,0.02262,0.));
#17716=CARTESIAN_POINT('',(-0.072,0.02262,0.003));
#17717=CARTESIAN_POINT('',(-0.072,0.02262,0.003));
#17718=CARTESIAN_POINT('',(-0.06875,0.02262,0.003));
#17719=CARTESIAN_POINT('',(-0.072,0.02262,0.));
#17720=CARTESIAN_POINT('',(-0.06875,0.02262,0.));
#17721=CARTESIAN_POINT('',(0.1315,-0.08813,0.003));
#17722=CARTESIAN_POINT('',(0.1315,-0.08813,0.003));
#17723=CARTESIAN_POINT('',(0.13475,-0.08813,0.003));
#17724=CARTESIAN_POINT('',(0.1315,-0.08813,0.));
#17725=CARTESIAN_POINT('',(0.13475,-0.08813,0.));
#17726=CARTESIAN_POINT('',(0.19225,-0.10638,0.003));
#17727=CARTESIAN_POINT('',(0.19225,-0.10638,0.));
#17728=CARTESIAN_POINT('',(0.19225,-0.10638,0.003));
#17729=CARTESIAN_POINT('',(0.06575,-0.08813,0.003));
#17730=CARTESIAN_POINT('',(0.06575,-0.08813,0.003));
#17731=CARTESIAN_POINT('',(0.069,-0.08813,0.003));
#17732=CARTESIAN_POINT('',(0.06575,-0.08813,0.));
#17733=CARTESIAN_POINT('',(0.069,-0.08813,0.));
#17734=CARTESIAN_POINT('',(-0.1315,-0.08813,0.003));
#17735=CARTESIAN_POINT('',(-0.1315,-0.08813,0.003));
#17736=CARTESIAN_POINT('',(-0.12825,-0.08813,0.003));
#17737=CARTESIAN_POINT('',(-0.1315,-0.08813,0.));
#17738=CARTESIAN_POINT('',(-0.12825,-0.08813,0.));
#17739=CARTESIAN_POINT('',(-0.06575,-0.08813,0.003));
#17740=CARTESIAN_POINT('',(-0.06575,-0.08813,0.003));
#17741=CARTESIAN_POINT('',(-0.0625,-0.08813,0.003));
#17742=CARTESIAN_POINT('',(-0.06575,-0.08813,0.));
#17743=CARTESIAN_POINT('',(-0.0625,-0.08813,0.));
#17744=CARTESIAN_POINT('',(2.16840434497101E-18,-0.08813,0.003));
#17745=CARTESIAN_POINT('',(2.16840434497101E-18,-0.08813,0.003));
#17746=CARTESIAN_POINT('',(0.00325,-0.08813,0.003));
#17747=CARTESIAN_POINT('',(2.16840434497101E-18,-0.08813,0.));
#17748=CARTESIAN_POINT('',(0.00325,-0.08813,0.));
#17749=CARTESIAN_POINT('',(-0.036975,-0.05705,0.003));
#17750=CARTESIAN_POINT('',(-0.036975,-0.05705,0.003));
#17751=CARTESIAN_POINT('',(-0.033725,-0.05705,0.003));
#17752=CARTESIAN_POINT('',(-0.036975,-0.05705,0.));
#17753=CARTESIAN_POINT('',(-0.033725,-0.05705,0.));
#17754=CARTESIAN_POINT('',(0.,-0.041755,0.003));
#17755=CARTESIAN_POINT('',(0.166272934612151,-0.102089312029147,0.003));
#17756=CARTESIAN_POINT('',(-0.166272934612151,-0.102089312029147,0.003));
#17757=CARTESIAN_POINT('',(0.,-0.041755,0.));
#17758=CARTESIAN_POINT('',(0.166272934612151,-0.102089312029147,0.));
#17759=CARTESIAN_POINT('',(-0.166272934612151,-0.102089312029147,0.));
#17760=CARTESIAN_POINT('',(0.166272934612151,-0.102089312029147,0.003));
#17761=CARTESIAN_POINT('',(-0.166272934612151,-0.102089312029147,0.003));
#17762=CARTESIAN_POINT('',(0.514512345981598,0.760420262813568,0.849012927092231));
#17763=CARTESIAN_POINT('',(-1.08851790657043,0.760837852954864,0.849493215184167));
#17764=CARTESIAN_POINT('',(-1.06796622175737,0.861784031778068,0.957622690065414));
#17765=CARTESIAN_POINT('',(0.095262,-0.015005,0.0047625));
#17766=CARTESIAN_POINT('',(0.092087,-0.015005,0.0047625));
#17767=CARTESIAN_POINT('',(0.092087,-0.015005,0.002875));
#17768=CARTESIAN_POINT('',(0.092087,-0.015005,0.00635));
#17769=CARTESIAN_POINT('',(0.095262,-0.015005,0.00635));
#17770=CARTESIAN_POINT('',(0.095262,-0.015005,0.00635));
#17771=CARTESIAN_POINT('',(0.095262,-0.015005,0.0047625));
#17772=CARTESIAN_POINT('',(0.095262,-0.015005,0.002875));
#17773=CARTESIAN_POINT('',(0.095262,-0.015005,0.002875));
#17774=CARTESIAN_POINT('',(0.095262,-0.0171875,0.00635));
#17775=CARTESIAN_POINT('',(0.092087,-0.0171875,0.00635));
#17776=CARTESIAN_POINT('',(0.092087,-0.023005,0.00635));
#17777=CARTESIAN_POINT('',(0.095262,-0.023005,0.00635));
#17778=CARTESIAN_POINT('',(0.095262,-0.023005,0.00635));
#17779=CARTESIAN_POINT('',(0.095262,-0.0171875,0.00635));
#17780=CARTESIAN_POINT('',(0.095262,-0.023005,0.0047625));
#17781=CARTESIAN_POINT('',(0.092087,-0.023005,0.0047625));
#17782=CARTESIAN_POINT('',(0.092087,-0.023005,0.002875));
#17783=CARTESIAN_POINT('',(0.095262,-0.023005,0.002875));
#17784=CARTESIAN_POINT('',(0.095262,-0.023005,0.002875));
#17785=CARTESIAN_POINT('',(0.095262,-0.023005,0.0047625));
#17786=CARTESIAN_POINT('',(0.095262,-0.031505,0.002875));
#17787=CARTESIAN_POINT('',(0.092087,-0.031505,0.002875));
#17788=CARTESIAN_POINT('',(0.092087,-0.040005,0.002875));
#17789=CARTESIAN_POINT('',(0.095262,-0.040005,0.002875));
#17790=CARTESIAN_POINT('',(0.095262,-0.040005,0.002875));
#17791=CARTESIAN_POINT('',(0.095262,-0.031505,0.002875));
#17792=CARTESIAN_POINT('',(0.095262,-0.040005,0.003025));
#17793=CARTESIAN_POINT('',(0.092087,-0.040005,0.003025));
#17794=CARTESIAN_POINT('',(0.092087,-0.040005,0.00635));
#17795=CARTESIAN_POINT('',(0.095262,-0.040005,0.00635));
#17796=CARTESIAN_POINT('',(0.095262,-0.040005,0.00635));
#17797=CARTESIAN_POINT('',(0.095262,-0.040005,0.003025));
#17798=CARTESIAN_POINT('',(0.095262,-0.044005,0.00635));
#17799=CARTESIAN_POINT('',(0.092087,-0.044005,0.00635));
#17800=CARTESIAN_POINT('',(0.092087,-0.048005,0.00635));
#17801=CARTESIAN_POINT('',(0.095262,-0.048005,0.00635));
#17802=CARTESIAN_POINT('',(0.095262,-0.048005,0.00635));
#17803=CARTESIAN_POINT('',(0.095262,-0.044005,0.00635));
#17804=CARTESIAN_POINT('',(0.095262,-0.048005,0.0047625));
#17805=CARTESIAN_POINT('',(0.092087,-0.048005,0.0047625));
#17806=CARTESIAN_POINT('',(0.092087,-0.048005,0.002875));
#17807=CARTESIAN_POINT('',(0.095262,-0.048005,0.002875));
#17808=CARTESIAN_POINT('',(0.095262,-0.048005,0.002875));
#17809=CARTESIAN_POINT('',(0.095262,-0.048005,0.0047625));
#17810=CARTESIAN_POINT('',(0.095262,-0.056505,0.002875));
#17811=CARTESIAN_POINT('',(0.092087,-0.056505,0.002875));
#17812=CARTESIAN_POINT('',(0.092087,-0.065005,0.002875));
#17813=CARTESIAN_POINT('',(0.095262,-0.065005,0.002875));
#17814=CARTESIAN_POINT('',(0.095262,-0.065005,0.002875));
#17815=CARTESIAN_POINT('',(0.095262,-0.056505,0.002875));
#17816=CARTESIAN_POINT('',(0.095262,-0.065005,0.003025));
#17817=CARTESIAN_POINT('',(0.092087,-0.065005,0.003025));
#17818=CARTESIAN_POINT('',(0.092087,-0.065005,0.00635));
#17819=CARTESIAN_POINT('',(0.095262,-0.065005,0.00635));
#17820=CARTESIAN_POINT('',(0.095262,-0.065005,0.00635));
#17821=CARTESIAN_POINT('',(0.095262,-0.065005,0.003025));
#17822=CARTESIAN_POINT('',(0.095262,-0.069005,0.00635));
#17823=CARTESIAN_POINT('',(0.092087,-0.069005,0.00635));
#17824=CARTESIAN_POINT('',(0.092087,-0.073005,0.00635));
#17825=CARTESIAN_POINT('',(0.095262,-0.073005,0.00635));
#17826=CARTESIAN_POINT('',(0.095262,-0.073005,0.00635));
#17827=CARTESIAN_POINT('',(0.095262,-0.069005,0.00635));
#17828=CARTESIAN_POINT('',(0.095262,-0.073005,0.0047625));
#17829=CARTESIAN_POINT('',(0.092087,-0.073005,0.0047625));
#17830=CARTESIAN_POINT('',(0.092087,-0.073005,0.002875));
#17831=CARTESIAN_POINT('',(0.095262,-0.073005,0.002875));
#17832=CARTESIAN_POINT('',(0.095262,-0.073005,0.002875));
#17833=CARTESIAN_POINT('',(0.095262,-0.073005,0.0047625));
#17834=CARTESIAN_POINT('',(0.095262,-0.079155,0.002875));
#17835=CARTESIAN_POINT('',(0.092087,-0.079155,0.002875));
#17836=CARTESIAN_POINT('',(0.092087,-0.085305,0.002875));
#17837=CARTESIAN_POINT('',(0.095262,-0.085305,0.002875));
#17838=CARTESIAN_POINT('',(0.095262,-0.085305,0.002875));
#17839=CARTESIAN_POINT('',(0.095262,-0.079155,0.002875));
#17840=CARTESIAN_POINT('',(0.095262,-0.085305,2.5E-5));
#17841=CARTESIAN_POINT('',(0.092087,-0.085305,2.5E-5));
#17842=CARTESIAN_POINT('',(0.092087,-0.085305,-0.002825));
#17843=CARTESIAN_POINT('',(0.095262,-0.085305,-0.002825));
#17844=CARTESIAN_POINT('',(0.095262,-0.085305,-0.002825));
#17845=CARTESIAN_POINT('',(0.095262,-0.085305,2.5E-5));
#17846=CARTESIAN_POINT('',(0.095262,-0.088155,-0.002825));
#17847=CARTESIAN_POINT('',(0.092087,-0.088155,-0.002825));
#17848=CARTESIAN_POINT('',(0.092087,-0.091005,-0.002825));
#17849=CARTESIAN_POINT('',(0.095262,-0.091005,-0.002825));
#17850=CARTESIAN_POINT('',(0.095262,-0.091005,-0.002825));
#17851=CARTESIAN_POINT('',(0.095262,-0.088155,-0.002825));
#17852=CARTESIAN_POINT('',(0.095262,-0.091005,-0.0213451537203253));
#17853=CARTESIAN_POINT('',(0.092087,-0.091005,-0.0213451537203253));
#17854=CARTESIAN_POINT('',(0.092087,-0.091005,-0.0398653074406506));
#17855=CARTESIAN_POINT('',(0.095262,-0.091005,-0.0398653074406506));
#17856=CARTESIAN_POINT('',(0.095262,-0.091005,-0.0398653074406506));
#17857=CARTESIAN_POINT('',(0.095262,-0.091005,-0.0213451537203253));
#17858=CARTESIAN_POINT('',(0.095262,-0.0434073736198709,-0.0184951537203253));
#17859=CARTESIAN_POINT('',(0.092087,-0.0434073736198709,-0.0184951537203253));
#17860=CARTESIAN_POINT('',(0.092087,0.0041902527602582,0.002875));
#17861=CARTESIAN_POINT('',(0.095262,0.0041902527602582,0.002875));
#17862=CARTESIAN_POINT('',(0.095262,0.0041902527602582,0.002875));
#17863=CARTESIAN_POINT('',(0.095262,-0.0434073736198709,-0.0184951537203253));
#17864=CARTESIAN_POINT('',(0.095262,-0.00540737361987087,0.002875));
#17865=CARTESIAN_POINT('',(0.092087,-0.00540737361987087,0.002875));
#17866=CARTESIAN_POINT('',(0.095262,-0.00540737361987087,0.002875));
#17867=CARTESIAN_POINT('',(0.095262,-0.0448107794411178,-0.016825));
#17868=CARTESIAN_POINT('',(0.092087,-0.0448107794411178,-0.016825));
#17869=CARTESIAN_POINT('',(0.510785424470002,0.725351399424053,0.824081751298113));
#17870=CARTESIAN_POINT('',(0.510672572926047,0.905275841774918,0.824135932569905));
#17871=CARTESIAN_POINT('',(0.510637591853748,0.72160292029307,0.823821368045807));
#17872=CARTESIAN_POINT('',(0.,0.,0.));
#17873=CARTESIAN_POINT('',(0.511709930157662,0.17346185991764,0.93775645365715));
#17874=CARTESIAN_POINT('',(-1.06783032893827,0.249452824341079,0.91765036604649));
#17875=CARTESIAN_POINT('',(0.490655180227817,0.249824216710349,0.914274089255932));
#17876=CARTESIAN_POINT('',(-1.0874711006482,0.721425645053387,0.823463780430779));
#17877=CARTESIAN_POINT('',(-1.08761893326446,0.717677165922403,0.823724163683085));
#17878=CARTESIAN_POINT('',(-1.0875060817205,0.537752723571539,0.823778344954877));
#17879=CARTESIAN_POINT('',(0.,0.,0.));
#17880=CARTESIAN_POINT('',(-0.288521751632691,0.193571517992019,0.937622754859925));
#17881=CARTESIAN_POINT('',(-1.06762928307502,0.24983104827737,0.96112480264292));
#17882=CARTESIAN_POINT('',(0.490811281417715,0.862227754550885,0.960877715150122));
#17883=MECHANICAL_DESIGN_GEOMETRIC_PRESENTATION_REPRESENTATION('',(#10593,
#10594,#10595,#10596,#10597,#10598),#17884);
#17884=(
GEOMETRIC_REPRESENTATION_CONTEXT(3)
GLOBAL_UNCERTAINTY_ASSIGNED_CONTEXT((#17893))
GLOBAL_UNIT_ASSIGNED_CONTEXT((#17904,#17903,#17902))
REPRESENTATION_CONTEXT('Assembly 1','TOP_LEVEL_ASSEMBLY_PART')
);
#17885=(
GEOMETRIC_REPRESENTATION_CONTEXT(3)
GLOBAL_UNCERTAINTY_ASSIGNED_CONTEXT((#17894))
GLOBAL_UNIT_ASSIGNED_CONTEXT((#17904,#17903,#17902))
REPRESENTATION_CONTEXT('Part 1','COMPONENT_PART')
);
#17886=(
GEOMETRIC_REPRESENTATION_CONTEXT(3)
GLOBAL_UNCERTAINTY_ASSIGNED_CONTEXT((#17895))
GLOBAL_UNIT_ASSIGNED_CONTEXT((#17904,#17903,#17902))
REPRESENTATION_CONTEXT('Part 1','COMPONENT_PART')
);
#17887=(
GEOMETRIC_REPRESENTATION_CONTEXT(3)
GLOBAL_UNCERTAINTY_ASSIGNED_CONTEXT((#17896))
GLOBAL_UNIT_ASSIGNED_CONTEXT((#17904,#17903,#17902))
REPRESENTATION_CONTEXT('Part 1','COMPONENT_PART')
);
#17888=(
GEOMETRIC_REPRESENTATION_CONTEXT(3)
GLOBAL_UNCERTAINTY_ASSIGNED_CONTEXT((#17897))
GLOBAL_UNIT_ASSIGNED_CONTEXT((#17904,#17903,#17902))
REPRESENTATION_CONTEXT('Part 1','COMPONENT_PART')
);
#17889=(
GEOMETRIC_REPRESENTATION_CONTEXT(3)
GLOBAL_UNCERTAINTY_ASSIGNED_CONTEXT((#17898))
GLOBAL_UNIT_ASSIGNED_CONTEXT((#17904,#17903,#17902))
REPRESENTATION_CONTEXT('Part 1','COMPONENT_PART')
);
#17890=(
GEOMETRIC_REPRESENTATION_CONTEXT(3)
GLOBAL_UNCERTAINTY_ASSIGNED_CONTEXT((#17899))
GLOBAL_UNIT_ASSIGNED_CONTEXT((#17904,#17903,#17902))
REPRESENTATION_CONTEXT('Assembly 2 <1>','COMPONENT_PART')
);
#17891=(
GEOMETRIC_REPRESENTATION_CONTEXT(3)
GLOBAL_UNCERTAINTY_ASSIGNED_CONTEXT((#17900))
GLOBAL_UNIT_ASSIGNED_CONTEXT((#17904,#17903,#17902))
REPRESENTATION_CONTEXT('Part 2','COMPONENT_PART')
);
#17892=(
GEOMETRIC_REPRESENTATION_CONTEXT(3)
GLOBAL_UNCERTAINTY_ASSIGNED_CONTEXT((#17901))
GLOBAL_UNIT_ASSIGNED_CONTEXT((#17904,#17903,#17902))
REPRESENTATION_CONTEXT('Assembly 2 <2>','COMPONENT_PART')
);
#17893=UNCERTAINTY_MEASURE_WITH_UNIT(LENGTH_MEASURE(1.E-8),#17904,
'DISTANCE_ACCURACY_VALUE','Maximum Tolerance applied to model');
#17894=UNCERTAINTY_MEASURE_WITH_UNIT(LENGTH_MEASURE(1.E-8),#17904,
'DISTANCE_ACCURACY_VALUE','Maximum Tolerance applied to model');
#17895=UNCERTAINTY_MEASURE_WITH_UNIT(LENGTH_MEASURE(1.E-8),#17904,
'DISTANCE_ACCURACY_VALUE','Maximum Tolerance applied to model');
#17896=UNCERTAINTY_MEASURE_WITH_UNIT(LENGTH_MEASURE(1.E-8),#17904,
'DISTANCE_ACCURACY_VALUE','Maximum Tolerance applied to model');
#17897=UNCERTAINTY_MEASURE_WITH_UNIT(LENGTH_MEASURE(1.E-8),#17904,
'DISTANCE_ACCURACY_VALUE','Maximum Tolerance applied to model');
#17898=UNCERTAINTY_MEASURE_WITH_UNIT(LENGTH_MEASURE(1.E-8),#17904,
'DISTANCE_ACCURACY_VALUE','Maximum Tolerance applied to model');
#17899=UNCERTAINTY_MEASURE_WITH_UNIT(LENGTH_MEASURE(1.E-8),#17904,
'DISTANCE_ACCURACY_VALUE','Maximum Tolerance applied to model');
#17900=UNCERTAINTY_MEASURE_WITH_UNIT(LENGTH_MEASURE(1.E-8),#17904,
'DISTANCE_ACCURACY_VALUE','Maximum Tolerance applied to model');
#17901=UNCERTAINTY_MEASURE_WITH_UNIT(LENGTH_MEASURE(1.E-8),#17904,
'DISTANCE_ACCURACY_VALUE','Maximum Tolerance applied to model');
#17902=(
NAMED_UNIT(*)
SI_UNIT($,.STERADIAN.)
SOLID_ANGLE_UNIT()
);
#17903=(
NAMED_UNIT(*)
PLANE_ANGLE_UNIT()
SI_UNIT($,.RADIAN.)
);
#17904=(
LENGTH_UNIT()
NAMED_UNIT(*)
SI_UNIT($,.METRE.)
);
#17905=PRODUCT_DEFINITION_SHAPE('','',#17937);
#17906=PRODUCT_DEFINITION_SHAPE('','',#17938);
#17907=PRODUCT_DEFINITION_SHAPE(' ','NAUO PRDDFN',#33);
#17908=PRODUCT_DEFINITION_SHAPE('','',#17939);
#17909=PRODUCT_DEFINITION_SHAPE(' ','NAUO PRDDFN',#34);
#17910=PRODUCT_DEFINITION_SHAPE('','',#17940);
#17911=PRODUCT_DEFINITION_SHAPE(' ','NAUO PRDDFN',#35);
#17912=PRODUCT_DEFINITION_SHAPE(' ','NAUO PRDDFN',#36);
#17913=PRODUCT_DEFINITION_SHAPE('','',#17941);
#17914=PRODUCT_DEFINITION_SHAPE(' ','NAUO PRDDFN',#37);
#17915=PRODUCT_DEFINITION_SHAPE(' ','NAUO PRDDFN',#38);
#17916=PRODUCT_DEFINITION_SHAPE('','',#17942);
#17917=PRODUCT_DEFINITION_SHAPE(' ','NAUO PRDDFN',#39);
#17918=PRODUCT_DEFINITION_SHAPE(' ','NAUO PRDDFN',#40);
#17919=PRODUCT_DEFINITION_SHAPE(' ','NAUO PRDDFN',#41);
#17920=PRODUCT_DEFINITION_SHAPE('','',#17943);
#17921=PRODUCT_DEFINITION_SHAPE('','',#17944);
#17922=PRODUCT_DEFINITION_SHAPE(' ','NAUO PRDDFN',#42);
#17923=PRODUCT_DEFINITION_SHAPE(' ','NAUO PRDDFN',#43);
#17924=PRODUCT_DEFINITION_SHAPE(' ','NAUO PRDDFN',#44);
#17925=PRODUCT_DEFINITION_SHAPE(' ','NAUO PRDDFN',#45);
#17926=PRODUCT_DEFINITION_SHAPE(' ','NAUO PRDDFN',#46);
#17927=PRODUCT_DEFINITION_SHAPE(' ','NAUO PRDDFN',#47);
#17928=PRODUCT_DEFINITION_SHAPE(' ','NAUO PRDDFN',#48);
#17929=PRODUCT_DEFINITION_SHAPE('','',#17945);
#17930=PRODUCT_DEFINITION_SHAPE(' ','NAUO PRDDFN',#49);
#17931=PRODUCT_DEFINITION_SHAPE(' ','NAUO PRDDFN',#50);
#17932=PRODUCT_DEFINITION_SHAPE(' ','NAUO PRDDFN',#51);
#17933=PRODUCT_DEFINITION_SHAPE(' ','NAUO PRDDFN',#52);
#17934=PRODUCT_DEFINITION_SHAPE(' ','NAUO PRDDFN',#53);
#17935=PRODUCT_DEFINITION_SHAPE(' ','NAUO PRDDFN',#54);
#17936=PRODUCT_DEFINITION_SHAPE(' ','NAUO PRDDFN',#55);
#17937=PRODUCT_DEFINITION('','',#17955,#17946);
#17938=PRODUCT_DEFINITION('','',#17956,#17947);
#17939=PRODUCT_DEFINITION('','',#17957,#17948);
#17940=PRODUCT_DEFINITION('','',#17958,#17949);
#17941=PRODUCT_DEFINITION('','',#17959,#17950);
#17942=PRODUCT_DEFINITION('','',#17960,#17951);
#17943=PRODUCT_DEFINITION('','',#17961,#17952);
#17944=PRODUCT_DEFINITION('','',#17962,#17953);
#17945=PRODUCT_DEFINITION('','',#17963,#17954);
#17946=PRODUCT_DEFINITION_CONTEXT('',#18001,'design');
#17947=PRODUCT_DEFINITION_CONTEXT('',#18001,'design');
#17948=PRODUCT_DEFINITION_CONTEXT('',#18001,'design');
#17949=PRODUCT_DEFINITION_CONTEXT('',#18001,'design');
#17950=PRODUCT_DEFINITION_CONTEXT('',#18001,'design');
#17951=PRODUCT_DEFINITION_CONTEXT('',#18001,'design');
#17952=PRODUCT_DEFINITION_CONTEXT('',#18001,'design');
#17953=PRODUCT_DEFINITION_CONTEXT('',#18001,'design');
#17954=PRODUCT_DEFINITION_CONTEXT('',#18001,'design');
#17955=PRODUCT_DEFINITION_FORMATION_WITH_SPECIFIED_SOURCE('','',#17973,
 .NOT_KNOWN.);
#17956=PRODUCT_DEFINITION_FORMATION_WITH_SPECIFIED_SOURCE('','',#17974,
 .NOT_KNOWN.);
#17957=PRODUCT_DEFINITION_FORMATION_WITH_SPECIFIED_SOURCE('','',#17975,
 .NOT_KNOWN.);
#17958=PRODUCT_DEFINITION_FORMATION_WITH_SPECIFIED_SOURCE('','',#17976,
 .NOT_KNOWN.);
#17959=PRODUCT_DEFINITION_FORMATION_WITH_SPECIFIED_SOURCE('','',#17977,
 .NOT_KNOWN.);
#17960=PRODUCT_DEFINITION_FORMATION_WITH_SPECIFIED_SOURCE('','',#17978,
 .NOT_KNOWN.);
#17961=PRODUCT_DEFINITION_FORMATION_WITH_SPECIFIED_SOURCE('','',#17979,
 .NOT_KNOWN.);
#17962=PRODUCT_DEFINITION_FORMATION_WITH_SPECIFIED_SOURCE('','',#17980,
 .NOT_KNOWN.);
#17963=PRODUCT_DEFINITION_FORMATION_WITH_SPECIFIED_SOURCE('','',#17981,
 .NOT_KNOWN.);
#17964=PRODUCT_RELATED_PRODUCT_CATEGORY('','',(#17973));
#17965=PRODUCT_RELATED_PRODUCT_CATEGORY('','',(#17974));
#17966=PRODUCT_RELATED_PRODUCT_CATEGORY('','',(#17975));
#17967=PRODUCT_RELATED_PRODUCT_CATEGORY('','',(#17976));
#17968=PRODUCT_RELATED_PRODUCT_CATEGORY('','',(#17977));
#17969=PRODUCT_RELATED_PRODUCT_CATEGORY('','',(#17978));
#17970=PRODUCT_RELATED_PRODUCT_CATEGORY('','',(#17979));
#17971=PRODUCT_RELATED_PRODUCT_CATEGORY('','',(#17980));
#17972=PRODUCT_RELATED_PRODUCT_CATEGORY('','',(#17981));
#17973=PRODUCT('Assembly 1','Assembly 1','Assembly 1',(#17991));
#17974=PRODUCT('Part 1','Part 1','Part 1',(#17992));
#17975=PRODUCT('Part 1','Part 1','Part 1',(#17993));
#17976=PRODUCT('Part 1','Part 1','Part 1',(#17994));
#17977=PRODUCT('Part 1','Part 1','Part 1',(#17995));
#17978=PRODUCT('Part 1','Part 1','Part 1',(#17996));
#17979=PRODUCT('Assembly 2 <1>','Assembly 2 <1>','Assembly 2 <1>',(#17997));
#17980=PRODUCT('Part 2','Part 2','Part 2',(#17998));
#17981=PRODUCT('Assembly 2 <2>','Assembly 2 <2>','Assembly 2 <2>',(#17999));
#17982=PRODUCT_CATEGORY('','');
#17983=PRODUCT_CATEGORY('','');
#17984=PRODUCT_CATEGORY('','');
#17985=PRODUCT_CATEGORY('','');
#17986=PRODUCT_CATEGORY('','');
#17987=PRODUCT_CATEGORY('','');
#17988=PRODUCT_CATEGORY('','');
#17989=PRODUCT_CATEGORY('','');
#17990=PRODUCT_CATEGORY('','');
#17991=PRODUCT_CONTEXT('',#18001,'mechanical');
#17992=PRODUCT_CONTEXT('',#18001,'mechanical');
#17993=PRODUCT_CONTEXT('',#18001,'mechanical');
#17994=PRODUCT_CONTEXT('',#18001,'mechanical');
#17995=PRODUCT_CONTEXT('',#18001,'mechanical');
#17996=PRODUCT_CONTEXT('',#18001,'mechanical');
#17997=PRODUCT_CONTEXT('',#18001,'mechanical');
#17998=PRODUCT_CONTEXT('',#18001,'mechanical');
#17999=PRODUCT_CONTEXT('',#18001,'mechanical');
#18000=APPLICATION_PROTOCOL_DEFINITION('international standard',
'ap242_managed_model_based_3d_engineering',2020,#18001);
#18001=APPLICATION_CONTEXT('managed model based 3d engineering');
ENDSEC;
END-ISO-10303-21;
